-- 1. 회원 샘플
INSERT INTO users (id, password, name, gender, phone, ubirth, distinction) VALUES
('admin', '1234', '관리자', 'F', '010-0000-0000', '1980-05-15', '관리자'),
('johndoe91', 'abc1234!', '김철수', 'M', '010-1111-1111', '1985-03-22', '일반'),
('janesmith88', 'def456#$', '이영희', 'F', '010-2222-2222', '1990-07-11', '일반'),
('alicejohnson07', 'ghi789*(', '박민수', 'M', '010-3333-3333', '1992-11-30', '일반'),
('bobbrown23', 'jkl012&^', '최지혜', 'F', '010-4444-4444', '1988-02-09', '일반'),
('charliedavis10', 'mno345@!', '정수진', 'M', '010-5555-5555', '1995-06-18', '일반'),
('dianaevans15', 'pqr678#$', '장성호', 'F', '010-6666-6666', '1993-04-25', '일반'),
('edwardgarcia32', 'stu901(*', '조한별', 'M', '010-7777-7777', '1979-10-14', '일반'),
('fionaharris42', 'vwx234@!', '문서연', 'F', '010-8888-8888', '2001-12-01', '일반'),
('georgeclark55', 'yzA567#$', '오지훈', 'M', '010-9999-9999', '1984-08-17', '일반'),
('ianwalker76', 'efg123@!', '이준호', 'M', '010-1111-2222', '1997-09-20', '일반'),
('jacklee83', 'hij456#$', '박지연', 'F', '010-3333-4444', '1982-05-25', '일반'),
('karenallen91', 'klm789*(', '최민호', 'M', '010-5555-6666', '1990-01-15', '일반'),
('liamscott05', 'nop012&^', '정은지', 'F', '010-7777-8888', '1987-07-19', '일반'),
('miayoung12', 'qrs345@!', '장희재', 'M', '010-9999-0000', '2002-03-03', '일반'),
('noahking19', 'tuv678#$', '문서원', 'F', '010-1111-3333', '1994-11-22', '일반'),
('oliviawright23', 'wxy901(*', '조은비', 'F', '010-5645-5555', '1996-04-09', '일반'),
('paulturner34', 'zAB234@!', '김상혁', 'M', '010-4875-7777', '1989-02-14', '일반'),
('quinnadams45', 'cDE567#$', '이경희', 'F', '010-1203-9999', '2000-06-01', '일반'),
('ryanbaker56', 'fGH890*(', '박재민', 'M', '010-0450-1111', '1998-12-23', '일반'),
('sophiacarter67', 'iJK123@!', '최지훈', 'F', '010-2622-3333', '2004-08-17', '일반'),
('thomasmitchell78', 'lmn456#$', '정다연', 'M', '010-4444-5555', '1986-09-08', '일반'),
('umarobinson89', 'opq789*(', '장민정', 'F', '010-6666-7777', '1995-07-30', '일반'),
('victorparker90', 'rst012&^', '문석호', 'M', '010-8888-9999', '1981-10-26', '일반'),
('wendycollins01', 'uvw345@!', '조서현', 'F', '010-0000-2222', '2001-01-10', '일반'),
('xanderrivera12', 'xyz678#$', '이상우', 'M', '010-1111-4444', '1993-03-09', '일반'),
('yaraward23', 'ABC901(*', '박소희', 'F', '010-3333-6666', '1998-05-22', '일반'),
('zacharyross34', 'DEF234@!', '최진우', 'M', '010-5555-8888', '2001-07-15', '일반'),
('annabell45', 'GHI567#$', '김미영', 'F', '010-7777-0000', '1975-12-15', '일반'),
('briangray56', 'JKL890*(', '이도현', 'M', '010-8888-1111', '2010-11-20', '일반'),
('user001', 'abc1234!', '김철수', 'M', '010-1111-0001', '1985-03-22', '일반'),
('user002', 'abc1234!', '이영희', 'F', '010-1111-0002', '1990-05-15', '일반'),
('user003', 'abc1234!', '박민수', 'M', '010-1111-0003', '1988-08-30', '일반'),
('user004', 'abc1234!', '정수연', 'F', '010-1111-0004', '1992-12-12', '일반'),
('user005', 'abc1234!', '최영준', 'M', '010-1111-0005', '1980-07-23', '일반'),
('user006', 'abc1234!', '한지민', 'F', '010-1111-0006', '1993-02-14', '일반'),
('user007', 'abc1234!', '이재호', 'M', '010-1111-0007', '1986-11-30', '일반'),
('user008', 'abc1234!', '김미선', 'F', '010-1111-0008', '1991-09-01', '일반'),
('user009', 'abc1234!', '장서준', 'M', '010-1111-0009', '1984-06-18', '일반'),
('user010', 'abc1234!', '오민주', 'F', '010-1111-0010', '1995-03-10', '일반'),
('user011', 'abc1234!', '임성호', 'M', '010-1111-0011', '1983-12-25', '일반'),
('user012', 'abc1234!', '배수지', 'F', '010-1111-0012', '1992-04-22', '일반'),
('user013', 'abc1234!', '서준호', 'M', '010-1111-0013', '1987-05-19', '일반'),
('user014', 'abc1234!', '한예슬', 'F', '010-1111-0014', '1994-08-08', '일반'),
('user015', 'abc1234!', '조민재', 'M', '010-1111-0015', '1990-10-30', '일반'),
('user016', 'abc1234!', '최유리', 'F', '010-1111-0016', '1989-07-07', '일반'),
('user017', 'abc1234!', '홍길동', 'M', '010-1111-0017', '1982-01-01', '일반'),
('user018', 'abc1234!', '이하늘', 'F', '010-1111-0018', '1995-04-04', '일반'),
('user019', 'abc1234!', '권민재', 'M', '010-1111-0019', '1988-09-21', '일반'),
('user020', 'abc1234!', '윤지혜', 'F', '010-1111-0020', '1991-11-11', '일반'),
('user021', 'abc1234!', '신동욱', 'M', '010-1111-0021', '1984-02-14', '일반'),
('user022', 'abc1234!', '장하늘', 'F', '010-1111-0022', '1990-03-15', '일반'),
('user023', 'abc1234!', '민준수', 'M', '010-1111-0023', '1983-06-30', '일반'),
('user024', 'abc1234!', '여진희', 'F', '010-1111-0024', '1992-07-21', '일반'),
('user025', 'abc1234!', '허지호', 'M', '010-1111-0025', '1986-08-22', '일반'),
('user026', 'abc1234!', '성지연', 'F', '010-1111-0026', '1994-09-05', '일반'),
('user027', 'abc1234!', '곽세훈', 'M', '010-1111-0027', '1981-10-11', '일반'),
('user028', 'abc1234!', '이소연', 'F', '010-1111-0028', '1989-11-23', '일반'),
('user029', 'abc1234!', '진우진', 'M', '010-1111-0029', '1987-12-12', '일반'),
('user030', 'abc1234!', '오소미', 'F', '010-1111-0030', '1995-01-17', '일반'),
('user031', 'abc1234!', '원재욱', 'M', '010-1111-0031', '1985-02-18', '일반'),
('user032', 'abc1234!', '한나래', 'F', '010-1111-0032', '1993-03-19', '일반'),
('user033', 'abc1234!', '이정훈', 'M', '010-1111-0033', '1986-04-20', '일반'),
('user034', 'abc1234!', '김하윤', 'F', '010-1111-0034', '1990-05-21', '일반'),
('user035', 'abc1234!', '홍상욱', 'M', '010-1111-0035', '1984-06-22', '일반'),
('user036', 'abc1234!', '강소라', 'F', '010-1111-0036', '1992-07-23', '일반'),
('user037', 'abc1234!', '이대호', 'M', '010-1111-0037', '1983-08-24', '일반'),
('user038', 'abc1234!', '정하연', 'F', '010-1111-0038', '1989-09-25', '일반'),
('user039', 'abc1234!', '임지민', 'M', '010-1111-0039', '1991-10-26', '일반'),
('user040', 'abc1234!', '최선우', 'F', '010-1111-0040', '1987-11-27', '일반'),
('user041', 'abc1234!', '박종현', 'M', '010-1111-0041', '1995-12-28', '일반'),
('user042', 'abc1234!', '이채영', 'F', '010-1111-0042', '1992-01-29', '일반'),
('user043', 'abc1234!', '권기범', 'M', '010-1111-0043', '1988-02-30', '일반'),
('user044', 'abc1234!', '장서희', 'F', '010-1111-0044', '1986-03-31', '일반'),
('user045', 'abc1234!', '한상희', 'M', '010-1111-0045', '1984-04-01', '일반'),
('user046', 'abc1234!', '이은지', 'F', '010-1111-0046', '1983-05-02', '일반'),
('user047', 'abc1234!', '오상철', 'M', '010-1111-0047', '1995-06-03', '일반'),
('user048', 'abc1234!', '유미진', 'F', '010-1111-0048', '1990-07-04', '일반'),
('user049', 'abc1234!', '조성훈', 'M', '010-1111-0049', '1988-08-05', '일반'),
('user050', 'abc1234!', '김도희', 'F', '010-1111-0050', '1991-09-06', '일반'),
('user051', 'abc1234!', '이호준', 'M', '010-1111-0051', '1984-10-07', '일반'),
('user052', 'abc1234!', '서민정', 'F', '010-1111-0052', '1993-11-08', '일반'),
('user053', 'abc1234!', '정우진', 'M', '010-1111-0053', '1989-12-09', '일반'),
('user054', 'abc1234!', '한지영', 'F', '010-1111-0054', '1995-01-10', '일반'),
('user055', 'abc1234!', '홍승민', 'M', '010-1111-0055', '1981-02-11', '일반'),
('user056', 'abc1234!', '최유진', 'F', '010-1111-0056', '1992-03-12', '일반'),
('user057', 'abc1234!', '이재민', 'M', '010-1111-0057', '1987-04-13', '일반'),
('user058', 'abc1234!', '서영지', 'F', '010-1111-0058', '1994-05-14', '일반'),
('user059', 'abc1234!', '임승호', 'M', '010-1111-0059', '1986-06-15', '일반'),
('user060', 'abc1234!', '박수진', 'F', '010-1111-0060', '1990-07-16', '일반'),
('user061', 'abc1234!', '김정우', 'M', '010-1111-0061', '1983-08-17', '일반'),
('user062', 'abc1234!', '오세훈', 'F', '010-1111-0062', '1992-09-18', '일반'),
('user063', 'abc1234!', '하윤서', 'M', '010-1111-0063', '1988-10-19', '일반'),
('user064', 'abc1234!', '조민서', 'F', '010-1111-0064', '1995-11-20', '일반'),
('user065', 'abc1234!', '이상철', 'M', '010-1111-0065', '1984-12-21', '일반'),
('user066', 'abc1234!', '최유빈', 'F', '010-1111-0066', '1991-01-22', '일반'),
('user067', 'abc1234!', '서영훈', 'M', '010-1111-0067', '1985-02-23', '일반'),
('user068', 'abc1234!', '김선아', 'F', '010-1111-0068', '1993-03-24', '일반'),
('user069', 'abc1234!', '이재훈', 'M', '010-1111-0069', '1989-04-25', '일반'),
('user070', 'abc1234!', '한지수', 'F', '010-1111-0070', '1990-05-26', '일반'),
('user071', 'abc1234!', '김지훈', 'M', '010-1111-0071', '1987-06-27', '일반'),
('user072', 'abc1234!', '이수정', 'F', '010-1111-0072', '1995-07-28', '일반'),
('user073', 'abc1234!', '박준영', 'M', '010-1111-0073', '1986-08-29', '일반'),
('user074', 'abc1234!', '한상미', 'F', '010-1111-0074', '1992-09-30', '일반'),
('user075', 'abc1234!', '정대우', 'M', '010-1111-0075', '1984-10-31', '일반'),
('user076', 'abc1234!', '김희진', 'F', '010-1111-0076', '1989-11-01', '일반'),
('user077', 'abc1234!', '오세진', 'M', '010-1111-0077', '1990-12-02', '일반'),
('user078', 'abc1234!', '서주희', 'F', '010-1111-0078', '1991-01-03', '일반'),
('user079', 'abc1234!', '이규태', 'M', '010-1111-0079', '1985-02-04', '일반'),
('user080', 'abc1234!', '최지혜', 'F', '010-1111-0080', '1992-03-05', '일반'),
('user081', 'abc1234!', '홍민수', 'M', '010-1111-0081', '1986-04-06', '일반'),
('user082', 'abc1234!', '정소영', 'F', '010-1111-0082', '1989-05-07', '일반'),
('user083', 'abc1234!', '박상우', 'M', '010-1111-0083', '1994-06-08', '일반'),
('user084', 'abc1234!', '이민주', 'F', '010-1111-0084', '1993-07-09', '일반'),
('user085', 'abc1234!', '김상훈', 'M', '010-1111-0085', '1988-08-10', '일반'),
('user086', 'abc1234!', '한예리', 'F', '010-1111-0086', '1991-09-11', '일반'),
('user087', 'abc1234!', '정진호', 'M', '010-1111-0087', '1985-10-12', '일반'),
('user088', 'abc1234!', '서지은', 'F', '010-1111-0088', '1990-11-13', '일반'),
('user089', 'abc1234!', '임상원', 'M', '010-1111-0089', '1984-12-14', '일반'),
('user090', 'abc1234!', '김민영', 'F', '010-1111-0090', '1993-01-15', '일반'),
('user091', 'abc1234!', '오하나', 'M', '010-1111-0091', '1986-02-16', '일반'),
('user092', 'abc1234!', '최수빈', 'F', '010-1111-0092', '1991-03-17', '일반'),
('user093', 'abc1234!', '이태훈', 'M', '010-1111-0093', '1985-04-18', '일반'),
('user094', 'abc1234!', '한수정', 'F', '010-1111-0094', '1992-05-19', '일반'),
('user095', 'abc1234!', '정경민', 'M', '010-1111-0095', '1989-06-20', '일반'),
('user096', 'abc1234!', '서미정', 'F', '010-1111-0096', '1990-07-21', '일반'),
('user097', 'abc1234!', '임도윤', 'M', '010-1111-0097', '1986-08-22', '일반'),
('user098', 'abc1234!', '김정민', 'F', '010-1111-0098', '1993-09-23', '일반'),
('user099', 'abc1234!', '박정호', 'M', '010-1111-0099', '1984-10-24', '일반'),
('user100', 'abc1234!', '이상현', 'F', '010-1111-0100', '1995-11-25', '일반'),('user101', 'abc1234!', '김민수', 'M', '010-1111-0101', '1985-01-01', '일반'),
('user102', 'abc1234!', '이유진', 'F', '010-1111-0102', '1990-02-02', '일반'),
('user103', 'abc1234!', '박지현', 'M', '010-1111-0103', '1988-03-03', '일반'),
('user104', 'abc1234!', '최서연', 'F', '010-1111-0104', '1992-04-04', '일반'),
('user105', 'abc1234!', '정하늘', 'M', '010-1111-0105', '1980-05-05', '일반'),
('user106', 'abc1234!', '한지민', 'F', '010-1111-0106', '1993-06-06', '일반'),
('user107', 'abc1234!', '이재현', 'M', '010-1111-0107', '1986-07-07', '일반'),
('user108', 'abc1234!', '김민지', 'F', '010-1111-0108', '1991-08-08', '일반'),
('user109', 'abc1234!', '장민수', 'M', '010-1111-0109', '1984-09-09', '일반'),
('user110', 'abc1234!', '오유리', 'F', '010-1111-0110', '1995-10-10', '일반'),
('user111', 'abc1234!', '임성훈', 'M', '010-1111-0111', '1983-11-11', '일반'),
('user112', 'abc1234!', '배수연', 'F', '010-1111-0112', '1992-12-12', '일반'),
('user113', 'abc1234!', '서준호', 'M', '010-1111-0113', '1987-01-13', '일반'),
('user114', 'abc1234!', '한유진', 'F', '010-1111-0114', '1994-02-14', '일반'),
('user115', 'abc1234!', '조민재', 'M', '010-1111-0115', '1990-03-15', '일반'),
('user116', 'abc1234!', '최유리', 'F', '010-1111-0116', '1989-04-16', '일반'),
('user117', 'abc1234!', '홍길동', 'M', '010-1111-0117', '1982-05-17', '일반'),
('user118', 'abc1234!', '이하늘', 'F', '010-1111-0118', '1995-06-18', '일반'),
('user119', 'abc1234!', '권민재', 'M', '010-1111-0119', '1988-07-19', '일반'),
('user120', 'abc1234!', '윤지혜', 'F', '010-1111-0120', '1991-08-20', '일반'),
('user121', 'abc1234!', '신동욱', 'M', '010-1111-0121', '1984-09-21', '일반'),
('user122', 'abc1234!', '장하늘', 'F', '010-1111-0122', '1990-10-22', '일반'),
('user123', 'abc1234!', '민준수', 'M', '010-1111-0123', '1983-11-23', '일반'),
('user124', 'abc1234!', '여진희', 'F', '010-1111-0124', '1992-12-24', '일반'),
('user125', 'abc1234!', '허지호', 'M', '010-1111-0125', '1986-01-25', '일반'),
('user126', 'abc1234!', '성지연', 'F', '010-1111-0126', '1994-02-26', '일반'),
('user127', 'abc1234!', '곽세훈', 'M', '010-1111-0127', '1981-03-27', '일반'),
('user128', 'abc1234!', '이소연', 'F', '010-1111-0128', '1989-04-28', '일반'),
('user129', 'abc1234!', '진우진', 'M', '010-1111-0129', '1987-05-29', '일반'),
('user130', 'abc1234!', '오소미', 'F', '010-1111-0130', '1995-06-30', '일반'),
('user131', 'abc1234!', '원재욱', 'M', '010-1111-0131', '1985-07-31', '일반'),
('user132', 'abc1234!', '한나래', 'F', '010-1111-0132', '1993-08-01', '일반'),
('user133', 'abc1234!', '이정훈', 'M', '010-1111-0133', '1986-09-02', '일반'),
('user134', 'abc1234!', '김하윤', 'F', '010-1111-0134', '1990-10-03', '일반'),
('user135', 'abc1234!', '홍상욱', 'M', '010-1111-0135', '1984-11-04', '일반'),
('user136', 'abc1234!', '강소라', 'F', '010-1111-0136', '1992-12-05', '일반'),
('user137', 'abc1234!', '이대호', 'M', '010-1111-0137', '1983-01-06', '일반'),
('user138', 'abc1234!', '정하연', 'F', '010-1111-0138', '1989-02-07', '일반'),
('user139', 'abc1234!', '임지민', 'M', '010-1111-0139', '1991-03-08', '일반'),
('user140', 'abc1234!', '최선우', 'F', '010-1111-0140', '1987-04-09', '일반'),
('user141', 'abc1234!', '박종현', 'M', '010-1111-0141', '1995-05-10', '일반'),
('user142', 'abc1234!', '이채영', 'F', '010-1111-0142', '1992-06-11', '일반'),
('user143', 'abc1234!', '권기범', 'M', '010-1111-0143', '1988-07-12', '일반'),
('user144', 'abc1234!', '장서희', 'F', '010-1111-0144', '1986-08-13', '일반'),
('user145', 'abc1234!', '한상희', 'M', '010-1111-0145', '1984-09-14', '일반'),
('user146', 'abc1234!', '이은지', 'F', '010-1111-0146', '1983-10-15', '일반'),
('user147', 'abc1234!', '오상철', 'M', '010-1111-0147', '1995-11-16', '일반'),
('user148', 'abc1234!', '유미진', 'F', '010-1111-0148', '1990-12-17', '일반'),
('user149', 'abc1234!', '조성훈', 'M', '010-1111-0149', '1988-01-18', '일반'),
('user150', 'abc1234!', '김도희', 'F', '010-1111-0150', '1991-02-19', '일반'),
('user151', 'abc1234!', '이호준', 'M', '010-1111-0151', '1984-03-20', '일반'),
('user152', 'abc1234!', '서민정', 'F', '010-1111-0152', '1993-04-21', '일반'),
('user153', 'abc1234!', '정우진', 'M', '010-1111-0153', '1989-05-22', '일반'),
('user154', 'abc1234!', '한지영', 'F', '010-1111-0154', '1995-06-23', '일반'),
('user155', 'abc1234!', '홍승민', 'M', '010-1111-0155', '1981-07-24', '일반'),
('user156', 'abc1234!', '최유진', 'F', '010-1111-0156', '1992-08-25', '일반'),
('user157', 'abc1234!', '이재민', 'M', '010-1111-0157', '1987-09-26', '일반'),
('user158', 'abc1234!', '서영지', 'F', '010-1111-0158', '1994-10-27', '일반'),
('user159', 'abc1234!', '임승호', 'M', '010-1111-0159', '1986-11-28', '일반'),
('user160', 'abc1234!', '박수진', 'F', '010-1111-0160', '1990-12-29', '일반'),
('user161', 'abc1234!', '김정우', 'M', '010-1111-0161', '1983-01-30', '일반'),
('user162', 'abc1234!', '오세훈', 'F', '010-1111-0162', '1992-02-31', '일반'),
('user163', 'abc1234!', '하윤서', 'M', '010-1111-0163', '1988-03-01', '일반'),
('user164', 'abc1234!', '조민서', 'F', '010-1111-0164', '1995-04-02', '일반'),
('user165', 'abc1234!', '이상철', 'M', '010-1111-0165', '1984-05-03', '일반'),
('user166', 'abc1234!', '최유빈', 'F', '010-1111-0166', '1991-06-04', '일반'),
('user167', 'abc1234!', '서영훈', 'M', '010-1111-0167', '1985-07-05', '일반'),
('user168', 'abc1234!', '김선아', 'F', '010-1111-0168', '1993-08-06', '일반'),
('user169', 'abc1234!', '이재훈', 'M', '010-1111-0169', '1989-09-07', '일반'),
('user170', 'abc1234!', '한지수', 'F', '010-1111-0170', '1990-10-08', '일반'),
('user171', 'abc1234!', '김지훈', 'M', '010-1111-0171', '1987-11-09', '일반'),
('user172', 'abc1234!', '이수정', 'F', '010-1111-0172', '1995-12-10', '일반'),
('user173', 'abc1234!', '박준영', 'M', '010-1111-0173', '1986-01-11', '일반'),
('user174', 'abc1234!', '한상미', 'F', '010-1111-0174', '1992-02-12', '일반'),
('user175', 'abc1234!', '정대우', 'M', '010-1111-0175', '1984-03-13', '일반'),
('user176', 'abc1234!', '김희진', 'F', '010-1111-0176', '1989-04-14', '일반'),
('user177', 'abc1234!', '오세진', 'M', '010-1111-0177', '1990-05-15', '일반'),
('user178', 'abc1234!', '서주희', 'F', '010-1111-0178', '1991-06-16', '일반'),
('user179', 'abc1234!', '이규태', 'M', '010-1111-0179', '1985-07-17', '일반'),
('user180', 'abc1234!', '최지혜', 'F', '010-1111-0180', '1992-08-18', '일반'),
('user181', 'abc1234!', '홍민수', 'M', '010-1111-0181', '1986-09-19', '일반'),
('user182', 'abc1234!', '정소영', 'F', '010-1111-0182', '1989-10-20', '일반'),
('user183', 'abc1234!', '박상우', 'M', '010-1111-0183', '1994-11-21', '일반'),
('user184', 'abc1234!', '이민주', 'F', '010-1111-0184', '1993-12-22', '일반'),
('user185', 'abc1234!', '김상훈', 'M', '010-1111-0185', '1988-01-23', '일반'),
('user186', 'abc1234!', '한예리', 'F', '010-1111-0186', '1991-02-24', '일반'),
('user187', 'abc1234!', '정진호', 'M', '010-1111-0187', '1985-03-25', '일반'),
('user188', 'abc1234!', '서지은', 'F', '010-1111-0188', '1990-04-26', '일반'),
('user189', 'abc1234!', '임상원', 'M', '010-1111-0189', '1984-05-27', '일반'),
('user190', 'abc1234!', '김민영', 'F', '010-1111-0190', '1993-06-28', '일반'),
('user191', 'abc1234!', '오하나', 'M', '010-1111-0191', '1986-07-29', '일반'),
('user192', 'abc1234!', '최수빈', 'F', '010-1111-0192', '1991-08-30', '일반'),
('user193', 'abc1234!', '이태훈', 'M', '010-1111-0193', '1985-09-31', '일반'),
('user194', 'abc1234!', '한수정', 'F', '010-1111-0194', '1992-10-01', '일반'),
('user195', 'abc1234!', '정경민', 'M', '010-1111-0195', '1989-11-02', '일반'),
('user196', 'abc1234!', '서미정', 'F', '010-1111-0196', '1990-12-03', '일반'),
('user197', 'abc1234!', '임도윤', 'M', '010-1111-0197', '1986-01-04', '일반'),
('user198', 'abc1234!', '김정민', 'F', '010-1111-0198', '1993-02-05', '일반'),
('user199', 'abc1234!', '박정호', 'M', '010-1111-0199', '1984-03-06', '일반'),
('user200', 'abc1234!', '이상현', 'F', '010-1111-0200', '1995-04-07', '일반'),
('user201', 'abc1234!', '이창수', 'M', '010-1111-0201', '1985-01-01', '일반'),
('user202', 'abc1234!', '신영희', 'F', '010-1111-0202', '1990-02-02', '일반'),
('user203', 'abc1234!', '한기현', 'M', '010-1111-0203', '1988-03-03', '일반'),
('user204', 'abc1234!', '서영빈', 'F', '010-1111-0204', '1992-04-04', '일반'),
('user205', 'abc1234!', '이준호', 'M', '010-1111-0205', '1980-05-05', '일반'),
('user206', 'abc1234!', '박소영', 'F', '010-1111-0206', '1993-06-06', '일반'),
('user207', 'abc1234!', '김동혁', 'M', '010-1111-0207', '1986-07-07', '일반'),
('user208', 'abc1234!', '한가람', 'F', '010-1111-0208', '1991-08-08', '일반'),
('user209', 'abc1234!', '이상민', 'M', '010-1111-0209', '1984-09-09', '일반'),
('user210', 'abc1234!', '조은정', 'F', '010-1111-0210', '1995-10-10', '일반'),
('user211', 'abc1234!', '서태원', 'M', '010-1111-0211', '1983-11-11', '일반'),
('user212', 'abc1234!', '정유진', 'F', '010-1111-0212', '1992-12-12', '일반'),
('user213', 'abc1234!', '이대영', 'M', '010-1111-0213', '1987-01-13', '일반'),
('user214', 'abc1234!', '한채영', 'F', '010-1111-0214', '1994-02-14', '일반'),
('user215', 'abc1234!', '김상우', 'M', '010-1111-0215', '1990-03-15', '일반'),
('user216', 'abc1234!', '정다연', 'F', '010-1111-0216', '1989-04-16', '일반'),
('user217', 'abc1234!', '임승현', 'M', '010-1111-0217', '1982-05-17', '일반'),
('user218', 'abc1234!', '김지현', 'F', '010-1111-0218', '1995-06-18', '일반'),
('user219', 'abc1234!', '이현수', 'M', '010-1111-0219', '1988-07-19', '일반'),
('user220', 'abc1234!', '최진우', 'F', '010-1111-0220', '1991-08-20', '일반'),
('user221', 'abc1234!', '이상현', 'M', '010-1111-0221', '1984-09-21', '일반'),
('user222', 'abc1234!', '한윤희', 'F', '010-1111-0222', '1990-10-22', '일반'),
('user223', 'abc1234!', '정민호', 'M', '010-1111-0223', '1983-11-23', '일반'),
('user224', 'abc1234!', '이수연', 'F', '010-1111-0224', '1992-12-24', '일반'),
('user225', 'abc1234!', '허태영', 'M', '010-1111-0225', '1986-01-25', '일반'),
('user226', 'abc1234!', '오진주', 'F', '010-1111-0226', '1994-02-26', '일반'),
('user227', 'abc1234!', '서재민', 'M', '010-1111-0227', '1981-03-27', '일반'),
('user228', 'abc1234!', '한세영', 'F', '010-1111-0228', '1989-04-28', '일반'),
('user229', 'abc1234!', '이민혁', 'M', '010-1111-0229', '1987-05-29', '일반'),
('user230', 'abc1234!', '최영미', 'F', '010-1111-0230', '1995-06-30', '일반'),
('user231', 'abc1234!', '한진우', 'M', '010-1111-0231', '1985-07-31', '일반'),
('user232', 'abc1234!', '정은빈', 'F', '010-1111-0232', '1993-08-01', '일반'),
('user233', 'abc1234!', '이재우', 'M', '010-1111-0233', '1986-09-02', '일반'),
('user234', 'abc1234!', '김현주', 'F', '010-1111-0234', '1990-10-03', '일반'),
('user235', 'abc1234!', '한수민', 'M', '010-1111-0235', '1984-11-04', '일반'),
('user236', 'abc1234!', '이주영', 'F', '010-1111-0236', '1992-12-05', '일반'),
('user237', 'abc1234!', '정하빈', 'M', '010-1111-0237', '1983-01-06', '일반'),
('user238', 'abc1234!', '김수현', 'F', '010-1111-0238', '1989-02-07', '일반'),
('user239', 'abc1234!', '오찬호', 'M', '010-1111-0239', '1991-03-08', '일반'),
('user240', 'abc1234!', '최지원', 'F', '010-1111-0240', '1987-04-09', '일반'),
('user241', 'abc1234!', '박세진', 'M', '010-1111-0241', '1995-05-10', '일반'),
('user242', 'abc1234!', '이예지', 'F', '010-1111-0242', '1992-06-11', '일반'),
('user243', 'abc1234!', '권태현', 'M', '010-1111-0243', '1988-07-12', '일반'),
('user244', 'abc1234!', '장하나', 'F', '010-1111-0244', '1986-08-13', '일반'),
('user245', 'abc1234!', '한상우', 'M', '010-1111-0245', '1984-09-14', '일반'),
('user246', 'abc1234!', '이혜원', 'F', '010-1111-0246', '1983-10-15', '일반'),
('user247', 'abc1234!', '오상하', 'M', '010-1111-0247', '1995-11-16', '일반'),
('user248', 'abc1234!', '유소영', 'F', '010-1111-0248', '1990-12-17', '일반'),
('user249', 'abc1234!', '조우진', 'M', '010-1111-0249', '1988-01-18', '일반'),
('user250', 'abc1234!', '김예나', 'F', '010-1111-0250', '1991-02-19', '일반'),
('user251', 'abc1234!', '이호찬', 'M', '010-1111-0251', '1984-03-20', '일반'),
('user252', 'abc1234!', '서미래', 'F', '010-1111-0252', '1993-04-21', '일반'),
('user253', 'abc1234!', '정우영', 'M', '010-1111-0253', '1989-05-22', '일반'),
('user254', 'abc1234!', '한지우', 'F', '010-1111-0254', '1995-06-23', '일반'),
('user255', 'abc1234!', '홍지훈', 'M', '010-1111-0255', '1981-07-24', '일반'),
('user256', 'abc1234!', '최유림', 'F', '010-1111-0256', '1992-08-25', '일반'),
('user257', 'abc1234!', '이재웅', 'M', '010-1111-0257', '1987-09-26', '일반'),
('user258', 'abc1234!', '서영진', 'F', '010-1111-0258', '1994-10-27', '일반'),
('user259', 'abc1234!', '임경태', 'M', '010-1111-0259', '1986-11-28', '일반'),
('user260', 'abc1234!', '박은비', 'F', '010-1111-0260', '1990-12-29', '일반'),
('user261', 'abc1234!', '김정훈', 'M', '010-1111-0261', '1983-01-30', '일반'),
('user262', 'abc1234!', '오소영', 'F', '010-1111-0262', '1992-02-31', '일반'),
('user263', 'abc1234!', '하진수', 'M', '010-1111-0263', '1988-03-01', '일반'),
('user264', 'abc1234!', '조은서', 'F', '010-1111-0264', '1995-04-02', '일반'),
('user265', 'abc1234!', '이상범', 'M', '010-1111-0265', '1984-05-03', '일반'),
('user266', 'abc1234!', '최유빈', 'F', '010-1111-0266', '1991-06-04', '일반'),
('user267', 'abc1234!', '서원준', 'M', '010-1111-0267', '1985-07-05', '일반'),
('user268', 'abc1234!', '김은정', 'F', '010-1111-0268', '1993-08-06', '일반'),
('user269', 'abc1234!', '이재현', 'M', '010-1111-0269', '1989-09-07', '일반'),
('user270', 'abc1234!', '한지현', 'F', '010-1111-0270', '1990-10-08', '일반'),
('user271', 'abc1234!', '김태수', 'M', '010-1111-0271', '1987-11-09', '일반'),
('user272', 'abc1234!', '이수은', 'F', '010-1111-0272', '1995-12-10', '일반'),
('user273', 'abc1234!', '박영재', 'M', '010-1111-0273', '1986-01-11', '일반'),
('user274', 'abc1234!', '한다은', 'F', '010-1111-0274', '1992-02-12', '일반'),
('user275', 'abc1234!', '정도윤', 'M', '010-1111-0275', '1984-03-13', '일반'),
('user276', 'abc1234!', '김수민', 'F', '010-1111-0276', '1989-04-14', '일반'),
('user277', 'abc1234!', '오경호', 'M', '010-1111-0277', '1990-05-15', '일반'),
('user278', 'abc1234!', '서지현', 'F', '010-1111-0278', '1991-06-16', '일반'),
('user279', 'abc1234!', '이정수', 'M', '010-1111-0279', '1985-07-17', '일반'),
('user280', 'abc1234!', '최수진', 'F', '010-1111-0280', '1992-08-18', '일반'),
('user281', 'abc1234!', '홍준서', 'M', '010-1111-0281', '1986-09-19', '일반'),
('user282', 'abc1234!', '정혜인', 'F', '010-1111-0282', '1989-10-20', '일반'),
('user283', 'abc1234!', '박세호', 'M', '010-1111-0283', '1994-11-21', '일반'),
('user284', 'abc1234!', '이소희', 'F', '010-1111-0284', '1993-12-22', '일반'),
('user285', 'abc1234!', '김재원', 'M', '010-1111-0285', '1988-01-23', '일반'),
('user286', 'abc1234!', '한지영', 'F', '010-1111-0286', '1991-02-24', '일반'),
('user287', 'abc1234!', '정민수', 'M', '010-1111-0287', '1985-03-25', '일반'),
('user288', 'abc1234!', '서지혜', 'F', '010-1111-0288', '1990-04-26', '일반'),
('user289', 'abc1234!', '임상우', 'M', '010-1111-0289', '1984-05-27', '일반'),
('user290', 'abc1234!', '김연주', 'F', '010-1111-0290', '1993-06-28', '일반'),
('user291', 'abc1234!', '오하늘', 'M', '010-1111-0291', '1986-07-29', '일반'),
('user292', 'abc1234!', '최수빈', 'F', '010-1111-0292', '1991-08-30', '일반'),
('user293', 'abc1234!', '이태양', 'M', '010-1111-0293', '1985-09-31', '일반'),
('user294', 'abc1234!', '한소희', 'F', '010-1111-0294', '1992-10-01', '일반'),
('user295', 'abc1234!', '정시훈', 'M', '010-1111-0295', '1989-11-02', '일반'),
('user296', 'abc1234!', '서민정', 'F', '010-1111-0296', '1990-12-03', '일반'),
('user297', 'abc1234!', '임도연', 'M', '010-1111-0297', '1986-01-04', '일반'),
('user298', 'abc1234!', '김정희', 'F', '010-1111-0298', '1993-02-05', '일반'),
('user299', 'abc1234!', '박준형', 'M', '010-1111-0299', '1984-03-06', '일반'),
('user300', 'abc1234!', '이하늘', 'F', '010-1111-0300', '1995-04-07', '일반'),
('user301', 'abc1234!', '김민준', 'M', '010-1111-0301', '1990-01-01', '일반'),
('user302', 'abc1234!', '이소영', 'F', '010-1111-0302', '1987-02-02', '일반'),
('user303', 'abc1234!', '정우성', 'M', '010-1111-0303', '1994-03-03', '일반'),
('user304', 'abc1234!', '한지혜', 'F', '010-1111-0304', '1986-04-04', '일반'),
('user305', 'abc1234!', '이민호', 'M', '010-1111-0305', '1988-05-05', '일반'),
('user306', 'abc1234!', '박하늘', 'F', '010-1111-0306', '1995-06-06', '일반'),
('user307', 'abc1234!', '최승훈', 'M', '010-1111-0307', '1985-07-07', '일반'),
('user308', 'abc1234!', '오지현', 'F', '010-1111-0308', '1991-08-08', '일반'),
('user309', 'abc1234!', '이태호', 'M', '010-1111-0309', '1989-09-09', '일반'),
('user310', 'abc1234!', '서영미', 'F', '010-1111-0310', '1993-10-10', '일반'),
('user311', 'abc1234!', '홍길동', 'M', '010-1111-0311', '1982-11-11', '일반'),
('user312', 'abc1234!', '정유진', 'F', '010-1111-0312', '1994-12-12', '일반'),
('user313', 'abc1234!', '이상민', 'M', '010-1111-0313', '1986-01-13', '일반'),
('user314', 'abc1234!', '김다희', 'F', '010-1111-0314', '1991-02-14', '일반'),
('user315', 'abc1234!', '임태희', 'M', '010-1111-0315', '1983-03-15', '일반'),
('user316', 'abc1234!', '하윤서', 'F', '010-1111-0316', '1990-04-16', '일반'),
('user317', 'abc1234!', '최지훈', 'M', '010-1111-0317', '1985-05-17', '일반'),
('user318', 'abc1234!', '서지현', 'F', '010-1111-0318', '1992-06-18', '일반'),
('user319', 'abc1234!', '이정민', 'M', '010-1111-0319', '1989-07-19', '일반'),
('user320', 'abc1234!', '한서연', 'F', '010-1111-0320', '1995-08-20', '일반'),
('user321', 'abc1234!', '김수현', 'M', '010-1111-0321', '1986-09-21', '일반'),
('user322', 'abc1234!', '박소미', 'F', '010-1111-0322', '1991-10-22', '일반'),
('user323', 'abc1234!', '정민수', 'M', '010-1111-0323', '1988-11-23', '일반'),
('user324', 'abc1234!', '서준영', 'F', '010-1111-0324', '1993-12-24', '일반'),
('user325', 'abc1234!', '한상우', 'M', '010-1111-0325', '1984-01-25', '일반'),
('user326', 'abc1234!', '이유진', 'F', '010-1111-0326', '1990-02-26', '일반'),
('user327', 'abc1234!', '오세훈', 'M', '010-1111-0327', '1985-03-27', '일반'),
('user328', 'abc1234!', '최지혜', 'F', '010-1111-0328', '1992-04-28', '일반'),
('user329', 'abc1234!', '김민재', 'M', '010-1111-0329', '1987-05-29', '일반'),
('user330', 'abc1234!', '서예린', 'F', '010-1111-0330', '1994-06-30', '일반'),
('user331', 'abc1234!', '정윤호', 'M', '010-1111-0331', '1989-07-31', '일반'),
('user332', 'abc1234!', '이채연', 'F', '010-1111-0332', '1991-08-31', '일반'),
('user333', 'abc1234!', '한정훈', 'M', '010-1111-0333', '1983-09-01', '일반'),
('user334', 'abc1234!', '김은우', 'F', '010-1111-0334', '1990-10-02', '일반'),
('user335', 'abc1234!', '오상혁', 'M', '010-1111-0335', '1986-11-03', '일반'),
('user336', 'abc1234!', '최유나', 'F', '010-1111-0336', '1995-12-04', '일반'),
('user337', 'abc1234!', '이태현', 'M', '010-1111-0337', '1984-01-05', '일반'),
('user338', 'abc1234!', '서연우', 'F', '010-1111-0338', '1991-02-06', '일반'),
('user339', 'abc1234!', '정진수', 'M', '010-1111-0339', '1988-03-07', '일반'),
('user340', 'abc1234!', '한주희', 'F', '010-1111-0340', '1993-04-08', '일반'),
('user341', 'abc1234!', '김지우', 'M', '010-1111-0341', '1986-05-09', '일반'),
('user342', 'abc1234!', '이예림', 'F', '010-1111-0342', '1990-06-10', '일반'),
('user343', 'abc1234!', '오동현', 'M', '010-1111-0343', '1985-07-11', '일반'),
('user344', 'abc1234!', '최보라', 'F', '010-1111-0344', '1992-08-12', '일반'),
('user345', 'abc1234!', '이준서', 'M', '010-1111-0345', '1989-09-13', '일반'),
('user346', 'abc1234!', '서다혜', 'F', '010-1111-0346', '1995-10-14', '일반'),
('user347', 'abc1234!', '정세현', 'M', '010-1111-0347', '1984-11-15', '일반'),
('user348', 'abc1234!', '한소연', 'F', '010-1111-0348', '1991-12-16', '일반'),
('user349', 'abc1234!', '김유진', 'M', '010-1111-0349', '1986-01-17', '일반'),
('user350', 'abc1234!', '이정현', 'F', '010-1111-0350', '1993-02-18', '일반'),
('user351', 'abc1234!', '오찬호', 'M', '010-1111-0351', '1989-03-19', '일반'),
('user352', 'abc1234!', '최하은', 'F', '010-1111-0352', '1992-04-20', '일반'),
('user353', 'abc1234!', '이상수', 'M', '010-1111-0353', '1985-05-21', '일반'),
('user354', 'abc1234!', '서은지', 'F', '010-1111-0354', '1994-06-22', '일반'),
('user355', 'abc1234!', '정해민', 'M', '010-1111-0355', '1988-07-23', '일반'),
('user356', 'abc1234!', '한상미', 'F', '010-1111-0356', '1990-08-24', '일반'),
('user357', 'abc1234!', '김범수', 'M', '010-1111-0357', '1986-09-25', '일반'),
('user358', 'abc1234!', '이수빈', 'F', '010-1111-0358', '1992-10-26', '일반'),
('user359', 'abc1234!', '오세진', 'M', '010-1111-0359', '1985-11-27', '일반'),
('user360', 'abc1234!', '최미래', 'F', '010-1111-0360', '1993-12-28', '일반'),
('user361', 'abc1234!', '이찬우', 'M', '010-1111-0361', '1984-01-29', '일반'),
('user362', 'abc1234!', '서하나', 'F', '010-1111-0362', '1991-02-30', '일반'),
('user363', 'abc1234!', '정영재', 'M', '010-1111-0363', '1988-03-31', '일반'),
('user364', 'abc1234!', '한상희', 'F', '010-1111-0364', '1994-04-01', '일반'),
('user365', 'abc1234!', '김재호', 'M', '010-1111-0365', '1986-05-02', '일반'),
('user366', 'abc1234!', '이소현', 'F', '010-1111-0366', '1990-06-03', '일반'),
('user367', 'abc1234!', '오민재', 'M', '010-1111-0367', '1989-07-04', '일반'),
('user368', 'abc1234!', '최가람', 'F', '010-1111-0368', '1995-08-05', '일반'),
('user369', 'abc1234!', '이재혁', 'M', '010-1111-0369', '1983-09-06', '일반'),
('user370', 'abc1234!', '서지민', 'F', '010-1111-0370', '1992-10-07', '일반'),
('user371', 'abc1234!', '정영민', 'M', '010-1111-0371', '1988-11-08', '일반'),
('user372', 'abc1234!', '한재원', 'F', '010-1111-0372', '1991-12-09', '일반'),
('user373', 'abc1234!', '김연수', 'M', '010-1111-0373', '1986-01-10', '일반'),
('user374', 'abc1234!', '이하늘', 'F', '010-1111-0374', '1993-02-11', '일반'),
('user375', 'abc1234!', '오주환', 'M', '010-1111-0375', '1989-03-12', '일반'),
('user376', 'abc1234!', '최민주', 'F', '010-1111-0376', '1992-04-13', '일반'),
('user377', 'abc1234!', '이승현', 'M', '010-1111-0377', '1985-05-14', '일반'),
('user378', 'abc1234!', '서현주', 'F', '010-1111-0378', '1991-06-15', '일반'),
('user379', 'abc1234!', '정수빈', 'M', '010-1111-0379', '1988-07-16', '일반'),
('user380', 'abc1234!', '한지민', 'F', '010-1111-0380', '1995-08-17', '일반'),
('user381', 'abc1234!', '김도현', 'M', '010-1111-0381', '1986-09-18', '일반'),
('user382', 'abc1234!', '이재원', 'F', '010-1111-0382', '1992-10-19', '일반'),
('user383', 'abc1234!', '오연수', 'M', '010-1111-0383', '1984-11-20', '일반'),
('user384', 'abc1234!', '최하늘', 'F', '010-1111-0384', '1993-12-21', '일반'),
('user385', 'abc1234!', '이정수', 'M', '010-1111-0385', '1988-01-22', '일반'),
('user386', 'abc1234!', '서민재', 'F', '010-1111-0386', '1990-02-23', '일반'),
('user387', 'abc1234!', '정현수', 'M', '010-1111-0387', '1987-03-24', '일반'),
('user388', 'abc1234!', '한유진', 'F', '010-1111-0388', '1995-04-25', '일반'),
('user389', 'abc1234!', '김경태', 'M', '010-1111-0389', '1983-05-26', '일반'),
('user390', 'abc1234!', '이유라', 'F', '010-1111-0390', '1991-06-27', '일반'),
('user391', 'abc1234!', '오상우', 'M', '010-1111-0391', '1986-07-28', '일반'),
('user392', 'abc1234!', '최민정', 'F', '010-1111-0392', '1992-08-29', '일반'),
('user393', 'abc1234!', '이철수', 'M', '010-1111-0393', '1985-09-30', '일반'),
('user394', 'abc1234!', '서진아', 'F', '010-1111-0394', '1994-10-31', '일반'),
('user395', 'abc1234!', '정호준', 'M', '010-1111-0395', '1988-11-01', '일반'),
('user396', 'abc1234!', '한수연', 'F', '010-1111-0396', '1991-12-02', '일반'),
('user397', 'abc1234!', '김민아', 'M', '010-1111-0397', '1983-01-03', '일반'),
('user398', 'abc1234!', '이서희', 'F', '010-1111-0398', '1990-02-04', '일반'),
('user399', 'abc1234!', '오승환', 'M', '010-1111-0399', '1987-03-05', '일반'),
('user400', 'abc1234!', '최예은', 'F', '010-1111-0400', '1995-04-06', '일반'),
('user401', 'abc1234!', '이동규', 'M', '010-1111-0401', '1986-05-07', '일반'),
('user402', 'abc1234!', '서미래', 'F', '010-1111-0402', '1992-06-08', '일반'),
('user403', 'abc1234!', '정선아', 'M', '010-1111-0403', '1988-07-09', '일반'),
('user404', 'abc1234!', '한진영', 'F', '010-1111-0404', '1991-08-10', '일반'),
('user405', 'abc1234!', '김찬호', 'M', '010-1111-0405', '1984-09-11', '일반'),
('user406', 'abc1234!', '이소영', 'F', '010-1111-0406', '1993-10-12', '일반'),
('user407', 'abc1234!', '오형민', 'M', '010-1111-0407', '1985-11-13', '일반'),
('user408', 'abc1234!', '최서연', 'F', '010-1111-0408', '1990-12-14', '일반'),
('user409', 'abc1234!', '이주호', 'M', '010-1111-0409', '1986-01-15', '일반'),
('user410', 'abc1234!', '서수진', 'F', '010-1111-0410', '1992-02-16', '일반'),
('user411', 'abc1234!', '정대현', 'M', '010-1111-0411', '1989-03-17', '일반'),
('user412', 'abc1234!', '한상민', 'F', '010-1111-0412', '1995-04-18', '일반'),
('user413', 'abc1234!', '김재우', 'M', '010-1111-0413', '1983-05-19', '일반'),
('user414', 'abc1234!', '이유찬', 'F', '010-1111-0414', '1991-06-20', '일반'),
('user415', 'abc1234!', '오준서', 'M', '010-1111-0415', '1985-07-21', '일반'),
('user416', 'abc1234!', '최민우', 'F', '010-1111-0416', '1990-08-22', '일반'),
('user417', 'abc1234!', '이정우', 'M', '010-1111-0417', '1989-09-23', '일반'),
('user418', 'abc1234!', '서하연', 'F', '010-1111-0418', '1994-10-24', '일반'),
('user419', 'abc1234!', '정서현', 'M', '010-1111-0419', '1987-11-25', '일반'),
('user420', 'abc1234!', '한지아', 'F', '010-1111-0420', '1991-12-26', '일반'),
('user421', 'abc1234!', '김승환', 'M', '010-1111-0421', '1983-01-27', '일반'),
('user422', 'abc1234!', '이정희', 'F', '010-1111-0422', '1992-02-28', '일반'),
('user423', 'abc1234!', '오상훈', 'M', '010-1111-0423', '1986-03-29', '일반'),
('user424', 'abc1234!', '최아름', 'F', '010-1111-0424', '1995-04-30', '일반'),
('user425', 'abc1234!', '이찬미', 'M', '010-1111-0425', '1988-05-31', '일반'),
('user426', 'abc1234!', '서지훈', 'F', '010-1111-0426', '1993-06-01', '일반'),
('user427', 'abc1234!', '정우철', 'M', '010-1111-0427', '1985-07-02', '일반'),
('user428', 'abc1234!', '한영희', 'F', '010-1111-0428', '1991-08-03', '일반'),
('user429', 'abc1234!', '김태희', 'M', '010-1111-0429', '1986-09-04', '일반'),
('user430', 'abc1234!', '이수영', 'F', '010-1111-0430', '1990-10-05', '일반'),
('user431', 'abc1234!', '오인성', 'M', '010-1111-0431', '1984-11-06', '일반'),
('user432', 'abc1234!', '최소윤', 'F', '010-1111-0432', '1992-12-07', '일반'),
('user433', 'abc1234!', '이승재', 'M', '010-1111-0433', '1985-01-08', '일반'),
('user434', 'abc1234!', '서하리', 'F', '010-1111-0434', '1994-02-09', '일반'),
('user435', 'abc1234!', '정세미', 'M', '010-1111-0435', '1988-03-10', '일반'),
('user436', 'abc1234!', '한지현', 'F', '010-1111-0436', '1991-04-11', '일반'),
('user437', 'abc1234!', '김상수', 'M', '010-1111-0437', '1983-05-12', '일반'),
('user438', 'abc1234!', '이주연', 'F', '010-1111-0438', '1990-06-13', '일반'),
('user439', 'abc1234!', '오진수', 'M', '010-1111-0439', '1987-07-14', '일반'),
('user440', 'abc1234!', '최소라', 'F', '010-1111-0440', '1995-08-15', '일반'),
('user441', 'abc1234!', '이재민', 'M', '010-1111-0441', '1986-09-16', '일반'),
('user442', 'abc1234!', '서정화', 'F', '010-1111-0442', '1991-10-17', '일반'),
('user443', 'abc1234!', '정현아', 'M', '010-1111-0443', '1988-11-18', '일반'),
('user444', 'abc1234!', '한동수', 'F', '010-1111-0444', '1994-12-19', '일반'),
('user445', 'abc1234!', '김유나', 'M', '010-1111-0445', '1985-01-20', '일반'),
('user446', 'abc1234!', '이서준', 'F', '010-1111-0446', '1993-02-21', '일반'),
('user447', 'abc1234!', '오정우', 'M', '010-1111-0447', '1989-03-22', '일반'),
('user448', 'abc1234!', '최지수', 'F', '010-1111-0448', '1992-04-23', '일반'),
('user449', 'abc1234!', '이상훈', 'M', '010-1111-0449', '1986-05-24', '일반'),
('user450', 'abc1234!', '서진영', 'F', '010-1111-0450', '1991-06-25', '일반'),
('user451', 'abc1234!', '정아름', 'M', '010-1111-0451', '1988-07-26', '일반'),
('user452', 'abc1234!', '한민수', 'F', '010-1111-0452', '1995-08-27', '일반'),
('user453', 'abc1234!', '김기범', 'M', '010-1111-0453', '1983-09-28', '일반'),
('user454', 'abc1234!', '이유리', 'F', '010-1111-0454', '1990-10-29', '일반'),
('user455', 'abc1234!', '오상미', 'M', '010-1111-0455', '1987-11-30', '일반'),
('user456', 'abc1234!', '최재훈', 'F', '010-1111-0456', '1992-12-31', '일반'),
('user457', 'abc1234!', '이은수', 'M', '010-1111-0457', '1985-01-01', '일반'),
('user458', 'abc1234!', '서나영', 'F', '010-1111-0458', '1994-02-02', '일반'),
('user459', 'abc1234!', '정영수', 'M', '010-1111-0459', '1989-03-03', '일반'),
('user460', 'abc1234!', '한서영', 'F', '010-1111-0460', '1991-04-04', '일반'),
('user461', 'abc1234!', '김지훈', 'M', '010-1111-0461', '1986-05-05', '일반'),
('user462', 'abc1234!', '이소미', 'F', '010-1111-0462', '1992-06-06', '일반'),
('user463', 'abc1234!', '오주연', 'M', '010-1111-0463', '1984-07-07', '일반'),
('user464', 'abc1234!', '최경민', 'F', '010-1111-0464', '1990-08-08', '일반'),
('user465', 'abc1234!', '이형준', 'M', '010-1111-0465', '1985-09-09', '일반'),
('user466', 'abc1234!', '서아름', 'F', '010-1111-0466', '1991-10-10', '일반'),
('user467', 'abc1234!', '정원철', 'M', '010-1111-0467', '1988-11-11', '일반'),
('user468', 'abc1234!', '한미래', 'F', '010-1111-0468', '1993-12-12', '일반'),
('user469', 'abc1234!', '김상원', 'M', '010-1111-0469', '1986-01-13', '일반'),
('user470', 'abc1234!', '이하늬', 'F', '010-1111-0470', '1990-02-14', '일반'),
('user471', 'abc1234!', '오민영', 'M', '010-1111-0471', '1984-03-15', '일반'),
('user472', 'abc1234!', '최가영', 'F', '010-1111-0472', '1992-04-16', '일반'),
('user473', 'abc1234!', '이호진', 'M', '010-1111-0473', '1985-05-17', '일반'),
('user474', 'abc1234!', '서정민', 'F', '010-1111-0474', '1991-06-18', '일반'),
('user475', 'abc1234!', '정다은', 'M', '010-1111-0475', '1988-07-19', '일반'),
('user476', 'abc1234!', '한승희', 'F', '010-1111-0476', '1994-08-20', '일반'),
('user477', 'abc1234!', '김정민', 'M', '010-1111-0477', '1986-09-21', '일반'),
('user478', 'abc1234!', '이수진', 'F', '010-1111-0478', '1991-10-22', '일반'),
('user479', 'abc1234!', '오수정', 'M', '010-1111-0479', '1985-11-23', '일반'),
('user480', 'abc1234!', '최정희', 'F', '010-1111-0480', '1993-12-24', '일반'),
('user481', 'abc1234!', '이성훈', 'M', '010-1111-0481', '1986-01-25', '일반'),
('user482', 'abc1234!', '서가현', 'F', '010-1111-0482', '1992-02-26', '일반'),
('user483', 'abc1234!', '정선호', 'M', '010-1111-0483', '1989-03-27', '일반'),
('user484', 'abc1234!', '한채린', 'F', '010-1111-0484', '1995-04-28', '일반'),
('user485', 'abc1234!', '김지민', 'M', '010-1111-0485', '1983-05-29', '일반'),
('user486', 'abc1234!', '이유진', 'F', '010-1111-0486', '1990-06-30', '일반'),
('user487', 'abc1234!', '오상복', 'M', '010-1111-0487', '1984-07-31', '일반'),
('user488', 'abc1234!', '최은아', 'F', '010-1111-0488', '1992-08-01', '일반'),
('user489', 'abc1234!', '이상엽', 'M', '010-1111-0489', '1986-09-02', '일반'),
('user490', 'abc1234!', '서혜진', 'F', '010-1111-0490', '1991-10-03', '일반'),
('user491', 'abc1234!', '정민수', 'M', '010-1111-0491', '1988-11-04', '일반'),
('user492', 'abc1234!', '한지우', 'F', '010-1111-0492', '1995-12-05', '일반'),
('user493', 'abc1234!', '김영수', 'M', '010-1111-0493', '1985-01-06', '일반'),
('user494', 'abc1234!', '이슬아', 'F', '010-1111-0494', '1993-02-07', '일반'),
('user495', 'abc1234!', '오세훈', 'M', '010-1111-0495', '1986-03-08', '일반'),
('user496', 'abc1234!', '최지현', 'F', '010-1111-0496', '1991-04-09', '일반'),
('user497', 'abc1234!', '이상길', 'M', '010-1111-0497', '1987-05-10', '일반'),
('user498', 'abc1234!', '서지우', 'F', '010-1111-0498', '1995-06-11', '일반'),
('user499', 'abc1234!', '정우민', 'M', '010-1111-0499', '1984-07-12', '일반'),
('user500', 'abc1234!', '한가영', 'F', '010-1111-0500', '1990-08-13', '일반');



-- 2. 카테고리 샘플
--select * from category;
INSERT INTO category (categoryname) VALUES ('자유'), ('정보'), ('토론'), ('질문'), ('자랑');

-- 3. 게시판 샘플
--select * from board;
INSERT INTO board (btitle, bcontent, bdate, bview, uno, categoryno) VALUES
('피카츄의 전기 공격', '피카츄의 백만볼트가 전투에서 정말 유용하네요!', '2024-09-05 14:31:00', 14, 4, 1),
('리자몽의 불꽃 공격', '리자몽의 화염 방사는 정말 강력해요. 전투에서 강한 효과를 발휘해요!', '2024-09-06 09:15:00', 10, 2, 1),
('이상해씨의 진화', '이상해씨가 이상해풀로 진화하면서 새로운 기술을 배우는 모습이 멋져요.', '2024-09-06 11:45:00', 75, 3, 1),
('꼬부기의 물 타입 공격', '꼬부기의 물총과 물대포는 물 타입 공격에서 정말 강력합니다.', '2024-09-07 10:30:00', 30, 4, 1),
('버터플의 비행 기술', '버터플이 사용하는 날개치기는 전투에서 유용하네요. 특히 비행 타입 상대로!', '2024-09-07 13:00:00', 44, 1, 1),
('내 피카츄가 최고!', '제 피카츄는 정말 특별해요! 백만볼트, 전격파, 그리고 스피드가 뛰어나서 전투에서 항상 승리해요. 자랑스러워요!', '2024-09-15 15:00:00', 4, 1, 5),
('리자몽의 불꽃이 뜨겁다!', '제 리자몽은 불꽃 기술을 완벽하게 소화합니다. 불꽃 방사와 용의 브레스를 사용하는 모습이 정말 멋지네요. 진정한 전투의 왕입니다!', '2024-09-16 10:30:00', 1, 2, 5),
('이상해씨의 진화가 자랑스러워요!', '이상해씨가 이상해풀로 진화한 모습이 너무 자랑스러워요. 특히 레이저빔 기술로 상대를 물리치는 장면이 최고입니다!', '2024-09-17 12:00:00', 9, 3, 5),
('내 블래키는 정말 강력해요!', '블래키의 어둠의 파동과 자원봉사로 팀을 지키는 모습이 자랑스럽습니다. 전투에서 매우 중요한 역할을 하고 있죠.', '2024-09-18 14:45:00', 63, 4, 5),
('뮤츠의 사이킥은 끝내줍니다!', '뮤츠의 사이킥 공격력은 상상을 초월해요. 심리적인 압박과 함께 강력한 전투력을 자랑합니다. 제 최고의 포켓몬이에요!', '2024-09-19 09:15:00', 104, 1, 5),
('피카츄는 너무 오버레이트', '피카츄는 너무 과대평가된 포켓몬이에요. 실제로 전투에서 별로 강하지도 않으면서 왜 그렇게 인기 있는지 이해할 수 없네요.', '2024-09-23 16:00:00', 14, 2, 1),
('리자몽은 전투에서 쓸모없어요', '리자몽이란 포켓몬은 불꽃 공격 외에는 아무것도 할 수 없어요. 전투에서 자주 패배하는 모습을 보니 진짜 실망스러워요.', '2024-09-24 18:30:00', 74, 3, 1),
('거북왕은 너무 느리다', '거북왕은 전투에서 너무 느려서 거의 아무것도 할 수 없어요. 이런 포켓몬은 정말 필요 없다고 생각해요.', '2024-09-25 11:45:00', 37, 4, 1),
('피카츄와 라이츄, 어느 쪽이 더 강할까?', '피카츄와 라이츄 중 어느 쪽이 더 강한가에 대해 토론해 봅시다. 피카츄는 귀여운 외모로 사랑받지만, 라이츄의 전기 공격이 더 강력하다는 의견도 있네요. 여러분은 어떻게 생각하나요?', '2024-09-26 13:30:00', 96, 1, 3),
('이상해씨 vs 이상해풀, 어떤 진화가 더 좋을까?', '이상해씨가 이상해풀로 진화하는 과정에서 어떤 장점과 단점이 있는지에 대해 논의해 봅시다. 이상해풀의 진화가 어떤 전략적 이점을 제공하는지 알고 싶어요.', '2024-09-27 14:00:00', 88, 2, 3),
('리자몽의 화염 공격과 불꽃 타입 포켓몬', '리자몽의 화염 공격이 다른 불꽃 타입 포켓몬과 비교했을 때 어떤 차이점이 있는지 논의해 봅시다. 불꽃 방사와 용의 브레스 중 어떤 기술이 더 효과적인가요?', '2024-09-28 16:15:00', 302, 3, 3),
('꼬부기의 물 타입 공격의 장점과 단점', '꼬부기의 물 타입 공격이 전투에서 어떤 상황에서 유리한지, 어떤 포켓몬들에게 효과적인지 토론해 봅시다. 물타입 기술의 활용도를 높일 수 있는 방법도 함께 논의해요.', '2024-09-29 10:45:00', 87, 4, 3),
('블래키의 어둠 타입 기술과 다른 타입의 상성', '블래키의 어둠 타입 기술이 다른 타입 포켓몬과의 상성에서 어떤 효과를 가지는지에 대해 이야기해 봅시다. 어둠 타입 기술의 전략적 활용에 대한 의견을 나누어요.', '2024-09-30 12:00:00', 41, 5, 3),
('이브이의 기본 정보와 진화 과정', '이브이는 노멀 타입 포켓몬으로, 다양한 형태로 진화할 수 있습니다. 레벨에 따라 물, 불, 전기 등 여러 타입으로 진화하며, 각각의 형태는 고유의 특성과 기술을 지니고 있습니다.', '2024-10-01 09:00:00', 20, 1, 2),
('메타몽의 특성과 기술', '메타몽은 노멀 타입 포켓몬으로, 다른 포켓몬의 형태를 변형할 수 있는 능력을 가지고 있습니다. 메타몽은 ‘변신’이라는 기술을 사용하여 상대 포켓몬의 기술을 그대로 사용할 수 있습니다.', '2024-10-02 10:15:00', 17, 2, 2),
('잠만보의 역할과 진화', '잠만보는 노멀/수면 타입 포켓몬으로, 레벨 20에서 먹고 자는 능력을 통해 전투에서 강력한 방어력을 자랑합니다. 잠만보는 굉장히 느리지만, 체력과 방어력이 뛰어난 포켓몬입니다.', '2024-10-03 11:30:00', 36, 3, 2),
('깜까의 기본 정보와 기술', '깜까는 불꽃 타입 포켓몬으로, 레벨 16에서 깜지로 진화하고, 레벨 36에서 깜방이로 진화합니다. 깜까는 불꽃과 물리 공격 기술을 주로 사용하며, 전투에서 큰 역할을 합니다.', '2024-10-04 12:45:00', 41, 4, 2),
('어니부기의 특징과 기술', '어니부기는 물/악 타입 포켓몬으로, 다양한 물리 및 물타입 기술을 사용할 수 있습니다. 어니부기는 공격적인 전투 스타일과 함께 강력한 물 타입 기술을 갖추고 있습니다.', '2024-10-05 14:00:00', 20, 5, 2),
('가디의 전투 능력과 특성', '가디는 불꽃 타입 포켓몬으로, 강력한 불꽃 공격과 빠른 속도를 자랑합니다. 레벨 35에서 윈디로 진화하며, 불꽃과 바람 기술을 사용하는 데 뛰어난 능력을 발휘합니다.', '2024-10-06 15:30:00', 71, 1, 2),
('전기 타입 포켓몬의 최적 전투 전략은 무엇인가요?', '전기 타입 포켓몬을 사용할 때 가장 효과적인 전투 전략이 무엇인지 알고 싶습니다. 전기 타입 기술 외에 다른 전략이나 조합이 있다면 알려주세요.', '2024-10-07 11:00:00', 14, 1, 4),
('풀 타입 포켓몬의 최적 진화 시점은 언제인가요?', '풀 타입 포켓몬을 진화시키는 데 가장 좋은 시점이나 레벨이 궁금합니다. 진화 시 배울 수 있는 기술과 전투에서의 이점도 알고 싶습니다.', '2024-10-08 13:30:00', 34, 2, 4),
('불꽃 타입 기술 중 가장 효과적인 것은 무엇인가요?', '불꽃 타입 기술 중 어떤 기술이 가장 효과적인지 궁금합니다. 특정 기술이 다른 기술보다 더 유용한 상황이 있다면 알려주세요.', '2024-10-09 15:00:00', 22, 3, 4),
('물 타입 포켓몬의 주요 약점은 무엇인가요?', '물 타입 포켓몬의 주요 약점과 이를 보완하기 위한 전략이 궁금합니다. 특히 어떤 타입의 포켓몬이 물 타입 포켓몬에 강한지 알고 싶습니다.', '2024-10-10 09:00:00', 20, 1, 4),
('드래곤 타입 포켓몬의 효과적인 육성 방법은?', '드래곤 타입 포켓몬을 효과적으로 육성하기 위한 팁이나 전략이 궁금합니다. 어떤 기술을 우선적으로 배워야 하고, 진화 시점은 어떻게 설정하는 것이 좋을까요?', '2024-10-11 11:30:00', 100, 2, 4),
('악 타입 기술의 전투에서의 장점은 무엇인가요?', '악 타입 기술이 전투에서 어떤 장점을 가지고 있는지 알고 싶습니다. 악 타입 기술의 효과적인 사용법과 어떤 상황에서 특히 유용한지에 대해 논의해 보세요.', '2024-10-12 14:00:00', 5, 3, 4);

-- 4. 댓글 샘플
--select * from comment;
INSERT INTO comment (ccontent, cdate, bno, uno) VALUES
('피카츄의 백만볼트는 정말 강력하죠. 하지만 다른 전기 타입 기술도 고려해봐야 할 것 같아요.', '2024-09-05 08:08:08', 1, 3),
('리자몽의 불꽃 방사는 강력하지만, 때로는 타입 상성에 따라 다른 기술을 사용하는 게 좋을 때도 있죠.', '2024-09-06 09:45:00', 2, 4),
('이상해씨가 진화하면 정말 멋지죠! 이상해풀의 기술도 꽤 강력해요.', '2024-09-06 12:00:00', 3, 5),
('꼬부기의 물 타입 공격은 물대포가 특히 강력하다고 생각해요. 전투에서 큰 도움이 되죠.', '2024-09-07 11:00:00', 4, 2),
('버터플의 비행 기술은 정말 유용하지만, 특히 어떤 포켓몬에게 유리한지 더 알고 싶네요.', '2024-09-07 14:00:00', 5, 1),
('피카츄의 스피드는 정말 대단해요. 백만볼트와 전격파로 항상 승리하는 모습을 자랑스럽게 생각합니다!', '2024-09-15 15:30:00', 6, 2),
('리자몽의 불꽃 방사와 용의 브레스는 정말 강력한 조합이죠. 전투에서 중요한 역할을 합니다.', '2024-09-16 11:00:00', 7, 3),
('이상해씨의 진화는 정말 자랑스럽죠. 레이저빔 기술로 상대를 물리치는 것도 훌륭합니다.', '2024-09-17 12:30:00', 8, 4),
('블래키의 어둠의 파동은 전투에서 매우 유용하죠. 팀을 지키는 모습도 멋져요.', '2024-09-18 15:00:00', 9, 5),
('뮤츠의 사이킥 공격은 정말 강력합니다. 심리적인 압박이 전투에서 큰 도움이 되죠.', '2024-09-19 09:30:00', 10, 1),
('피카츄가 과대평가된 것 같아요. 실제 전투에서 강력한 포켓몬이 많잖아요.', '2024-09-23 16:30:00', 11, 2),
('리자몽이 불꽃 공격 외에 쓸모가 없다는 건 아닌 것 같아요. 다른 기술도 활용할 수 있어요.', '2024-09-24 19:00:00', 12, 3),
('거북왕은 느리지만 방어력은 뛰어나죠. 전투에서 그 장점이 클 때도 있어요.', '2024-09-25 12:00:00', 13, 4),
('피카츄와 라이츄, 둘 다 장점이 있지만, 라이츄의 전기 공격이 더 강력할 때도 있죠.', '2024-09-26 14:00:00', 14, 5),
('이상해씨의 진화가 전략적 이점을 제공하는 건 맞아요. 특히 레이저빔이 유용하죠.', '2024-09-27 14:30:00', 15, 1),
('리자몽의 화염 공격과 불꽃 타입 포켓몬의 차이점은 분명히 존재해요. 각 기술의 특징을 잘 활용해야 하죠.', '2024-09-28 17:00:00', 16, 2),
('꼬부기의 물 타입 공격은 물총과 물대포가 특히 강력하죠. 상대에 따라 효과적으로 사용해야 해요.', '2024-09-29 11:00:00', 17, 3),
('블래키의 어둠 타입 기술은 전투에서 매우 유용하죠. 다른 타입과의 상성을 잘 고려해야 해요.', '2024-09-30 12:30:00', 18, 4),
('이브이의 진화 과정은 정말 다양하죠. 각 형태가 가지는 특성과 기술이 흥미로워요.', '2024-10-01 09:30:00', 19, 5),
('메타몽의 변신 기술은 상대의 기술을 그대로 사용할 수 있어 매우 유용하죠. 하지만 전략적으로 사용해야 해요.', '2024-10-02 10:45:00', 20, 1),
('잠만보는 체력과 방어력에서 뛰어나지만 느린 속도는 단점이에요. 전투에서 잘 활용해야 하죠.', '2024-10-03 12:00:00', 21, 2),
('깜까의 진화 과정은 흥미로워요. 불꽃과 물리 공격 기술을 잘 활용하면 전투에서 큰 도움이 되죠.', '2024-10-04 13:00:00', 22, 3),
('어니부기의 물리 및 물타입 기술은 매우 강력하죠. 공격적인 전투 스타일을 잘 활용해야 해요.', '2024-10-05 14:30:00', 23, 4),
('가디의 불꽃 공격과 빠른 속도는 전투에서 큰 장점이죠. 윈디로 진화하면 더욱 강력해져요.', '2024-10-06 16:00:00', 24, 5),
('전기 타입 포켓몬의 전투 전략은 상대의 타입에 따라 다르게 적용해야 해요. 기술 조합이 중요하죠.', '2024-10-07 11:30:00', 25, 1),
('풀 타입 포켓몬의 진화 시점은 전략적으로 고려해야 해요. 레벨에 따라 장점이 달라지죠.', '2024-10-08 14:00:00', 26, 2),
('불꽃 타입 기술 중 어떤 기술이 효과적인지는 상황에 따라 달라져요. 다양한 기술을 고려해보세요.', '2024-10-09 15:30:00', 27, 3),
('물 타입 포켓몬의 약점과 보완 전략은 매우 중요하죠. 타입 상성을 잘 이해해야 해요.', '2024-10-10 09:30:00', 28, 4),
('드래곤 타입 포켓몬을 육성할 때 기술과 진화 시점을 잘 선택해야 해요. 효과적인 육성 방법을 찾아보세요.', '2024-10-11 12:00:00', 29, 5),
('악 타입 기술의 전투 장점은 상황에 따라 달라져요. 효과적인 사용법을 잘 익히는 것이 중요해요.', '2024-10-12 14:30:00', 30, 1);

-- 5. 포켓몬 랭킹(인기) 샘플
--select * from rankpokemon;
INSERT INTO rankpokemon (pno, click, win) VALUES
(1, 15, 5),
(2, 23, 7),
(3, 30, 12),
(4, 7, 3),
(5, 18, 8),
(6, 21, 10),
(7, 13, 6),
(8, 25, 9),
(9, 17, 11),
(10, 9, 4),
(11, 11, 2),
(12, 20, 15),
(13, 22, 14),
(14, 8, 1),
(15, 29, 13),
(16, 12, 7),
(17, 14, 8),
(18, 24, 16),
(19, 19, 10),
(20, 16, 6),
(21, 26, 12),
(22, 10, 5),
(23, 28, 9),
(24, 27, 8),
(25, 6, 2),
(26, 5, 1),
(27, 4, 0),
(28, 3, 0),
(29, 2, 1),
(30, 1, 0),
(31, 1, 0),
(32, 1, 0),
(33, 1, 0),
(34, 1, 0),
(35, 1, 0),
(36, 1, 0),
(37, 1, 0),
(38, 1, 0),
(39, 1, 0),
(40, 1, 0),
(41, 1, 0),
(42, 1, 0),
(43, 1, 0),
(44, 1, 0),
(45, 1, 0),
(46, 1, 0),
(47, 1, 0),
(48, 1, 0),
(49, 1, 0),
(50, 1, 0),
(51, 1, 0),
(52, 1, 0),
(53, 1, 0),
(54, 1, 0),
(55, 1, 0),
(56, 1, 0),
(57, 1, 0),
(58, 1, 0),
(59, 1, 0),
(60, 1, 0),
(61, 1, 0),
(62, 1, 0),
(63, 1, 0),
(64, 1, 0),
(65, 1, 0),
(66, 1, 0),
(67, 1, 0),
(68, 1, 0),
(69, 1, 0),
(70, 1, 0),
(71, 1, 0),
(72, 1, 0),
(73, 1, 0),
(74, 1, 0),
(75, 1, 0),
(76, 1, 0),
(77, 1, 0),
(78, 1, 0),
(79, 1, 0),
(80, 1, 0),
(81, 1, 0),
(82, 1, 0),
(83, 1, 0),
(84, 1, 0),
(85, 1, 0),
(86, 1, 0),
(87, 1, 0),
(88, 1, 0),
(89, 1, 0),
(90, 1, 0),
(91, 1, 0),
(92, 1, 0),
(93, 1, 0),
(94, 1, 0),
(95, 1, 0),
(96, 1, 0),
(97, 1, 0),
(98, 1, 0),
(99, 1, 0),
(100, 1, 0),
(101, 1, 0),
(102, 1, 0),
(103, 1, 0),
(104, 1, 0),
(105, 1, 0),
(106, 1, 0),
(107, 1, 0),
(108, 1, 0),
(109, 1, 0),
(110, 1, 0),
(111, 1, 0),
(112, 1, 0),
(113, 1, 0),
(114, 1, 0),
(115, 1, 0),
(116, 1, 0),
(117, 1, 0),
(118, 1, 0),
(119, 1, 0),
(120, 1, 0),
(121, 1, 0),
(122, 1, 0),
(123, 1, 0),
(124, 1, 0),
(125, 1, 0),
(126, 1, 0),
(127, 1, 0),
(128, 1, 0),
(129, 1, 0),
(130, 1, 0),
(131, 1, 0),
(132, 1, 0),
(133, 1, 0),
(134, 1, 0),
(135, 1, 0),
(136, 1, 0),
(137, 1, 0),
(138, 1, 0),
(139, 1, 0),
(140, 1, 0),
(141, 1, 0),
(142, 1, 0),
(143, 1, 0),
(144, 1, 0),
(145, 1, 0),
(146, 1, 0),
(147, 1, 0),
(148, 1, 0),
(149, 1, 0),
(150, 1, 0),
(151, 1, 0),
(152, 1, 0),
(153, 1, 0),
(154, 1, 0),
(155, 1, 0),
(156, 1, 0),
(157, 1, 0),
(158, 1, 0),
(159, 1, 0),
(160, 1, 0),
(161, 1, 0),
(162, 1, 0),
(163, 1, 0),
(164, 1, 0),
(165, 1, 0),
(166, 1, 0),
(167, 1, 0),
(168, 1, 0),
(169, 1, 0),
(170, 1, 0),
(171, 1, 0),
(172, 1, 0),
(173, 1, 0),
(174, 1, 0),
(175, 1, 0),
(176, 1, 0),
(177, 1, 0),
(178, 1, 0),
(179, 1, 0),
(180, 1, 0),
(181, 1, 0),
(182, 1, 0),
(183, 1, 0),
(184, 1, 0),
(185, 1, 0),
(186, 1, 0),
(187, 1, 0),
(188, 1, 0),
(189, 1, 0),
(190, 1, 0),
(191, 1, 0),
(192, 1, 0),
(193, 1, 0),
(194, 1, 0),
(195, 1, 0),
(196, 1, 0),
(197, 1, 0),
(198, 1, 0),
(199, 1, 0),
(200, 1, 0),
(201, 1, 0),
(202, 1, 0),
(203, 1, 0),
(204, 1, 0),
(205, 1, 0),
(206, 1, 0),
(207, 1, 0),
(208, 1, 0),
(209, 1, 0),
(210, 1, 0),
(211, 1, 0),
(212, 1, 0),
(213, 1, 0),
(214, 1, 0),
(215, 1, 0),
(216, 1, 0),
(217, 1, 0),
(218, 1, 0),
(219, 1, 0),
(220, 1, 0),
(221, 1, 0),
(222, 1, 0),
(223, 1, 0),
(224, 1, 0),
(225, 1, 0),
(226, 1, 0),
(227, 1, 0),
(228, 1, 0),
(229, 1, 0),
(230, 1, 0),
(231, 1, 0),
(232, 1, 0),
(233, 1, 0),
(234, 1, 0),
(235, 1, 0),
(236, 1, 0),
(237, 1, 0),
(238, 1, 0),
(239, 1, 0),
(240, 1, 0),
(241, 1, 0),
(242, 1, 0),
(243, 1, 0),
(244, 1, 0),
(245, 1, 0),
(246, 1, 0),
(247, 1, 0),
(248, 1, 0),
(249, 1, 0),
(250, 1, 0),
(251, 1, 0),
(252, 1, 0),
(253, 1, 0),
(254, 1, 0),
(255, 1, 0),
(256, 1, 0),
(257, 1, 0),
(258, 1, 0),
(259, 1, 0),
(260, 1, 0),
(261, 1, 0),
(262, 1, 0),
(263, 1, 0),
(264, 1, 0),
(265, 1, 0),
(266, 1, 0),
(267, 1, 0),
(268, 1, 0),
(269, 1, 0),
(270, 1, 0),
(271, 1, 0),
(272, 1, 0),
(273, 1, 0),
(274, 1, 0),
(275, 1, 0),
(276, 1, 0),
(277, 1, 0),
(278, 1, 0),
(279, 1, 0),
(280, 1, 0),
(281, 1, 0),
(282, 1, 0),
(283, 1, 0),
(284, 1, 0),
(285, 1, 0),
(286, 1, 0),
(287, 1, 0),
(288, 1, 0),
(289, 1, 0),
(290, 1, 0),
(291, 1, 0),
(292, 1, 0),
(293, 1, 0),
(294, 1, 0),
(295, 1, 0),
(296, 1, 0),
(297, 1, 0),
(298, 1, 0),
(299, 1, 0),
(300, 1, 0),
(301, 1, 0),
(302, 1, 0),
(303, 1, 0),
(304, 1, 0),
(305, 1, 0),
(306, 1, 0),
(307, 1, 0),
(308, 1, 0),
(309, 1, 0),
(310, 1, 0),
(311, 1, 0),
(312, 1, 0),
(313, 1, 0),
(314, 1, 0),
(315, 1, 0),
(316, 1, 0),
(317, 1, 0),
(318, 1, 0),
(319, 1, 0),
(320, 1, 0),
(321, 1, 0),
(322, 1, 0),
(323, 1, 0),
(324, 1, 0),
(325, 1, 0),
(326, 1, 0),
(327, 1, 0),
(328, 1, 0),
(329, 1, 0),
(330, 1, 0),
(331, 1, 0),
(332, 1, 0),
(333, 1, 0),
(334, 1, 0),
(335, 1, 0),
(336, 1, 0),
(337, 1, 0),
(338, 1, 0),
(339, 1, 0),
(340, 1, 0),
(341, 1, 0),
(342, 1, 0),
(343, 1, 0),
(344, 1, 0),
(345, 1, 0),
(346, 1, 0),
(347, 1, 0),
(348, 1, 0),
(349, 1, 0),
(350, 1, 0),
(351, 1, 0),
(352, 1, 0),
(353, 1, 0),
(354, 1, 0),
(355, 1, 0),
(356, 1, 0),
(357, 1, 0),
(358, 1, 0),
(359, 1, 0),
(360, 1, 0),
(361, 1, 0),
(362, 1, 0),
(363, 1, 0),
(364, 1, 0),
(365, 1, 0),
(366, 1, 0),
(367, 1, 0),
(368, 1, 0),
(369, 1, 0),
(370, 1, 0),
(371, 1, 0),
(372, 1, 0),
(373, 1, 0),
(374, 1, 0),
(375, 1, 0),
(376, 1, 0),
(377, 1, 0),
(378, 1, 0),
(379, 1, 0),
(380, 1, 0),
(381, 1, 0),
(382, 1, 0),
(383, 1, 0),
(384, 1, 0),
(385, 1, 0),
(386, 1, 0),
(387, 1, 0),
(388, 1, 0),
(389, 1, 0),
(390, 1, 0),
(391, 1, 0),
(392, 1, 0),
(393, 1, 0),
(394, 1, 0),
(395, 1, 0),
(396, 1, 0),
(397, 1, 0),
(398, 1, 0),
(399, 1, 0),
(400, 1, 0),
(401, 1, 0),
(402, 1, 0),
(403, 1, 0),
(404, 1, 0),
(405, 1, 0),
(406, 1, 0),
(407, 1, 0),
(408, 1, 0),
(409, 1, 0),
(410, 1, 0),
(411, 1, 0),
(412, 1, 0),
(413, 1, 0),
(414, 1, 0),
(415, 1, 0),
(416, 1, 0),
(417, 1, 0),
(418, 1, 0),
(419, 1, 0),
(420, 1, 0),
(421, 1, 0),
(422, 1, 0),
(423, 1, 0),
(424, 1, 0),
(425, 1, 0),
(426, 1, 0),
(427, 1, 0),
(428, 1, 0),
(429, 1, 0),
(430, 1, 0),
(431, 1, 0),
(432, 1, 0),
(433, 1, 0),
(434, 1, 0),
(435, 1, 0),
(436, 1, 0),
(437, 1, 0),
(438, 1, 0),
(439, 1, 0),
(440, 1, 0),
(441, 1, 0),
(442, 1, 0),
(443, 1, 0),
(444, 1, 0),
(445, 1, 0),
(446, 1, 0),
(447, 1, 0),
(448, 1, 0),
(449, 1, 0),
(450, 1, 0),
(451, 1, 0),
(452, 1, 0),
(453, 1, 0),
(454, 1, 0),
(455, 1, 0),
(456, 1, 0),
(457, 1, 0),
(458, 1, 0),
(459, 1, 0),
(460, 1, 0),
(461, 1, 0),
(462, 1, 0),
(463, 1, 0),
(464, 1, 0),
(465, 1, 0),
(466, 1, 0),
(467, 1, 0),
(468, 1, 0),
(469, 1, 0),
(470, 1, 0),
(471, 1, 0),
(472, 1, 0),
(473, 1, 0),
(474, 1, 0),
(475, 1, 0),
(476, 1, 0),
(477, 1, 0),
(478, 1, 0),
(479, 1, 0),
(480, 1, 0),
(481, 1, 0),
(482, 1, 0),
(483, 1, 0),
(484, 1, 0),
(485, 1, 0),
(486, 1, 0),
(487, 1, 0),
(488, 1, 0),
(489, 1, 0),
(490, 1, 0),
(491, 1, 0),
(492, 1, 0),
(493, 1, 0),
(494, 1, 0),
(495, 1, 0),
(496, 1, 0),
(497, 1, 0),
(498, 1, 0),
(499, 1, 0),
(500, 1, 0),
(501, 1, 0),
(502, 1, 0),
(503, 1, 0),
(504, 1, 0),
(505, 1, 0),
(506, 1, 0),
(507, 1, 0),
(508, 1, 0),
(509, 1, 0),
(510, 1, 0),
(511, 1, 0),
(512, 1, 0),
(513, 1, 0),
(514, 1, 0),
(515, 1, 0),
(516, 1, 0),
(517, 1, 0),
(518, 1, 0),
(519, 1, 0),
(520, 1, 0),
(521, 1, 0),
(522, 1, 0),
(523, 1, 0),
(524, 1, 0),
(525, 1, 0),
(526, 1, 0),
(527, 1, 0),
(528, 1, 0),
(529, 1, 0),
(530, 1, 0),
(531, 1, 0),
(532, 1, 0),
(533, 1, 0),
(534, 1, 0),
(535, 1, 0),
(536, 1, 0),
(537, 1, 0),
(538, 1, 0),
(539, 1, 0),
(540, 1, 0),
(541, 1, 0),
(542, 1, 0),
(543, 1, 0),
(544, 1, 0),
(545, 1, 0),
(546, 1, 0),
(547, 1, 0),
(548, 1, 0),
(549, 1, 0),
(550, 1, 0),
(551, 1, 0),
(552, 1, 0),
(553, 1, 0),
(554, 1, 0),
(555, 1, 0),
(556, 1, 0),
(557, 1, 0),
(558, 1, 0),
(559, 1, 0),
(560, 1, 0),
(561, 1, 0),
(562, 1, 0),
(563, 1, 0),
(564, 1, 0),
(565, 1, 0),
(566, 1, 0),
(567, 1, 0),
(568, 1, 0),
(569, 1, 0),
(570, 1, 0),
(571, 1, 0),
(572, 1, 0),
(573, 1, 0),
(574, 1, 0),
(575, 1, 0),
(576, 1, 0),
(577, 1, 0),
(578, 1, 0),
(579, 1, 0),
(580, 1, 0),
(581, 1, 0),
(582, 1, 0),
(583, 1, 0),
(584, 1, 0),
(585, 1, 0),
(586, 1, 0),
(587, 1, 0),
(588, 1, 0),
(589, 1, 0),
(590, 1, 0),
(591, 1, 0),
(592, 1, 0),
(593, 1, 0),
(594, 1, 0),
(595, 1, 0),
(596, 1, 0),
(597, 1, 0),
(598, 1, 0),
(599, 1, 0),
(600, 1, 0),
(601, 1, 0),
(602, 1, 0),
(603, 1, 0),
(604, 1, 0),
(605, 1, 0),
(606, 1, 0),
(607, 1, 0),
(608, 1, 0),
(609, 1, 0),
(610, 1, 0),
(611, 1, 0),
(612, 1, 0),
(613, 1, 0),
(614, 1, 0),
(615, 1, 0),
(616, 1, 0),
(617, 1, 0),
(618, 1, 0),
(619, 1, 0),
(620, 1, 0),
(621, 1, 0),
(622, 1, 0),
(623, 1, 0),
(624, 1, 0),
(625, 1, 0),
(626, 1, 0),
(627, 1, 0),
(628, 1, 0),
(629, 1, 0),
(630, 1, 0),
(631, 1, 0),
(632, 1, 0),
(633, 1, 0),
(634, 1, 0),
(635, 1, 0),
(636, 1, 0),
(637, 1, 0),
(638, 1, 0),
(639, 1, 0),
(640, 1, 0),
(641, 1, 0),
(642, 1, 0),
(643, 1, 0),
(644, 1, 0),
(645, 1, 0),
(646, 1, 0),
(647, 1, 0),
(648, 1, 0),
(649, 1, 0),
(650, 1, 0),
(651, 1, 0),
(652, 1, 0),
(653, 1, 0),
(654, 1, 0),
(655, 1, 0),
(656, 1, 0),
(657, 1, 0),
(658, 1, 0),
(659, 1, 0),
(660, 1, 0),
(661, 1, 0),
(662, 1, 0),
(663, 1, 0),
(664, 1, 0),
(665, 1, 0),
(666, 1, 0),
(667, 1, 0),
(668, 1, 0),
(669, 1, 0),
(670, 1, 0),
(671, 1, 0),
(672, 1, 0),
(673, 1, 0),
(674, 1, 0),
(675, 1, 0),
(676, 1, 0),
(677, 1, 0),
(678, 1, 0),
(679, 1, 0),
(680, 1, 0),
(681, 1, 0),
(682, 1, 0),
(683, 1, 0),
(684, 1, 0),
(685, 1, 0),
(686, 1, 0),
(687, 1, 0),
(688, 1, 0),
(689, 1, 0),
(690, 1, 0),
(691, 1, 0),
(692, 1, 0),
(693, 1, 0),
(694, 1, 0),
(695, 1, 0),
(696, 1, 0),
(697, 1, 0),
(698, 1, 0),
(699, 1, 0),
(700, 1, 0),
(701, 1, 0),
(702, 1, 0),
(703, 1, 0),
(704, 1, 0),
(705, 1, 0),
(706, 1, 0),
(707, 1, 0),
(708, 1, 0),
(709, 1, 0),
(710, 1, 0),
(711, 1, 0),
(712, 1, 0),
(713, 1, 0),
(714, 1, 0),
(715, 1, 0),
(716, 1, 0),
(717, 1, 0),
(718, 1, 0),
(719, 1, 0),
(720, 1, 0),
(721, 1, 0),
(722, 1, 0),
(723, 1, 0),
(724, 1, 0),
(725, 1, 0),
(726, 1, 0),
(727, 1, 0),
(728, 1, 0),
(729, 1, 0),
(730, 1, 0),
(731, 1, 0),
(732, 1, 0),
(733, 1, 0),
(734, 1, 0),
(735, 1, 0),
(736, 1, 0),
(737, 1, 0),
(738, 1, 0),
(739, 1, 0),
(740, 1, 0),
(741, 1, 0),
(742, 1, 0),
(743, 1, 0),
(744, 1, 0),
(745, 1, 0),
(746, 1, 0),
(747, 1, 0),
(748, 1, 0),
(749, 1, 0),
(750, 1, 0),
(751, 1, 0),
(752, 1, 0),
(753, 1, 0),
(754, 1, 0),
(755, 1, 0),
(756, 1, 0),
(757, 1, 0),
(758, 1, 0),
(759, 1, 0),
(760, 1, 0),
(761, 1, 0),
(762, 1, 0),
(763, 1, 0),
(764, 1, 0),
(765, 1, 0),
(766, 1, 0),
(767, 1, 0),
(768, 1, 0),
(769, 1, 0),
(770, 1, 0),
(771, 1, 0),
(772, 1, 0),
(773, 1, 0),
(774, 1, 0),
(775, 1, 0),
(776, 1, 0),
(777, 1, 0),
(778, 1, 0),
(779, 1, 0),
(780, 1, 0),
(781, 1, 0),
(782, 1, 0),
(783, 1, 0),
(784, 1, 0),
(785, 1, 0),
(786, 1, 0),
(787, 1, 0),
(788, 1, 0),
(789, 1, 0),
(790, 1, 0),
(791, 1, 0),
(792, 1, 0),
(793, 1, 0),
(794, 1, 0),
(795, 1, 0),
(796, 1, 0),
(797, 1, 0),
(798, 1, 0),
(799, 1, 0),
(800, 1, 0),
(801, 1, 0),
(802, 1, 0),
(803, 1, 0),
(804, 1, 0),
(805, 1, 0),
(806, 1, 0),
(807, 1, 0),
(808, 1, 0),
(809, 1, 0),
(810, 1, 0),
(811, 1, 0),
(812, 1, 0),
(813, 1, 0),
(814, 1, 0),
(815, 1, 0),
(816, 1, 0),
(817, 1, 0),
(818, 1, 0),
(819, 1, 0),
(820, 1, 0),
(821, 1, 0),
(822, 1, 0),
(823, 1, 0),
(824, 1, 0),
(825, 1, 0),
(826, 1, 0),
(827, 1, 0),
(828, 1, 0),
(829, 1, 0),
(830, 1, 0),
(831, 1, 0),
(832, 1, 0),
(833, 1, 0),
(834, 1, 0),
(835, 1, 0),
(836, 1, 0),
(837, 1, 0),
(838, 1, 0),
(839, 1, 0),
(840, 1, 0),
(841, 1, 0),
(842, 1, 0),
(843, 1, 0),
(844, 1, 0),
(845, 1, 0),
(846, 1, 0),
(847, 1, 0),
(848, 1, 0),
(849, 1, 0),
(850, 1, 0),
(851, 1, 0),
(852, 1, 0),
(853, 1, 0),
(854, 1, 0),
(855, 1, 0),
(856, 1, 0),
(857, 1, 0),
(858, 1, 0),
(859, 1, 0),
(860, 1, 0),
(861, 1, 0),
(862, 1, 0),
(863, 1, 0),
(864, 1, 0),
(865, 1, 0),
(866, 1, 0),
(867, 1, 0),
(868, 1, 0),
(869, 1, 0),
(870, 1, 0),
(871, 1, 0),
(872, 1, 0),
(873, 1, 0),
(874, 1, 0),
(875, 1, 0),
(876, 1, 0),
(877, 1, 0),
(878, 1, 0),
(879, 1, 0),
(880, 1, 0),
(881, 1, 0),
(882, 1, 0),
(883, 1, 0),
(884, 1, 0),
(885, 1, 0),
(886, 1, 0),
(887, 1, 0),
(888, 1, 0),
(889, 1, 0),
(890, 1, 0),
(891, 1, 0),
(892, 1, 0),
(893, 1, 0),
(894, 1, 0),
(895, 1, 0),
(896, 1, 0),
(897, 1, 0),
(898, 1, 0),
(899, 1, 0),
(900, 1, 0),
(901, 1, 0),
(902, 1, 0),
(903, 1, 0),
(904, 1, 0),
(905, 1, 0),
(906, 1, 0),
(907, 1, 0),
(908, 1, 0),
(909, 1, 0),
(910, 1, 0),
(911, 1, 0),
(912, 1, 0),
(913, 1, 0),
(914, 1, 0),
(915, 1, 0),
(916, 1, 0),
(917, 1, 0),
(918, 1, 0),
(919, 1, 0),
(920, 1, 0),
(921, 1, 0),
(922, 1, 0),
(923, 1, 0),
(924, 1, 0),
(925, 1, 0),
(926, 1, 0),
(927, 1, 0),
(928, 1, 0),
(929, 1, 0),
(930, 1, 0),
(931, 1, 0),
(932, 1, 0),
(933, 1, 0),
(934, 1, 0),
(935, 1, 0),
(936, 1, 0),
(937, 1, 0),
(938, 1, 0),
(939, 1, 0),
(940, 1, 0),
(941, 1, 0),
(942, 1, 0),
(943, 1, 0),
(944, 1, 0),
(945, 1, 0),
(946, 1, 0),
(947, 1, 0),
(948, 1, 0),
(949, 1, 0),
(950, 1, 0),
(951, 1, 0),
(952, 1, 0),
(953, 1, 0),
(954, 1, 0),
(955, 1, 0),
(956, 1, 0),
(957, 1, 0),
(958, 1, 0),
(959, 1, 0),
(960, 1, 0),
(961, 1, 0),
(962, 1, 0),
(963, 1, 0),
(964, 1, 0),
(965, 1, 0),
(966, 1, 0),
(967, 1, 0),
(968, 1, 0),
(969, 1, 0),
(970, 1, 0),
(971, 1, 0),
(972, 1, 0),
(973, 1, 0),
(974, 1, 0),
(975, 1, 0),
(976, 1, 0),
(977, 1, 0),
(978, 1, 0),
(979, 1, 0),
(980, 1, 0),
(981, 1, 0),
(982, 1, 0),
(983, 1, 0),
(984, 1, 0),
(985, 1, 0),
(986, 1, 0),
(987, 1, 0),
(988, 1, 0),
(989, 1, 0),
(990, 1, 0),
(991, 1, 0),
(992, 1, 0),
(993, 1, 0),
(994, 1, 0),
(995, 1, 0),
(996, 1, 0),
(997, 1, 0),
(998, 1, 0),
(999, 1, 0),
(1000, 1, 0),
(1001, 1, 0),
(1002, 1, 0),
(1003, 1, 0),
(1004, 1, 0),
(1005, 1, 0),
(1006, 1, 0),
(1007, 1, 0),
(1008, 1, 0),
(1009, 1, 0),
(1010, 1, 0),
(1011, 1, 0),
(1012, 1, 0),
(1013, 1, 0),
(1014, 1, 0),
(1015, 1, 0),
(1016, 1, 0),
(1017, 1, 0),
(1018, 1, 0),
(1019, 1, 0),
(1020, 1, 0),
(1021, 1, 0),
(1022, 1, 0),
(1023, 1, 0),
(1024, 1, 0),
(1025, 1, 0);

-- 7. proposal 테이블 조회
select * from proposal;
INSERT INTO proposal (prono , uno , pno) VALUES
(1, 1, 15),
(2, 2, 102),
(3, 3, 150),
(4, 4, 450),
(5, 5, 23),
(6, 6, 900),
(7, 7, 15),
(8, 8, 300),
(9, 9, 600),
(10, 10, 5),
(11, 11, 1025),
(12, 12, 800),
(13, 13, 50),
(14, 14, 700),
(15, 15, 25),
(16, 16, 120),
(17, 17, 355),
(18, 18, 485),
(19, 19, 305),
(20, 20, 500),
(21, 21, 765),
(22, 22, 15),
(23, 23, 80),
(24, 24, 400),
(25, 25, 650),
(26, 26, 225),
(27, 27, 50),
(28, 28, 975),
(29, 29, 800),
(30, 30, 110),
(31, 31, 201),
(32, 32, 300),
(33, 33, 425),
(34, 34, 725),
(35, 35, 900),
(36, 36, 150),
(37, 37, 510),
(38, 38, 130),
(39, 39, 715),
(40, 40, 815),
(41, 41, 999),
(42, 42, 111),
(43, 43, 22),
(44, 44, 333),
(45, 45, 622),
(46, 46, 44),
(47, 47, 908),
(48, 48, 265),
(49, 49, 490),
(50, 50, 55),
(51, 51, 210),
(52, 52, 785),
(53, 53, 90),
(54, 54, 300),
(55, 55, 1010),
(56, 56, 40),
(57, 57, 120),
(58, 58, 625),
(59, 59, 205),
(60, 60, 999),
(61, 61, 412),
(62, 62, 860),
(63, 63, 375),
(64, 64, 550),
(65, 65, 777),
(66, 66, 33),
(67, 67, 1005),
(68, 68, 400),
(69, 69, 30),
(70, 70, 650),
(71, 71, 500),
(72, 72, 1),
(73, 73, 650),
(74, 74, 850),
(75, 75, 1025),
(76, 76, 450),
(77, 77, 750),
(78, 78, 100),
(79, 79, 333),
(80, 80, 800),
(81, 81, 20),
(82, 82, 250),
(83, 83, 365),
(84, 84, 777),
(85, 85, 905),
(86, 86, 110),
(87, 87, 130),
(88, 88, 180),
(89, 89, 250),
(90, 90, 999),
(91, 91, 105),
(92, 92, 444),
(93, 93, 150),
(94, 94, 250),
(95, 95, 300),
(96, 96, 800),
(97, 97, 400),
(98, 98, 850),
(99, 99, 125),
(100, 100, 950),
(101, 101, 5),
(102, 102, 200),
(103, 103, 222),
(104, 104, 302),
(105, 105, 330),
(106, 106, 555),
(107, 107, 685),
(108, 108, 750),
(109, 109, 999),
(110, 110, 1),
(111, 111, 405),
(112, 112, 1025),
(113, 113, 800),
(114, 114, 150),
(115, 115, 990),
(116, 116, 455),
(117, 117, 110),
(118, 118, 225),
(119, 119, 312),
(120, 120, 777),
(121, 121, 50),
(122, 122, 220),
(123, 123, 300),
(124, 124, 150),
(125, 125, 105),
(126, 126, 999),
(127, 127, 600),
(128, 128, 250),
(129, 129, 650),
(130, 130, 555),
(131, 131, 1000),
(132, 132, 750),
(133, 133, 222),
(134, 134, 888),
(135, 135, 115),
(136, 136, 630),
(137, 137, 50),
(138, 138, 540),
(139, 139, 320),
(140, 140, 505),
(141, 141, 110),
(142, 142, 600),
(143, 143, 220),
(144, 144, 333),
(145, 145, 999),
(146, 146, 45),
(147, 147, 205),
(148, 148, 810),
(149, 149, 987),
(150, 150, 475),
(151, 151, 220),
(152, 152, 370),
(153, 153, 610),
(154, 154, 115),
(155, 155, 800),
(156, 156, 50),
(157, 157, 350),
(158, 158, 900),
(159, 159, 1025),
(160, 160, 250),
(161, 161, 990),
(162, 162, 5),
(163, 163, 555),
(164, 164, 45),
(165, 165, 800),
(166, 166, 10),
(167, 167, 400),
(168, 168, 320),
(169, 169, 205),
(170, 170, 455),
(171, 171, 900),
(172, 172, 100),
(173, 173, 800),
(174, 174, 555),
(175, 175, 250),
(176, 176, 370),
(177, 177, 675),
(178, 178, 905),
(179, 179, 900),
(180, 180, 300),
(181, 181, 150),
(182, 182, 999),
(183, 183, 1025),
(184, 184, 45),
(185, 185, 205),
(186, 186, 110),
(187, 187, 250),
(188, 188, 600),
(189, 189, 375),
(190, 190, 900),
(191, 191, 800),
(192, 192, 320),
(193, 193, 900),
(194, 194, 125),
(195, 195, 505),
(196, 196, 1000),
(197, 197, 50),
(198, 198, 999),
(199, 199, 150),
(200, 200, 250),
(201, 201, 750),
(202, 202, 400),
(203, 203, 880),
(204, 204, 350),
(205, 205, 450),
(206, 206, 200),
(207, 207, 10),
(208, 208, 999),
(209, 209, 600),
(210, 210, 105),
(211, 211, 111),
(212, 212, 450),
(213, 213, 900),
(214, 214, 250),
(215, 215, 750),
(216, 216, 360),
(217, 217, 800),
(218, 218, 444),
(219, 219, 550),
(220, 220, 880),
(221, 221, 110),
(222, 222, 480),
(223, 223, 805),
(224, 224, 902),
(225, 225, 120),
(226, 226, 125),
(227, 227, 400),
(228, 228, 800),
(229, 229, 225),
(230, 230, 111),
(231, 231, 999),
(232, 232, 500),
(233, 233, 300),
(234, 234, 10),
(235, 235, 800),
(236, 236, 250),
(237, 237, 320),
(238, 238, 910),
(239, 239, 75),
(240, 240, 105),
(241, 241, 1000),
(242, 242, 999),
(243, 243, 150),
(244, 244, 100),
(245, 245, 50),
(246, 246, 1025),
(247, 247, 800),
(248, 248, 20),
(249, 249, 500),
(250, 250, 111),
(251, 251, 250),
(252, 252, 750),
(253, 253, 333),
(254, 254, 888),
(255, 255, 225),
(256, 256, 120),
(257, 257, 990),
(258, 258, 400),
(259, 259, 900),
(260, 260, 250),
(261, 261, 555),
(262, 262, 150),
(263, 263, 800),
(264, 264, 888),
(265, 265, 1025),
(266, 266, 90),
(267, 267, 250),
(268, 268, 1025),
(269, 269, 125),
(270, 270, 55),
(271, 271, 100),
(272, 272, 999),
(273, 273, 150),
(274, 274, 200),
(275, 275, 1000),
(276, 276, 350),
(277, 277, 700),
(278, 278, 300),
(279, 279, 100),
(280, 280, 150),
(281, 281, 950),
(282, 282, 900),
(283, 283, 800),
(284, 284, 200),
(285, 285, 75),
(286, 286, 999),
(287, 287, 500),
(288, 288, 100),
(289, 289, 999),
(290, 290, 150),
(291, 291, 50),
(292, 292, 222),
(293, 293, 900),
(294, 294, 20),
(295, 295, 150),
(296, 296, 500),
(297, 297, 850),
(298, 298, 900),
(299, 299, 10),
(300, 300, 550),
(301, 301, 300),
(302, 302, 800),
(303, 303, 555),
(304, 304, 50),
(305, 305, 950),
(306, 306, 100),
(307, 307, 150),
(308, 308, 750),
(309, 309, 400),
(310, 310, 125),
(311, 311, 5),
(312, 312, 555),
(313, 313, 900),
(314, 314, 200),
(315, 315, 400),
(316, 316, 125),
(317, 317, 50),
(318, 318, 999),
(319, 319, 10),
(320, 320, 150),
(321, 321, 125),
(322, 322, 250),
(323, 323, 500),
(324, 324, 800),
(325, 325, 999),
(326, 326, 300),
(327, 327, 10),
(328, 328, 150),
(329, 329, 900),
(330, 330, 120),
(331, 331, 400),
(332, 332, 999),
(333, 333, 50),
(334, 334, 800),
(335, 335, 450),
(336, 336, 250),
(337, 337, 750),
(338, 338, 125),
(339, 339, 400),
(340, 340, 20),
(341, 341, 555),
(342, 342, 300),
(343, 343, 999),
(344, 344, 150),
(345, 345, 500),
(346, 346, 100),
(347, 347, 800),
(348, 348, 75),
(349, 349, 900),
(350, 350, 250),
(351, 351, 555),
(352, 352, 150),
(353, 353, 125),
(354, 354, 600),
(355, 355, 999),
(356, 356, 900),
(357, 357, 1000),
(358, 358, 800),
(359, 359, 125),
(360, 360, 750),
(361, 361, 150),
(362, 362, 100),
(363, 363, 999),
(364, 364, 50),
(365, 365, 150),
(366, 366, 500),
(367, 367, 450),
(368, 368, 800),
(369, 369, 750),
(370, 370, 1000),
(371, 371, 900),
(372, 372, 200),
(373, 373, 25),
(374, 374, 150),
(375, 375, 900),
(376, 376, 555),
(377, 377, 400),
(378, 378, 999),
(379, 379, 600),
(380, 380, 300),
(381, 381, 75),
(382, 382, 250),
(383, 383, 800),
(384, 384, 555),
(385, 385, 100),
(386, 386, 150),
(387, 387, 999),
(388, 388, 500),
(389, 389, 300),
(390, 390, 800),
(391, 391, 200),
(392, 392, 999),
(393, 393, 250),
(394, 394, 500),
(395, 395, 750),
(396, 396, 100),
(397, 397, 400),
(398, 398, 150),
(399, 399, 50),
(400, 400, 900),
(401, 401, 555),
(402, 402, 500),
(403, 403, 200),
(404, 404, 150),
(405, 405, 999),
(406, 406, 600),
(407, 407, 800),
(408, 408, 75),
(409, 409, 300),
(410, 410, 450),
(411, 411, 999),
(412, 412, 555),
(413, 413, 400),
(414, 414, 200),
(415, 415, 150),
(416, 416, 900),
(417, 417, 999),
(418, 418, 1000),
(419, 419, 75),
(420, 420, 50),
(421, 421, 300),
(422, 422, 800),
(423, 423, 500),
(424, 424, 200),
(425, 425, 999),
(426, 426, 150),
(427, 427, 600),
(428, 428, 900),
(429, 429, 100),
(430, 430, 75),
(431, 431, 800),
(432, 432, 450),
(433, 433, 555),
(434, 434, 999),
(435, 435, 300),
(436, 436, 200),
(437, 437, 150),
(438, 438, 400),
(439, 439, 250),
(440, 440, 750),
(441, 441, 900),
(442, 442, 100),
(443, 443, 555),
(444, 444, 50),
(445, 445, 200),
(446, 446, 150),
(447, 447, 999),
(448, 448, 100),
(449, 449, 900),
(450, 450, 555),
(451, 451, 200),
(452, 452, 400),
(453, 453, 75),
(454, 454, 800),
(455, 455, 150),
(456, 456, 999),
(457, 457, 50),
(458, 458, 150),
(459, 459, 300),
(460, 460, 900),
(461, 461, 1000),
(462, 462, 200),
(463, 463, 50),
(464, 464, 150),
(465, 465, 250),
(466, 466, 900),
(467, 467, 555),
(468, 468, 300),
(469, 469, 400),
(470, 470, 200),
(471, 471, 999),
(472, 472, 150),
(473, 473, 300),
(474, 474, 800),
(475, 475, 200),
(476, 476, 600),
(477, 477, 999),
(478, 478, 100),
(479, 479, 150),
(480, 480, 200),
(481, 481, 900),
(482, 482, 750),
(483, 483, 1000),
(484, 484, 250),
(485, 485, 150),
(486, 486, 600),
(487, 487, 100),
(488, 488, 999),
(489, 489, 800),
(490, 490, 555),
(491, 491, 150),
(492, 492, 300),
(493, 493, 200),
(494, 494, 450),
(495, 495, 999),
(496, 496, 500),
(497, 497, 800),
(498, 498, 250),
(499, 499, 150),
(500, 500, 999),
(501, 501, 300),
(502, 502, 1000),
(503, 503, 100),
(504, 504, 150),
(505, 505, 900),
(506, 506, 555),
(507, 507, 200),
(508, 508, 600),
(509, 509, 150),
(510, 510, 450),
(511, 511, 999),
(512, 512, 300),
(513, 513, 150),
(514, 514, 555),
(515, 515, 900),
(516, 516, 1000),
(517, 517, 800),
(518, 518, 555),
(519, 519, 999),
(520, 520, 300),
(521, 521, 150),
(522, 522, 600),
(523, 523, 999),
(524, 524, 400),
(525, 525, 100),
(526, 526, 500),
(527, 527, 300),
(528, 528, 750),
(529, 529, 999),
(530, 530, 1000);

-- 8. 내 포켓몬 샘플
INSERT INTO mypokemon (pokeno, stage, uno) VALUES
(23, 2, 2),
(412, 2, 3),
(789, 1, 4),
(102, 3, 5),
(746, 1, 6),
(67, 4, 7),
(912, 3, 8),
(234, 4, 9),
(678, 4, 10),
(321, 4, 11),
(54, 3, 12),
(899, 5, 13),
(113, 4, 14),
(455, 4, 15),
(876, 4, 16),
(0, 0, 17),
(801, 5, 18),
(145, 5, 19),
(923, 4, 20),
(512, 4, 21),
(730, 5, 22),
(850, 3, 23),
(999, 2, 24),
(314, 4, 25),
(0, 0, 26),
(530, 5, 27),
(675, 4, 28),
(840, 2, 29),
(214, 4, 30),
(14, 2, 31);

-- 9. 포켓몬 경험치 기록 샘플
INSERT INTO explog (expvalue, expmethod, mpno) VALUES
(10, '로그인', 1),
(10, '로그인', 2),
(10, '로그인', 3),
(10, '로그인', 4),
(10, '로그인', 5),
(5, '이상형 월드컵', 6),
(5, '댓글', 7),
(10, '로그인', 8),
(10, '로그인', 9),
(5, '댓글', 10),
(10, '로그인', 11),
(10, '로그인', 12),
(5, '이상형 월드컵', 13),
(10, '로그인', 14),
(10, '로그인', 15),
(10, '게시판 글쓰기', 16),
(10, '로그인', 17),
(10, '로그인', 18),
(10, '로그인', 19),
(5, '이상형 월드컵', 20),
(10, '로그인', 21),
(10, '게시판 글쓰기', 22),
(10, '로그인', 23),
(10, '로그인', 24),
(10, '로그인', 25),
(5, '이상형 월드컵', 26),
(10, '게시판 글쓰기', 27),
(10, '로그인', 28),
(10, '로그인', 29),
(10, '로그인', 30);
