-- 1. 회원 샘플
INSERT INTO users (id, password, name, gender, phone, ubirth, distinction) VALUES
('admin', '1234', '관리자', 'F', '010-0000-0000', '1980-05-15', '관리자'),
('johndoe91', 'abc1234!', '김철수', 'M', '010-1111-1111', '1985-03-22', '일반'),
('janesmith88', 'def456#$', '이영희', 'F', '010-2222-2222', '1990-07-11', '일반'),
('alicejohnson07', 'ghi789*(', '박민수', 'M', '010-3333-3333', '1992-11-30', '일반'),
('bobbrown23', 'jkl012&^', '최지혜', 'F', '010-4444-4444', '1988-02-09', '일반'),
('charliedavis10', 'mno345@!', '정수진', 'M', '010-5555-5555', '1995-06-18', '일반'),
('dianaevans15', 'pqr678#$', '장성호', 'F', '010-6666-6666', '1993-04-25', '일반'),
('edwardgarcia32', 'stu901(*', '조한별', 'M', '010-7777-7777', '1979-10-14', '일반'),
('fionaharris42', 'vwx234@!', '문서연', 'F', '010-8888-8888', '2001-12-01', '일반'),
('georgeclark55', 'yzA567#$', '오지훈', 'M', '010-9999-9999', '1984-08-17', '일반'),
('ianwalker76', 'efg123@!', '이준호', 'M', '010-1111-2222', '1997-09-20', '일반'),
('jacklee83', 'hij456#$', '박지연', 'F', '010-3333-4444', '1982-05-25', '일반'),
('karenallen91', 'klm789*(', '최민호', 'M', '010-5555-6666', '1990-01-15', '일반'),
('liamscott05', 'nop012&^', '정은지', 'F', '010-7777-8888', '1987-07-19', '일반'),
('miayoung12', 'qrs345@!', '장희재', 'M', '010-9999-0000', '2002-03-03', '일반'),
('noahking19', 'tuv678#$', '문서원', 'F', '010-1111-3333', '1994-11-22', '일반'),
('oliviawright23', 'wxy901(*', '조은비', 'F', '010-5645-5555', '1996-04-09', '일반'),
('paulturner34', 'zAB234@!', '김상혁', 'M', '010-4875-7777', '1989-02-14', '일반'),
('quinnadams45', 'cDE567#$', '이경희', 'F', '010-1203-9999', '2000-06-01', '일반'),
('ryanbaker56', 'fGH890*(', '박재민', 'M', '010-0450-1111', '1998-12-23', '일반'),
('sophiacarter67', 'iJK123@!', '최지훈', 'F', '010-2622-3333', '2004-08-17', '일반'),
('thomasmitchell78', 'lmn456#$', '정다연', 'M', '010-4444-5555', '1986-09-08', '일반'),
('umarobinson89', 'opq789*(', '장민정', 'F', '010-6666-7777', '1995-07-30', '일반'),
('victorparker90', 'rst012&^', '문석호', 'M', '010-8888-9999', '1981-10-26', '일반'),
('wendycollins01', 'uvw345@!', '조서현', 'F', '010-0000-2222', '2001-01-10', '일반'),
('xanderrivera12', 'xyz678#$', '이상우', 'M', '010-1111-4444', '1993-03-09', '일반'),
('yaraward23', 'ABC901(*', '박소희', 'F', '010-3333-6666', '1998-05-22', '일반'),
('zacharyross34', 'DEF234@!', '최진우', 'M', '010-5555-8888', '2001-07-15', '일반'),
('annabell45', 'GHI567#$', '김미영', 'F', '010-7777-0000', '1975-12-15', '일반'),
('briangray56', 'JKL890*(', '이도현', 'M', '010-8888-1111', '2010-11-20', '일반');


-- 2. 카테고리 샘플
--select * from category;
INSERT INTO category (categoryname) VALUES ('자유'), ('정보'), ('토론'), ('질문'), ('자랑');

-- 3. 게시판 샘플
--select * from board;
INSERT INTO board (btitle, bcontent, bdate, bview, uno, categoryno) VALUES
('피카츄의 전기 공격', '피카츄의 백만볼트가 전투에서 정말 유용하네요!', '2024-09-05 14:31:00', 14, 4, 1),
('리자몽의 불꽃 공격', '리자몽의 화염 방사는 정말 강력해요. 전투에서 강한 효과를 발휘해요!', '2024-09-06 09:15:00', 10, 2, 1),
('이상해씨의 진화', '이상해씨가 이상해풀로 진화하면서 새로운 기술을 배우는 모습이 멋져요.', '2024-09-06 11:45:00', 75, 3, 1),
('꼬부기의 물 타입 공격', '꼬부기의 물총과 물대포는 물 타입 공격에서 정말 강력합니다.', '2024-09-07 10:30:00', 30, 4, 1),
('버터플의 비행 기술', '버터플이 사용하는 날개치기는 전투에서 유용하네요. 특히 비행 타입 상대로!', '2024-09-07 13:00:00', 44, 1, 1),
('내 피카츄가 최고!', '제 피카츄는 정말 특별해요! 백만볼트, 전격파, 그리고 스피드가 뛰어나서 전투에서 항상 승리해요. 자랑스러워요!', '2024-09-15 15:00:00', 4, 1, 5),
('리자몽의 불꽃이 뜨겁다!', '제 리자몽은 불꽃 기술을 완벽하게 소화합니다. 불꽃 방사와 용의 브레스를 사용하는 모습이 정말 멋지네요. 진정한 전투의 왕입니다!', '2024-09-16 10:30:00', 1, 2, 5),
('이상해씨의 진화가 자랑스러워요!', '이상해씨가 이상해풀로 진화한 모습이 너무 자랑스러워요. 특히 레이저빔 기술로 상대를 물리치는 장면이 최고입니다!', '2024-09-17 12:00:00', 9, 3, 5),
('내 블래키는 정말 강력해요!', '블래키의 어둠의 파동과 자원봉사로 팀을 지키는 모습이 자랑스럽습니다. 전투에서 매우 중요한 역할을 하고 있죠.', '2024-09-18 14:45:00', 63, 4, 5),
('뮤츠의 사이킥은 끝내줍니다!', '뮤츠의 사이킥 공격력은 상상을 초월해요. 심리적인 압박과 함께 강력한 전투력을 자랑합니다. 제 최고의 포켓몬이에요!', '2024-09-19 09:15:00', 104, 1, 5),
('피카츄는 너무 오버레이트', '피카츄는 너무 과대평가된 포켓몬이에요. 실제로 전투에서 별로 강하지도 않으면서 왜 그렇게 인기 있는지 이해할 수 없네요.', '2024-09-23 16:00:00', 14, 2, 1),
('리자몽은 전투에서 쓸모없어요', '리자몽이란 포켓몬은 불꽃 공격 외에는 아무것도 할 수 없어요. 전투에서 자주 패배하는 모습을 보니 진짜 실망스러워요.', '2024-09-24 18:30:00', 74, 3, 1),
('거북왕은 너무 느리다', '거북왕은 전투에서 너무 느려서 거의 아무것도 할 수 없어요. 이런 포켓몬은 정말 필요 없다고 생각해요.', '2024-09-25 11:45:00', 37, 4, 1),
('피카츄와 라이츄, 어느 쪽이 더 강할까?', '피카츄와 라이츄 중 어느 쪽이 더 강한가에 대해 토론해 봅시다. 피카츄는 귀여운 외모로 사랑받지만, 라이츄의 전기 공격이 더 강력하다는 의견도 있네요. 여러분은 어떻게 생각하나요?', '2024-09-26 13:30:00', 96, 1, 3),
('이상해씨 vs 이상해풀, 어떤 진화가 더 좋을까?', '이상해씨가 이상해풀로 진화하는 과정에서 어떤 장점과 단점이 있는지에 대해 논의해 봅시다. 이상해풀의 진화가 어떤 전략적 이점을 제공하는지 알고 싶어요.', '2024-09-27 14:00:00', 88, 2, 3),
('리자몽의 화염 공격과 불꽃 타입 포켓몬', '리자몽의 화염 공격이 다른 불꽃 타입 포켓몬과 비교했을 때 어떤 차이점이 있는지 논의해 봅시다. 불꽃 방사와 용의 브레스 중 어떤 기술이 더 효과적인가요?', '2024-09-28 16:15:00', 302, 3, 3),
('꼬부기의 물 타입 공격의 장점과 단점', '꼬부기의 물 타입 공격이 전투에서 어떤 상황에서 유리한지, 어떤 포켓몬들에게 효과적인지 토론해 봅시다. 물타입 기술의 활용도를 높일 수 있는 방법도 함께 논의해요.', '2024-09-29 10:45:00', 87, 4, 3),
('블래키의 어둠 타입 기술과 다른 타입의 상성', '블래키의 어둠 타입 기술이 다른 타입 포켓몬과의 상성에서 어떤 효과를 가지는지에 대해 이야기해 봅시다. 어둠 타입 기술의 전략적 활용에 대한 의견을 나누어요.', '2024-09-30 12:00:00', 41, 5, 3),
('이브이의 기본 정보와 진화 과정', '이브이는 노멀 타입 포켓몬으로, 다양한 형태로 진화할 수 있습니다. 레벨에 따라 물, 불, 전기 등 여러 타입으로 진화하며, 각각의 형태는 고유의 특성과 기술을 지니고 있습니다.', '2024-10-01 09:00:00', 20, 1, 2),
('메타몽의 특성과 기술', '메타몽은 노멀 타입 포켓몬으로, 다른 포켓몬의 형태를 변형할 수 있는 능력을 가지고 있습니다. 메타몽은 ‘변신’이라는 기술을 사용하여 상대 포켓몬의 기술을 그대로 사용할 수 있습니다.', '2024-10-02 10:15:00', 17, 2, 2),
('잠만보의 역할과 진화', '잠만보는 노멀/수면 타입 포켓몬으로, 레벨 20에서 먹고 자는 능력을 통해 전투에서 강력한 방어력을 자랑합니다. 잠만보는 굉장히 느리지만, 체력과 방어력이 뛰어난 포켓몬입니다.', '2024-10-03 11:30:00', 36, 3, 2),
('깜까의 기본 정보와 기술', '깜까는 불꽃 타입 포켓몬으로, 레벨 16에서 깜지로 진화하고, 레벨 36에서 깜방이로 진화합니다. 깜까는 불꽃과 물리 공격 기술을 주로 사용하며, 전투에서 큰 역할을 합니다.', '2024-10-04 12:45:00', 41, 4, 2),
('어니부기의 특징과 기술', '어니부기는 물/악 타입 포켓몬으로, 다양한 물리 및 물타입 기술을 사용할 수 있습니다. 어니부기는 공격적인 전투 스타일과 함께 강력한 물 타입 기술을 갖추고 있습니다.', '2024-10-05 14:00:00', 20, 5, 2),
('가디의 전투 능력과 특성', '가디는 불꽃 타입 포켓몬으로, 강력한 불꽃 공격과 빠른 속도를 자랑합니다. 레벨 35에서 윈디로 진화하며, 불꽃과 바람 기술을 사용하는 데 뛰어난 능력을 발휘합니다.', '2024-10-06 15:30:00', 71, 1, 2),
('전기 타입 포켓몬의 최적 전투 전략은 무엇인가요?', '전기 타입 포켓몬을 사용할 때 가장 효과적인 전투 전략이 무엇인지 알고 싶습니다. 전기 타입 기술 외에 다른 전략이나 조합이 있다면 알려주세요.', '2024-10-07 11:00:00', 14, 1, 4),
('풀 타입 포켓몬의 최적 진화 시점은 언제인가요?', '풀 타입 포켓몬을 진화시키는 데 가장 좋은 시점이나 레벨이 궁금합니다. 진화 시 배울 수 있는 기술과 전투에서의 이점도 알고 싶습니다.', '2024-10-08 13:30:00', 34, 2, 4),
('불꽃 타입 기술 중 가장 효과적인 것은 무엇인가요?', '불꽃 타입 기술 중 어떤 기술이 가장 효과적인지 궁금합니다. 특정 기술이 다른 기술보다 더 유용한 상황이 있다면 알려주세요.', '2024-10-09 15:00:00', 22, 3, 4),
('물 타입 포켓몬의 주요 약점은 무엇인가요?', '물 타입 포켓몬의 주요 약점과 이를 보완하기 위한 전략이 궁금합니다. 특히 어떤 타입의 포켓몬이 물 타입 포켓몬에 강한지 알고 싶습니다.', '2024-10-10 09:00:00', 20, 1, 4),
('드래곤 타입 포켓몬의 효과적인 육성 방법은?', '드래곤 타입 포켓몬을 효과적으로 육성하기 위한 팁이나 전략이 궁금합니다. 어떤 기술을 우선적으로 배워야 하고, 진화 시점은 어떻게 설정하는 것이 좋을까요?', '2024-10-11 11:30:00', 100, 2, 4),
('악 타입 기술의 전투에서의 장점은 무엇인가요?', '악 타입 기술이 전투에서 어떤 장점을 가지고 있는지 알고 싶습니다. 악 타입 기술의 효과적인 사용법과 어떤 상황에서 특히 유용한지에 대해 논의해 보세요.', '2024-10-12 14:00:00', 5, 3, 4);

-- 4. 댓글 샘플
--select * from comment;
INSERT INTO comment (ccontent, cdate, bno, uno) VALUES
('피카츄의 백만볼트는 정말 강력하죠. 하지만 다른 전기 타입 기술도 고려해봐야 할 것 같아요.', '2024-09-05 08:08:08', 1, 3),
('리자몽의 불꽃 방사는 강력하지만, 때로는 타입 상성에 따라 다른 기술을 사용하는 게 좋을 때도 있죠.', '2024-09-06 09:45:00', 2, 4),
('이상해씨가 진화하면 정말 멋지죠! 이상해풀의 기술도 꽤 강력해요.', '2024-09-06 12:00:00', 3, 5),
('꼬부기의 물 타입 공격은 물대포가 특히 강력하다고 생각해요. 전투에서 큰 도움이 되죠.', '2024-09-07 11:00:00', 4, 2),
('버터플의 비행 기술은 정말 유용하지만, 특히 어떤 포켓몬에게 유리한지 더 알고 싶네요.', '2024-09-07 14:00:00', 5, 1),
('피카츄의 스피드는 정말 대단해요. 백만볼트와 전격파로 항상 승리하는 모습을 자랑스럽게 생각합니다!', '2024-09-15 15:30:00', 6, 2),
('리자몽의 불꽃 방사와 용의 브레스는 정말 강력한 조합이죠. 전투에서 중요한 역할을 합니다.', '2024-09-16 11:00:00', 7, 3),
('이상해씨의 진화는 정말 자랑스럽죠. 레이저빔 기술로 상대를 물리치는 것도 훌륭합니다.', '2024-09-17 12:30:00', 8, 4),
('블래키의 어둠의 파동은 전투에서 매우 유용하죠. 팀을 지키는 모습도 멋져요.', '2024-09-18 15:00:00', 9, 5),
('뮤츠의 사이킥 공격은 정말 강력합니다. 심리적인 압박이 전투에서 큰 도움이 되죠.', '2024-09-19 09:30:00', 10, 1),
('피카츄가 과대평가된 것 같아요. 실제 전투에서 강력한 포켓몬이 많잖아요.', '2024-09-23 16:30:00', 11, 2),
('리자몽이 불꽃 공격 외에 쓸모가 없다는 건 아닌 것 같아요. 다른 기술도 활용할 수 있어요.', '2024-09-24 19:00:00', 12, 3),
('거북왕은 느리지만 방어력은 뛰어나죠. 전투에서 그 장점이 클 때도 있어요.', '2024-09-25 12:00:00', 13, 4),
('피카츄와 라이츄, 둘 다 장점이 있지만, 라이츄의 전기 공격이 더 강력할 때도 있죠.', '2024-09-26 14:00:00', 14, 5),
('이상해씨의 진화가 전략적 이점을 제공하는 건 맞아요. 특히 레이저빔이 유용하죠.', '2024-09-27 14:30:00', 15, 1),
('리자몽의 화염 공격과 불꽃 타입 포켓몬의 차이점은 분명히 존재해요. 각 기술의 특징을 잘 활용해야 하죠.', '2024-09-28 17:00:00', 16, 2),
('꼬부기의 물 타입 공격은 물총과 물대포가 특히 강력하죠. 상대에 따라 효과적으로 사용해야 해요.', '2024-09-29 11:00:00', 17, 3),
('블래키의 어둠 타입 기술은 전투에서 매우 유용하죠. 다른 타입과의 상성을 잘 고려해야 해요.', '2024-09-30 12:30:00', 18, 4),
('이브이의 진화 과정은 정말 다양하죠. 각 형태가 가지는 특성과 기술이 흥미로워요.', '2024-10-01 09:30:00', 19, 5),
('메타몽의 변신 기술은 상대의 기술을 그대로 사용할 수 있어 매우 유용하죠. 하지만 전략적으로 사용해야 해요.', '2024-10-02 10:45:00', 20, 1),
('잠만보는 체력과 방어력에서 뛰어나지만 느린 속도는 단점이에요. 전투에서 잘 활용해야 하죠.', '2024-10-03 12:00:00', 21, 2),
('깜까의 진화 과정은 흥미로워요. 불꽃과 물리 공격 기술을 잘 활용하면 전투에서 큰 도움이 되죠.', '2024-10-04 13:00:00', 22, 3),
('어니부기의 물리 및 물타입 기술은 매우 강력하죠. 공격적인 전투 스타일을 잘 활용해야 해요.', '2024-10-05 14:30:00', 23, 4),
('가디의 불꽃 공격과 빠른 속도는 전투에서 큰 장점이죠. 윈디로 진화하면 더욱 강력해져요.', '2024-10-06 16:00:00', 24, 5),
('전기 타입 포켓몬의 전투 전략은 상대의 타입에 따라 다르게 적용해야 해요. 기술 조합이 중요하죠.', '2024-10-07 11:30:00', 25, 1),
('풀 타입 포켓몬의 진화 시점은 전략적으로 고려해야 해요. 레벨에 따라 장점이 달라지죠.', '2024-10-08 14:00:00', 26, 2),
('불꽃 타입 기술 중 어떤 기술이 효과적인지는 상황에 따라 달라져요. 다양한 기술을 고려해보세요.', '2024-10-09 15:30:00', 27, 3),
('물 타입 포켓몬의 약점과 보완 전략은 매우 중요하죠. 타입 상성을 잘 이해해야 해요.', '2024-10-10 09:30:00', 28, 4),
('드래곤 타입 포켓몬을 육성할 때 기술과 진화 시점을 잘 선택해야 해요. 효과적인 육성 방법을 찾아보세요.', '2024-10-11 12:00:00', 29, 5),
('악 타입 기술의 전투 장점은 상황에 따라 달라져요. 효과적인 사용법을 잘 익히는 것이 중요해요.', '2024-10-12 14:30:00', 30, 1);

-- 5. 대댓글 샘플
--select * from reply;
INSERT INTO reply (rcontent, rdate, cno, uno) VALUES
('백만볼트 외에도 아이언테일과 같은 기술을 고려해보세요. 다양한 기술 조합이 필요할 수 있습니다.', '2024-09-05 14:50:00', 1, 6),
('리자몽의 불꽃 방사는 여전히 강력하지만, 상황에 따라 다른 기술을 사용하는 것도 좋습니다.', '2024-09-06 10:30:00', 2, 7),
('이상해씨의 진화는 정말 멋지죠. 이상해풀의 기술도 강력하다는 점에서 인정해요.', '2024-09-06 13:15:00', 3, 8),
('꼬부기의 물대포는 강력하지만 물총도 유용한 기술이에요. 상황에 맞게 조합해서 사용하는 게 좋죠.', '2024-09-07 12:00:00', 4, 9),
('버터플의 비행 기술은 다양한 상황에서 유용하죠. 비행 타입 포켓몬에게 특히 효과적이에요.', '2024-09-07 15:00:00', 5, 10),
('피카츄의 스피드와 전격파가 훌륭하지만 다른 전기 타입 기술도 함께 고려해보는 것이 좋습니다.', '2024-09-15 16:00:00', 6, 11),
('리자몽의 불꽃 방사와 용의 브레스 조합이 정말 강력하죠. 기술의 조화를 잘 활용하세요.', '2024-09-16 12:00:00', 7, 12),
('이상해씨의 레이저빔은 정말 멋지죠. 진화의 과정에서 얻는 기술이 많은 도움이 됩니다.', '2024-09-17 13:00:00', 8, 13),
('블래키의 어둠의 파동은 매우 유용해요. 팀을 지키는 데 중요한 역할을 합니다.', '2024-09-18 15:00:00', 9, 14),
('뮤츠의 사이킥 공격은 강력하죠. 심리적인 압박이 전투에서 큰 역할을 합니다.', '2024-09-19 10:00:00', 10, 15),
('피카츄가 과대평가된 측면도 있지만, 다양한 포켓몬의 장단점을 비교해보는 것도 좋겠어요.', '2024-09-23 17:00:00', 11, 16),
('리자몽이 불꽃 공격 외에 다른 기술도 유용하죠. 다양한 기술을 잘 활용하는 게 중요합니다.', '2024-09-24 20:00:00', 12, 17),
('거북왕의 방어력은 뛰어나지만 느린 속도는 단점일 수 있습니다. 잘 활용하는 것이 중요해요.', '2024-09-25 13:00:00', 13, 18),
('피카츄와 라이츄 모두 장점이 있지만, 라이츄의 전기 공격이 더 강력할 때도 있습니다.', '2024-09-26 15:00:00', 14, 19),
('이상해씨의 진화가 전략적 이점을 제공하는 건 맞아요. 레이저빔과 같은 기술이 전투에서 유리합니다.', '2024-09-27 15:00:00', 15, 20),
('리자몽의 화염 공격과 다른 불꽃 타입 포켓몬의 차이점은 분명히 존재하죠. 기술을 잘 활용하세요.', '2024-09-28 18:00:00', 16, 21),
('꼬부기의 물 타입 공격은 물총과 물대포 모두 유용하지만, 상황에 맞게 조절하는 게 중요합니다.', '2024-09-29 12:00:00', 17, 22),
('블래키의 어둠 타입 기술은 다른 타입과의 상성을 고려하여 사용하는 것이 중요해요.', '2024-09-30 13:00:00', 18, 23),
('이브이의 다양한 진화 형태는 각기 다른 장점을 가지고 있죠. 각 형태의 특성을 잘 활용해보세요.', '2024-10-01 10:00:00', 19, 24),
('메타몽의 변신 기술은 상대의 기술을 그대로 사용할 수 있어서 매우 유용하죠. 전략적으로 사용하세요.', '2024-10-02 11:00:00', 20, 25),
('잠만보는 체력과 방어력에서 강점을 가지지만, 느린 속도는 단점입니다. 전투에서 잘 활용해요.', '2024-10-03 13:00:00', 21, 26),
('깜까의 진화 과정과 기술 활용은 매우 흥미롭죠. 불꽃과 물리 공격 기술을 잘 활용해 보세요.', '2024-10-04 14:00:00', 22, 27),
('어니부기의 물리 및 물타입 기술은 매우 강력해요. 공격적인 전투 스타일을 잘 활용하는 것이 중요합니다.', '2024-10-05 15:00:00', 23, 28),
('가디의 불꽃 공격과 빠른 속도는 전투에서 큰 장점이죠. 윈디로 진화하면 더욱 강력해요.', '2024-10-06 17:00:00', 24, 29),
('전기 타입 포켓몬의 전투 전략은 상대의 타입에 따라 달라질 수 있어요. 기술 조합을 잘 고려하세요.', '2024-10-07 12:00:00', 25, 30),
('풀 타입 포켓몬의 진화 시점을 전략적으로 고려하는 것이 중요합니다. 레벨에 따라 장점이 달라질 수 있어요.', '2024-10-08 15:00:00', 26, 1),
('불꽃 타입 기술 중 어떤 기술이 가장 효과적인지는 상황에 따라 달라요. 다양한 기술을 고려해보세요.', '2024-10-09 16:00:00', 27, 2),
('물 타입 포켓몬의 약점과 보완 전략은 중요해요. 타입 상성을 잘 이해하고 활용하는 것이 좋습니다.', '2024-10-10 10:00:00', 28, 3),
('드래곤 타입 포켓몬의 육성 방법은 기술과 진화 시점을 잘 선택하는 것이 중요해요. 효과적인 방법을 찾아보세요.', '2024-10-11 13:00:00', 29, 4),
('악 타입 기술의 전투 장점은 상황에 따라 다를 수 있어요. 효과적인 사용법을 잘 익히는 것이 중요합니다.', '2024-10-12 15:00:00', 30, 5);

-- 6. 포켓몬 랭킹(인기) 샘플
--select * from rankpokemon;
INSERT INTO rankpokemon (pno, click, win) VALUES
(1, 15, 5),
(2, 23, 7),
(3, 30, 12),
(4, 7, 3),
(5, 18, 8),
(6, 21, 10),
(7, 13, 6),
(8, 25, 9),
(9, 17, 11),
(10, 9, 4),
(11, 11, 2),
(12, 20, 15),
(13, 22, 14),
(14, 8, 1),
(15, 29, 13),
(16, 12, 7),
(17, 14, 8),
(18, 24, 16),
(19, 19, 10),
(20, 16, 6),
(21, 26, 12),
(22, 10, 5),
(23, 28, 9),
(24, 27, 8),
(25, 6, 2),
(26, 5, 1),
(27, 4, 0),
(28, 3, 0),
(29, 2, 1),
(30, 1, 0),
(31, 1, 0),
(32, 1, 0),
(33, 1, 0),
(34, 1, 0),
(35, 1, 0),
(36, 1, 0),
(37, 1, 0),
(38, 1, 0),
(39, 1, 0),
(40, 1, 0),
(41, 1, 0),
(42, 1, 0),
(43, 1, 0),
(44, 1, 0),
(45, 1, 0),
(46, 1, 0),
(47, 1, 0),
(48, 1, 0),
(49, 1, 0),
(50, 1, 0),
(51, 1, 0),
(52, 1, 0),
(53, 1, 0),
(54, 1, 0),
(55, 1, 0),
(56, 1, 0),
(57, 1, 0),
(58, 1, 0),
(59, 1, 0),
(60, 1, 0),
(61, 1, 0),
(62, 1, 0),
(63, 1, 0),
(64, 1, 0),
(65, 1, 0),
(66, 1, 0),
(67, 1, 0),
(68, 1, 0),
(69, 1, 0),
(70, 1, 0),
(71, 1, 0),
(72, 1, 0),
(73, 1, 0),
(74, 1, 0),
(75, 1, 0),
(76, 1, 0),
(77, 1, 0),
(78, 1, 0),
(79, 1, 0),
(80, 1, 0),
(81, 1, 0),
(82, 1, 0),
(83, 1, 0),
(84, 1, 0),
(85, 1, 0),
(86, 1, 0),
(87, 1, 0),
(88, 1, 0),
(89, 1, 0),
(90, 1, 0),
(91, 1, 0),
(92, 1, 0),
(93, 1, 0),
(94, 1, 0),
(95, 1, 0),
(96, 1, 0),
(97, 1, 0),
(98, 1, 0),
(99, 1, 0),
(100, 1, 0),
(101, 1, 0),
(102, 1, 0),
(103, 1, 0),
(104, 1, 0),
(105, 1, 0),
(106, 1, 0),
(107, 1, 0),
(108, 1, 0),
(109, 1, 0),
(110, 1, 0),
(111, 1, 0),
(112, 1, 0),
(113, 1, 0),
(114, 1, 0),
(115, 1, 0),
(116, 1, 0),
(117, 1, 0),
(118, 1, 0),
(119, 1, 0),
(120, 1, 0),
(121, 1, 0),
(122, 1, 0),
(123, 1, 0),
(124, 1, 0),
(125, 1, 0),
(126, 1, 0),
(127, 1, 0),
(128, 1, 0),
(129, 1, 0),
(130, 1, 0),
(131, 1, 0),
(132, 1, 0),
(133, 1, 0),
(134, 1, 0),
(135, 1, 0),
(136, 1, 0),
(137, 1, 0),
(138, 1, 0),
(139, 1, 0),
(140, 1, 0),
(141, 1, 0),
(142, 1, 0),
(143, 1, 0),
(144, 1, 0),
(145, 1, 0),
(146, 1, 0),
(147, 1, 0),
(148, 1, 0),
(149, 1, 0),
(150, 1, 0),
(151, 1, 0),
(152, 1, 0),
(153, 1, 0),
(154, 1, 0),
(155, 1, 0),
(156, 1, 0),
(157, 1, 0),
(158, 1, 0),
(159, 1, 0),
(160, 1, 0),
(161, 1, 0),
(162, 1, 0),
(163, 1, 0),
(164, 1, 0),
(165, 1, 0),
(166, 1, 0),
(167, 1, 0),
(168, 1, 0),
(169, 1, 0),
(170, 1, 0),
(171, 1, 0),
(172, 1, 0),
(173, 1, 0),
(174, 1, 0),
(175, 1, 0),
(176, 1, 0),
(177, 1, 0),
(178, 1, 0),
(179, 1, 0),
(180, 1, 0),
(181, 1, 0),
(182, 1, 0),
(183, 1, 0),
(184, 1, 0),
(185, 1, 0),
(186, 1, 0),
(187, 1, 0),
(188, 1, 0),
(189, 1, 0),
(190, 1, 0),
(191, 1, 0),
(192, 1, 0),
(193, 1, 0),
(194, 1, 0),
(195, 1, 0),
(196, 1, 0),
(197, 1, 0),
(198, 1, 0),
(199, 1, 0),
(200, 1, 0),
(201, 1, 0),
(202, 1, 0),
(203, 1, 0),
(204, 1, 0),
(205, 1, 0),
(206, 1, 0),
(207, 1, 0),
(208, 1, 0),
(209, 1, 0),
(210, 1, 0),
(211, 1, 0),
(212, 1, 0),
(213, 1, 0),
(214, 1, 0),
(215, 1, 0),
(216, 1, 0),
(217, 1, 0),
(218, 1, 0),
(219, 1, 0),
(220, 1, 0),
(221, 1, 0),
(222, 1, 0),
(223, 1, 0),
(224, 1, 0),
(225, 1, 0),
(226, 1, 0),
(227, 1, 0),
(228, 1, 0),
(229, 1, 0),
(230, 1, 0),
(231, 1, 0),
(232, 1, 0),
(233, 1, 0),
(234, 1, 0),
(235, 1, 0),
(236, 1, 0),
(237, 1, 0),
(238, 1, 0),
(239, 1, 0),
(240, 1, 0),
(241, 1, 0),
(242, 1, 0),
(243, 1, 0),
(244, 1, 0),
(245, 1, 0),
(246, 1, 0),
(247, 1, 0),
(248, 1, 0),
(249, 1, 0),
(250, 1, 0),
(251, 1, 0),
(252, 1, 0),
(253, 1, 0),
(254, 1, 0),
(255, 1, 0),
(256, 1, 0),
(257, 1, 0),
(258, 1, 0),
(259, 1, 0),
(260, 1, 0),
(261, 1, 0),
(262, 1, 0),
(263, 1, 0),
(264, 1, 0),
(265, 1, 0),
(266, 1, 0),
(267, 1, 0),
(268, 1, 0),
(269, 1, 0),
(270, 1, 0),
(271, 1, 0),
(272, 1, 0),
(273, 1, 0),
(274, 1, 0),
(275, 1, 0),
(276, 1, 0),
(277, 1, 0),
(278, 1, 0),
(279, 1, 0),
(280, 1, 0),
(281, 1, 0),
(282, 1, 0),
(283, 1, 0),
(284, 1, 0),
(285, 1, 0),
(286, 1, 0),
(287, 1, 0),
(288, 1, 0),
(289, 1, 0),
(290, 1, 0),
(291, 1, 0),
(292, 1, 0),
(293, 1, 0),
(294, 1, 0),
(295, 1, 0),
(296, 1, 0),
(297, 1, 0),
(298, 1, 0),
(299, 1, 0),
(300, 1, 0),
(301, 1, 0),
(302, 1, 0),
(303, 1, 0),
(304, 1, 0),
(305, 1, 0),
(306, 1, 0),
(307, 1, 0),
(308, 1, 0),
(309, 1, 0),
(310, 1, 0),
(311, 1, 0),
(312, 1, 0),
(313, 1, 0),
(314, 1, 0),
(315, 1, 0),
(316, 1, 0),
(317, 1, 0),
(318, 1, 0),
(319, 1, 0),
(320, 1, 0),
(321, 1, 0),
(322, 1, 0),
(323, 1, 0),
(324, 1, 0),
(325, 1, 0),
(326, 1, 0),
(327, 1, 0),
(328, 1, 0),
(329, 1, 0),
(330, 1, 0),
(331, 1, 0),
(332, 1, 0),
(333, 1, 0),
(334, 1, 0),
(335, 1, 0),
(336, 1, 0),
(337, 1, 0),
(338, 1, 0),
(339, 1, 0),
(340, 1, 0),
(341, 1, 0),
(342, 1, 0),
(343, 1, 0),
(344, 1, 0),
(345, 1, 0),
(346, 1, 0),
(347, 1, 0),
(348, 1, 0),
(349, 1, 0),
(350, 1, 0),
(351, 1, 0),
(352, 1, 0),
(353, 1, 0),
(354, 1, 0),
(355, 1, 0),
(356, 1, 0),
(357, 1, 0),
(358, 1, 0),
(359, 1, 0),
(360, 1, 0),
(361, 1, 0),
(362, 1, 0),
(363, 1, 0),
(364, 1, 0),
(365, 1, 0),
(366, 1, 0),
(367, 1, 0),
(368, 1, 0),
(369, 1, 0),
(370, 1, 0),
(371, 1, 0),
(372, 1, 0),
(373, 1, 0),
(374, 1, 0),
(375, 1, 0),
(376, 1, 0),
(377, 1, 0),
(378, 1, 0),
(379, 1, 0),
(380, 1, 0),
(381, 1, 0),
(382, 1, 0),
(383, 1, 0),
(384, 1, 0),
(385, 1, 0),
(386, 1, 0),
(387, 1, 0),
(388, 1, 0),
(389, 1, 0),
(390, 1, 0),
(391, 1, 0),
(392, 1, 0),
(393, 1, 0),
(394, 1, 0),
(395, 1, 0),
(396, 1, 0),
(397, 1, 0),
(398, 1, 0),
(399, 1, 0),
(400, 1, 0),
(401, 1, 0),
(402, 1, 0),
(403, 1, 0),
(404, 1, 0),
(405, 1, 0),
(406, 1, 0),
(407, 1, 0),
(408, 1, 0),
(409, 1, 0),
(410, 1, 0),
(411, 1, 0),
(412, 1, 0),
(413, 1, 0),
(414, 1, 0),
(415, 1, 0),
(416, 1, 0),
(417, 1, 0),
(418, 1, 0),
(419, 1, 0),
(420, 1, 0),
(421, 1, 0),
(422, 1, 0),
(423, 1, 0),
(424, 1, 0),
(425, 1, 0),
(426, 1, 0),
(427, 1, 0),
(428, 1, 0),
(429, 1, 0),
(430, 1, 0),
(431, 1, 0),
(432, 1, 0),
(433, 1, 0),
(434, 1, 0),
(435, 1, 0),
(436, 1, 0),
(437, 1, 0),
(438, 1, 0),
(439, 1, 0),
(440, 1, 0),
(441, 1, 0),
(442, 1, 0),
(443, 1, 0),
(444, 1, 0),
(445, 1, 0),
(446, 1, 0),
(447, 1, 0),
(448, 1, 0),
(449, 1, 0),
(450, 1, 0),
(451, 1, 0),
(452, 1, 0),
(453, 1, 0),
(454, 1, 0),
(455, 1, 0),
(456, 1, 0),
(457, 1, 0),
(458, 1, 0),
(459, 1, 0),
(460, 1, 0),
(461, 1, 0),
(462, 1, 0),
(463, 1, 0),
(464, 1, 0),
(465, 1, 0),
(466, 1, 0),
(467, 1, 0),
(468, 1, 0),
(469, 1, 0),
(470, 1, 0),
(471, 1, 0),
(472, 1, 0),
(473, 1, 0),
(474, 1, 0),
(475, 1, 0),
(476, 1, 0),
(477, 1, 0),
(478, 1, 0),
(479, 1, 0),
(480, 1, 0),
(481, 1, 0),
(482, 1, 0),
(483, 1, 0),
(484, 1, 0),
(485, 1, 0),
(486, 1, 0),
(487, 1, 0),
(488, 1, 0),
(489, 1, 0),
(490, 1, 0),
(491, 1, 0),
(492, 1, 0),
(493, 1, 0),
(494, 1, 0),
(495, 1, 0),
(496, 1, 0),
(497, 1, 0),
(498, 1, 0),
(499, 1, 0),
(500, 1, 0),
(501, 1, 0),
(502, 1, 0),
(503, 1, 0),
(504, 1, 0),
(505, 1, 0),
(506, 1, 0),
(507, 1, 0),
(508, 1, 0),
(509, 1, 0),
(510, 1, 0),
(511, 1, 0),
(512, 1, 0),
(513, 1, 0),
(514, 1, 0),
(515, 1, 0),
(516, 1, 0),
(517, 1, 0),
(518, 1, 0),
(519, 1, 0),
(520, 1, 0),
(521, 1, 0),
(522, 1, 0),
(523, 1, 0),
(524, 1, 0),
(525, 1, 0),
(526, 1, 0),
(527, 1, 0),
(528, 1, 0),
(529, 1, 0),
(530, 1, 0),
(531, 1, 0),
(532, 1, 0),
(533, 1, 0),
(534, 1, 0),
(535, 1, 0),
(536, 1, 0),
(537, 1, 0),
(538, 1, 0),
(539, 1, 0),
(540, 1, 0),
(541, 1, 0),
(542, 1, 0),
(543, 1, 0),
(544, 1, 0),
(545, 1, 0),
(546, 1, 0),
(547, 1, 0),
(548, 1, 0),
(549, 1, 0),
(550, 1, 0),
(551, 1, 0),
(552, 1, 0),
(553, 1, 0),
(554, 1, 0),
(555, 1, 0),
(556, 1, 0),
(557, 1, 0),
(558, 1, 0),
(559, 1, 0),
(560, 1, 0),
(561, 1, 0),
(562, 1, 0),
(563, 1, 0),
(564, 1, 0),
(565, 1, 0),
(566, 1, 0),
(567, 1, 0),
(568, 1, 0),
(569, 1, 0),
(570, 1, 0),
(571, 1, 0),
(572, 1, 0),
(573, 1, 0),
(574, 1, 0),
(575, 1, 0),
(576, 1, 0),
(577, 1, 0),
(578, 1, 0),
(579, 1, 0),
(580, 1, 0),
(581, 1, 0),
(582, 1, 0),
(583, 1, 0),
(584, 1, 0),
(585, 1, 0),
(586, 1, 0),
(587, 1, 0),
(588, 1, 0),
(589, 1, 0),
(590, 1, 0),
(591, 1, 0),
(592, 1, 0),
(593, 1, 0),
(594, 1, 0),
(595, 1, 0),
(596, 1, 0),
(597, 1, 0),
(598, 1, 0),
(599, 1, 0),
(600, 1, 0),
(601, 1, 0),
(602, 1, 0),
(603, 1, 0),
(604, 1, 0),
(605, 1, 0),
(606, 1, 0),
(607, 1, 0),
(608, 1, 0),
(609, 1, 0),
(610, 1, 0),
(611, 1, 0),
(612, 1, 0),
(613, 1, 0),
(614, 1, 0),
(615, 1, 0),
(616, 1, 0),
(617, 1, 0),
(618, 1, 0),
(619, 1, 0),
(620, 1, 0),
(621, 1, 0),
(622, 1, 0),
(623, 1, 0),
(624, 1, 0),
(625, 1, 0),
(626, 1, 0),
(627, 1, 0),
(628, 1, 0),
(629, 1, 0),
(630, 1, 0),
(631, 1, 0),
(632, 1, 0),
(633, 1, 0),
(634, 1, 0),
(635, 1, 0),
(636, 1, 0),
(637, 1, 0),
(638, 1, 0),
(639, 1, 0),
(640, 1, 0),
(641, 1, 0),
(642, 1, 0),
(643, 1, 0),
(644, 1, 0),
(645, 1, 0),
(646, 1, 0),
(647, 1, 0),
(648, 1, 0),
(649, 1, 0),
(650, 1, 0),
(651, 1, 0),
(652, 1, 0),
(653, 1, 0),
(654, 1, 0),
(655, 1, 0),
(656, 1, 0),
(657, 1, 0),
(658, 1, 0),
(659, 1, 0),
(660, 1, 0),
(661, 1, 0),
(662, 1, 0),
(663, 1, 0),
(664, 1, 0),
(665, 1, 0),
(666, 1, 0),
(667, 1, 0),
(668, 1, 0),
(669, 1, 0),
(670, 1, 0),
(671, 1, 0),
(672, 1, 0),
(673, 1, 0),
(674, 1, 0),
(675, 1, 0),
(676, 1, 0),
(677, 1, 0),
(678, 1, 0),
(679, 1, 0),
(680, 1, 0),
(681, 1, 0),
(682, 1, 0),
(683, 1, 0),
(684, 1, 0),
(685, 1, 0),
(686, 1, 0),
(687, 1, 0),
(688, 1, 0),
(689, 1, 0),
(690, 1, 0),
(691, 1, 0),
(692, 1, 0),
(693, 1, 0),
(694, 1, 0),
(695, 1, 0),
(696, 1, 0),
(697, 1, 0),
(698, 1, 0),
(699, 1, 0),
(700, 1, 0),
(701, 1, 0),
(702, 1, 0),
(703, 1, 0),
(704, 1, 0),
(705, 1, 0),
(706, 1, 0),
(707, 1, 0),
(708, 1, 0),
(709, 1, 0),
(710, 1, 0),
(711, 1, 0),
(712, 1, 0),
(713, 1, 0),
(714, 1, 0),
(715, 1, 0),
(716, 1, 0),
(717, 1, 0),
(718, 1, 0),
(719, 1, 0),
(720, 1, 0),
(721, 1, 0),
(722, 1, 0),
(723, 1, 0),
(724, 1, 0),
(725, 1, 0),
(726, 1, 0),
(727, 1, 0),
(728, 1, 0),
(729, 1, 0),
(730, 1, 0),
(731, 1, 0),
(732, 1, 0),
(733, 1, 0),
(734, 1, 0),
(735, 1, 0),
(736, 1, 0),
(737, 1, 0),
(738, 1, 0),
(739, 1, 0),
(740, 1, 0),
(741, 1, 0),
(742, 1, 0),
(743, 1, 0),
(744, 1, 0),
(745, 1, 0),
(746, 1, 0),
(747, 1, 0),
(748, 1, 0),
(749, 1, 0),
(750, 1, 0),
(751, 1, 0),
(752, 1, 0),
(753, 1, 0),
(754, 1, 0),
(755, 1, 0),
(756, 1, 0),
(757, 1, 0),
(758, 1, 0),
(759, 1, 0),
(760, 1, 0),
(761, 1, 0),
(762, 1, 0),
(763, 1, 0),
(764, 1, 0),
(765, 1, 0),
(766, 1, 0),
(767, 1, 0),
(768, 1, 0),
(769, 1, 0),
(770, 1, 0),
(771, 1, 0),
(772, 1, 0),
(773, 1, 0),
(774, 1, 0),
(775, 1, 0),
(776, 1, 0),
(777, 1, 0),
(778, 1, 0),
(779, 1, 0),
(780, 1, 0),
(781, 1, 0),
(782, 1, 0),
(783, 1, 0),
(784, 1, 0),
(785, 1, 0),
(786, 1, 0),
(787, 1, 0),
(788, 1, 0),
(789, 1, 0),
(790, 1, 0),
(791, 1, 0),
(792, 1, 0),
(793, 1, 0),
(794, 1, 0),
(795, 1, 0),
(796, 1, 0),
(797, 1, 0),
(798, 1, 0),
(799, 1, 0),
(800, 1, 0),
(801, 1, 0),
(802, 1, 0),
(803, 1, 0),
(804, 1, 0),
(805, 1, 0),
(806, 1, 0),
(807, 1, 0),
(808, 1, 0),
(809, 1, 0),
(810, 1, 0),
(811, 1, 0),
(812, 1, 0),
(813, 1, 0),
(814, 1, 0),
(815, 1, 0),
(816, 1, 0),
(817, 1, 0),
(818, 1, 0),
(819, 1, 0),
(820, 1, 0),
(821, 1, 0),
(822, 1, 0),
(823, 1, 0),
(824, 1, 0),
(825, 1, 0),
(826, 1, 0),
(827, 1, 0),
(828, 1, 0),
(829, 1, 0),
(830, 1, 0),
(831, 1, 0),
(832, 1, 0),
(833, 1, 0),
(834, 1, 0),
(835, 1, 0),
(836, 1, 0),
(837, 1, 0),
(838, 1, 0),
(839, 1, 0),
(840, 1, 0),
(841, 1, 0),
(842, 1, 0),
(843, 1, 0),
(844, 1, 0),
(845, 1, 0),
(846, 1, 0),
(847, 1, 0),
(848, 1, 0),
(849, 1, 0),
(850, 1, 0),
(851, 1, 0),
(852, 1, 0),
(853, 1, 0),
(854, 1, 0),
(855, 1, 0),
(856, 1, 0),
(857, 1, 0),
(858, 1, 0),
(859, 1, 0),
(860, 1, 0),
(861, 1, 0),
(862, 1, 0),
(863, 1, 0),
(864, 1, 0),
(865, 1, 0),
(866, 1, 0),
(867, 1, 0),
(868, 1, 0),
(869, 1, 0),
(870, 1, 0),
(871, 1, 0),
(872, 1, 0),
(873, 1, 0),
(874, 1, 0),
(875, 1, 0),
(876, 1, 0),
(877, 1, 0),
(878, 1, 0),
(879, 1, 0),
(880, 1, 0),
(881, 1, 0),
(882, 1, 0),
(883, 1, 0),
(884, 1, 0),
(885, 1, 0),
(886, 1, 0),
(887, 1, 0),
(888, 1, 0),
(889, 1, 0),
(890, 1, 0),
(891, 1, 0),
(892, 1, 0),
(893, 1, 0),
(894, 1, 0),
(895, 1, 0),
(896, 1, 0),
(897, 1, 0),
(898, 1, 0),
(899, 1, 0),
(900, 1, 0),
(901, 1, 0),
(902, 1, 0),
(903, 1, 0),
(904, 1, 0),
(905, 1, 0),
(906, 1, 0),
(907, 1, 0),
(908, 1, 0),
(909, 1, 0),
(910, 1, 0),
(911, 1, 0),
(912, 1, 0),
(913, 1, 0),
(914, 1, 0),
(915, 1, 0),
(916, 1, 0),
(917, 1, 0),
(918, 1, 0),
(919, 1, 0),
(920, 1, 0),
(921, 1, 0),
(922, 1, 0),
(923, 1, 0),
(924, 1, 0),
(925, 1, 0),
(926, 1, 0),
(927, 1, 0),
(928, 1, 0),
(929, 1, 0),
(930, 1, 0),
(931, 1, 0),
(932, 1, 0),
(933, 1, 0),
(934, 1, 0),
(935, 1, 0),
(936, 1, 0),
(937, 1, 0),
(938, 1, 0),
(939, 1, 0),
(940, 1, 0),
(941, 1, 0),
(942, 1, 0),
(943, 1, 0),
(944, 1, 0),
(945, 1, 0),
(946, 1, 0),
(947, 1, 0),
(948, 1, 0),
(949, 1, 0),
(950, 1, 0),
(951, 1, 0),
(952, 1, 0),
(953, 1, 0),
(954, 1, 0),
(955, 1, 0),
(956, 1, 0),
(957, 1, 0),
(958, 1, 0),
(959, 1, 0),
(960, 1, 0),
(961, 1, 0),
(962, 1, 0),
(963, 1, 0),
(964, 1, 0),
(965, 1, 0),
(966, 1, 0),
(967, 1, 0),
(968, 1, 0),
(969, 1, 0),
(970, 1, 0),
(971, 1, 0),
(972, 1, 0),
(973, 1, 0),
(974, 1, 0),
(975, 1, 0),
(976, 1, 0),
(977, 1, 0),
(978, 1, 0),
(979, 1, 0),
(980, 1, 0),
(981, 1, 0),
(982, 1, 0),
(983, 1, 0),
(984, 1, 0),
(985, 1, 0),
(986, 1, 0),
(987, 1, 0),
(988, 1, 0),
(989, 1, 0),
(990, 1, 0),
(991, 1, 0),
(992, 1, 0),
(993, 1, 0),
(994, 1, 0),
(995, 1, 0),
(996, 1, 0),
(997, 1, 0),
(998, 1, 0),
(999, 1, 0),
(1000, 1, 0),
(1001, 1, 0),
(1002, 1, 0),
(1003, 1, 0),
(1004, 1, 0),
(1005, 1, 0),
(1006, 1, 0),
(1007, 1, 0),
(1008, 1, 0),
(1009, 1, 0),
(1010, 1, 0),
(1011, 1, 0),
(1012, 1, 0),
(1013, 1, 0),
(1014, 1, 0),
(1015, 1, 0),
(1016, 1, 0),
(1017, 1, 0),
(1018, 1, 0),
(1019, 1, 0),
(1020, 1, 0),
(1021, 1, 0),
(1022, 1, 0),
(1023, 1, 0),
(1024, 1, 0),
(1025, 1, 0);

-- proposal 테이블 조회
select * from proposal;
INSERT INTO proposal (prono , uno , pno) VALUES
(1, 1, 1),
(2, 2, 2),
(3, 3, 3),
(4, 4, 4),
(5, 5, 5),
(6, 6, 6),
(7, 7, 7),
(8, 8, 8),
(9, 9, 9),
(10, 10, 10),
(11, 11, 11),
(12, 12, 12),
(13, 13, 13),
(14, 14, 14),
(15, 15, 15),
(16, 16, 16),
(17, 17, 17),
(18, 18, 18),
(19, 19, 19),
(20, 20, 20),
(21, 21, 21),
(22, 22, 22),
(23, 23, 23),
(24, 24, 24),
(25, 25, 25),
(26, 26, 26),
(27, 27, 27),
(28, 28, 28),
(29, 29, 29),
(30, 30, 30),
(31, 1, 31),
(32, 2, 32),
(33, 3, 33),
(34, 4, 34),
(35, 5, 35),
(36, 6, 36),
(37, 7, 37),
(38, 8, 38),
(39, 9, 39),
(40, 10, 40),
(41, 11, 41),
(42, 12, 42),
(43, 13, 43),
(44, 14, 44),
(45, 15, 45),
(46, 16, 46),
(47, 17, 47),
(48, 18, 48),
(49, 19, 49),
(50, 20, 50),
(51, 21, 51),
(52, 22, 52),
(53, 23, 53),
(54, 24, 54),
(55, 25, 55),
(56, 26, 56),
(57, 27, 57),
(58, 28, 58),
(59, 29, 59),
(60, 30, 60),
(61, 1, 61),
(62, 2, 62),
(63, 3, 63),
(64, 4, 64),
(65, 5, 65),
(66, 6, 66),
(67, 7, 67),
(68, 8, 68),
(69, 9, 69),
(70, 10, 70),
(71, 11, 71),
(72, 12, 72),
(73, 13, 73),
(74, 14, 74),
(75, 15, 75),
(76, 16, 76),
(77, 17, 77),
(78, 18, 78),
(79, 19, 79),
(80, 20, 80),
(81, 21, 81),
(82, 22, 82),
(83, 23, 83),
(84, 24, 84),
(85, 25, 85),
(86, 26, 86),
(87, 27, 87),
(88, 28, 88),
(89, 29, 89),
(90, 30, 90),
(91, 1, 91),
(92, 2, 92),
(93, 3, 93),
(94, 4, 94),
(95, 5, 95),
(96, 6, 96),
(97, 7, 97),
(98, 8, 98),
(99, 9, 99),
(100, 10, 100),
(101, 11, 101),
(102, 12, 102),
(103, 13, 103),
(104, 14, 104),
(105, 15, 105),
(106, 16, 106),
(107, 17, 107),
(108, 18, 108),
(109, 19, 109),
(110, 20, 110),
(111, 21, 111),
(112, 22, 112),
(113, 23, 113),
(114, 24, 114),
(115, 25, 115),
(116, 26, 116),
(117, 27, 117),
(118, 28, 118),
(119, 29, 119),
(120, 30, 120),
(121, 1, 121),
(122, 2, 122),
(123, 3, 123),
(124, 4, 124),
(125, 5, 125),
(126, 6, 126),
(127, 7, 127),
(128, 8, 128),
(129, 9, 129),
(130, 10, 130),
(131, 11, 131),
(132, 12, 132),
(133, 13, 133),
(134, 14, 134),
(135, 15, 135),
(136, 16, 136),
(137, 17, 137),
(138, 18, 138),
(139, 19, 139),
(140, 20, 140),
(141, 21, 141),
(142, 22, 142),
(143, 23, 143),
(144, 24, 144),
(145, 25, 145),
(146, 26, 146),
(147, 27, 147),
(148, 28, 148),
(149, 29, 149),
(150, 30, 150),
(151, 1, 151),
(152, 2, 152),
(153, 3, 153),
(154, 4, 154),
(155, 5, 155),
(156, 6, 156),
(157, 7, 157),
(158, 8, 158),
(159, 9, 159),
(160, 10, 160),
(161, 11, 161),
(162, 12, 162),
(163, 13, 163),
(164, 14, 164),
(165, 15, 165),
(166, 16, 166),
(167, 17, 167),
(168, 18, 168),
(169, 19, 169),
(170, 20, 170),
(171, 21, 171),
(172, 22, 172),
(173, 23, 173),
(174, 24, 174),
(175, 25, 175),
(176, 26, 176),
(177, 27, 177),
(178, 28, 178),
(179, 29, 179),
(180, 30, 180),
(181, 1, 181),
(182, 2, 182),
(183, 3, 183),
(184, 4, 184),
(185, 5, 185),
(186, 6, 186),
(187, 7, 187),
(188, 8, 188),
(189, 9, 189),
(190, 10, 190),
(191, 11, 191),
(192, 12, 192),
(193, 13, 193),
(194, 14, 194),
(195, 15, 195),
(196, 16, 196),
(197, 17, 197),
(198, 18, 198),
(199, 19, 199),
(200, 20, 200),
(201, 21, 201),
(202, 22, 202),
(203, 23, 203),
(204, 24, 204),
(205, 25, 205),
(206, 26, 206),
(207, 27, 207),
(208, 28, 208),
(209, 29, 209),
(210, 30, 210),
(211, 1, 211),
(212, 2, 212),
(213, 3, 213),
(214, 4, 214),
(215, 5, 215),
(216, 6, 216),
(217, 7, 217),
(218, 8, 218),
(219, 9, 219),
(220, 10, 220),
(221, 11, 221),
(222, 12, 222),
(223, 13, 223),
(224, 14, 224),
(225, 15, 225),
(226, 16, 226),
(227, 17, 227),
(228, 18, 228),
(229, 19, 229),
(230, 20, 230),
(231, 21, 231),
(232, 22, 232),
(233, 23, 233),
(234, 24, 234),
(235, 25, 235),
(236, 26, 236),
(237, 27, 237),
(238, 28, 238),
(239, 29, 239),
(240, 30, 240),
(241, 1, 241),
(242, 2, 242),
(243, 3, 243),
(244, 4, 244),
(245, 5, 245),
(246, 6, 246),
(247, 7, 247),
(248, 8, 248),
(249, 9, 249),
(250, 10, 250),
(251, 11, 251),
(252, 12, 252),
(253, 13, 253),
(254, 14, 254),
(255, 15, 255),
(256, 16, 256),
(257, 17, 257),
(258, 18, 258),
(259, 19, 259),
(260, 20, 260),
(261, 21, 261),
(262, 22, 262),
(263, 23, 263),
(264, 24, 264),
(265, 25, 265),
(266, 26, 266),
(267, 27, 267),
(268, 28, 268),
(269, 29, 269),
(270, 30, 270),
(271, 1, 271),
(272, 2, 272),
(273, 3, 273),
(274, 4, 274),
(275, 5, 275),
(276, 6, 276),
(277, 7, 277),
(278, 8, 278),
(279, 9, 279),
(280, 10, 280),
(281, 11, 281),
(282, 12, 282),
(283, 13, 283),
(284, 14, 284),
(285, 15, 285),
(286, 16, 286),
(287, 17, 287),
(288, 18, 288),
(289, 19, 289),
(290, 20, 290),
(291, 21, 291),
(292, 22, 292),
(293, 23, 293),
(294, 24, 294),
(295, 25, 295),
(296, 26, 296),
(297, 27, 297),
(298, 28, 298),
(299, 29, 299),
(300, 30, 300),
(301, 1, 301),
(302, 2, 302),
(303, 3, 303),
(304, 4, 304),
(305, 5, 305),
(306, 6, 306),
(307, 7, 307),
(308, 8, 308),
(309, 9, 309),
(310, 10, 310),
(311, 11, 311),
(312, 12, 312),
(313, 13, 313),
(314, 14, 314),
(315, 15, 315),
(316, 16, 316),
(317, 17, 317),
(318, 18, 318),
(319, 19, 319),
(320, 20, 320),
(321, 21, 321),
(322, 22, 322),
(323, 23, 323),
(324, 24, 324),
(325, 25, 325),
(326, 26, 326),
(327, 27, 327),
(328, 28, 328),
(329, 29, 329),
(330, 30, 330),
(331, 1, 331),
(332, 2, 332),
(333, 3, 333),
(334, 4, 334),
(335, 5, 335),
(336, 6, 336),
(337, 7, 337),
(338, 8, 338),
(339, 9, 339),
(340, 10, 340),
(341, 11, 341),
(342, 12, 342),
(343, 13, 343),
(344, 14, 344),
(345, 15, 345),
(346, 16, 346),
(347, 17, 347),
(348, 18, 348),
(349, 19, 349),
(350, 20, 350),
(351, 21, 351),
(352, 22, 352),
(353, 23, 353),
(354, 24, 354),
(355, 25, 355),
(356, 26, 356),
(357, 27, 357),
(358, 28, 358),
(359, 29, 359),
(360, 30, 360),
(361, 1, 361),
(362, 2, 362),
(363, 3, 363),
(364, 4, 364),
(365, 5, 365),
(366, 6, 366),
(367, 7, 367),
(368, 8, 368),
(369, 9, 369),
(370, 10, 370),
(371, 11, 371),
(372, 12, 372),
(373, 13, 373),
(374, 14, 374),
(375, 15, 375),
(376, 16, 376),
(377, 17, 377),
(378, 18, 378),
(379, 19, 379),
(380, 20, 380),
(381, 21, 381),
(382, 22, 382),
(383, 23, 383),
(384, 24, 384),
(385, 25, 385),
(386, 26, 386),
(387, 27, 387),
(388, 28, 388),
(389, 29, 389),
(390, 30, 390),
(391, 1, 391),
(392, 2, 392),
(393, 3, 393),
(394, 4, 394),
(395, 5, 395),
(396, 6, 396),
(397, 7, 397),
(398, 8, 398),
(399, 9, 399),
(400, 10, 400),
(401, 11, 401),
(402, 12, 402),
(403, 13, 403),
(404, 14, 404),
(405, 15, 405),
(406, 16, 406),
(407, 17, 407),
(408, 18, 408),
(409, 19, 409),
(410, 20, 410),
(411, 21, 411),
(412, 22, 412),
(413, 23, 413),
(414, 24, 414),
(415, 25, 415),
(416, 26, 416),
(417, 27, 417),
(418, 28, 418),
(419, 29, 419),
(420, 30, 420),
(421, 1, 421),
(422, 2, 422),
(423, 3, 423),
(424, 4, 424),
(425, 5, 425),
(426, 6, 426),
(427, 7, 427),
(428, 8, 428),
(429, 9, 429),
(430, 10, 430),
(431, 11, 431),
(432, 12, 432),
(433, 13, 433),
(434, 14, 434),
(435, 15, 435),
(436, 16, 436),
(437, 17, 437),
(438, 18, 438),
(439, 19, 439),
(440, 20, 440),
(441, 21, 441),
(442, 22, 442),
(443, 23, 443),
(444, 24, 444),
(445, 25, 445),
(446, 26, 446),
(447, 27, 447),
(448, 28, 448),
(449, 29, 449),
(450, 30, 450),
(451, 1, 451),
(452, 2, 452),
(453, 3, 453),
(454, 4, 454),
(455, 5, 455),
(456, 6, 456),
(457, 7, 457),
(458, 8, 458),
(459, 9, 459),
(460, 10, 460),
(461, 11, 461),
(462, 12, 462),
(463, 13, 463),
(464, 14, 464),
(465, 15, 465),
(466, 16, 466),
(467, 17, 467),
(468, 18, 468),
(469, 19, 469),
(470, 20, 470),
(471, 21, 471),
(472, 22, 472),
(473, 23, 473),
(474, 24, 474),
(475, 25, 475),
(476, 26, 476),
(477, 27, 477),
(478, 28, 478),
(479, 29, 479),
(480, 30, 480),
(481, 1, 481),
(482, 2, 482),
(483, 3, 483),
(484, 4, 484),
(485, 5, 485),
(486, 6, 486),
(487, 7, 487),
(488, 8, 488),
(489, 9, 489),
(490, 10, 490),
(491, 11, 491),
(492, 12, 492),
(493, 13, 493),
(494, 14, 494),
(495, 15, 495),
(496, 16, 496),
(497, 17, 497),
(498, 18, 498),
(499, 19, 499),
(500, 20, 500),
(501, 21, 501),
(502, 22, 502),
(503, 23, 503),
(504, 24, 504),
(505, 25, 505),
(506, 26, 506),
(507, 27, 507),
(508, 28, 508),
(509, 29, 509),
(510, 30, 510),
(511, 1, 511),
(512, 2, 512),
(513, 3, 513),
(514, 4, 514),
(515, 5, 515),
(516, 6, 516),
(517, 7, 517),
(518, 8, 518),
(519, 9, 519),
(520, 10, 520),
(521, 11, 521),
(522, 12, 522),
(523, 13, 523),
(524, 14, 524),
(525, 15, 525),
(526, 16, 526),
(527, 17, 527),
(528, 18, 528),
(529, 19, 529),
(530, 20, 530),
(531, 21, 531),
(532, 22, 532),
(533, 23, 533),
(534, 24, 534),
(535, 25, 535),
(536, 26, 536),
(537, 27, 537),
(538, 28, 538),
(539, 29, 539),
(540, 30, 540),
(541, 1, 541),
(542, 2, 542),
(543, 3, 543),
(544, 4, 544),
(545, 5, 545),
(546, 6, 546),
(547, 7, 547),
(548, 8, 548),
(549, 9, 549),
(550, 10, 550),
(551, 11, 551),
(552, 12, 552),
(553, 13, 553),
(554, 14, 554),
(555, 15, 555),
(556, 16, 556),
(557, 17, 557),
(558, 18, 558),
(559, 19, 559),
(560, 20, 560),
(561, 21, 561),
(562, 22, 562),
(563, 23, 563),
(564, 24, 564),
(565, 25, 565),
(566, 26, 566),
(567, 27, 567),
(568, 28, 568),
(569, 29, 569),
(570, 30, 570),
(571, 1, 571),
(572, 2, 572),
(573, 3, 573),
(574, 4, 574),
(575, 5, 575),
(576, 6, 576),
(577, 7, 577),
(578, 8, 578),
(579, 9, 579),
(580, 10, 580),
(581, 11, 581),
(582, 12, 582),
(583, 13, 583),
(584, 14, 584),
(585, 15, 585),
(586, 16, 586),
(587, 17, 587),
(588, 18, 588),
(589, 19, 589),
(590, 20, 590),
(591, 21, 591),
(592, 22, 592),
(593, 23, 593),
(594, 24, 594),
(595, 25, 595),
(596, 26, 596),
(597, 27, 597),
(598, 28, 598),
(599, 29, 599),
(600, 30, 600),
(601, 1, 601),
(602, 2, 602),
(603, 3, 603),
(604, 4, 604),
(605, 5, 605),
(606, 6, 606),
(607, 7, 607),
(608, 8, 608),
(609, 9, 609),
(610, 10, 610),
(611, 11, 611),
(612, 12, 612),
(613, 13, 613),
(614, 14, 614),
(615, 15, 615),
(616, 16, 616),
(617, 17, 617),
(618, 18, 618),
(619, 19, 619),
(620, 20, 620),
(621, 21, 621),
(622, 22, 622),
(623, 23, 623),
(624, 24, 624),
(625, 25, 625),
(626, 26, 626),
(627, 27, 627),
(628, 28, 628),
(629, 29, 629),
(630, 30, 630),
(631, 1, 631),
(632, 2, 632),
(633, 3, 633),
(634, 4, 634),
(635, 5, 635),
(636, 6, 636),
(637, 7, 637),
(638, 8, 638),
(639, 9, 639),
(640, 10, 640),
(641, 11, 641),
(642, 12, 642),
(643, 13, 643),
(644, 14, 644),
(645, 15, 645),
(646, 16, 646),
(647, 17, 647),
(648, 18, 648),
(649, 19, 649),
(650, 20, 650),
(651, 21, 651),
(652, 22, 652),
(653, 23, 653),
(654, 24, 654),
(655, 25, 655),
(656, 26, 656),
(657, 27, 657),
(658, 28, 658),
(659, 29, 659),
(660, 30, 660),
(661, 1, 661),
(662, 2, 662),
(663, 3, 663),
(664, 4, 664),
(665, 5, 665),
(666, 6, 666),
(667, 7, 667),
(668, 8, 668),
(669, 9, 669),
(670, 10, 670),
(671, 11, 671),
(672, 12, 672),
(673, 13, 673),
(674, 14, 674),
(675, 15, 675),
(676, 16, 676),
(677, 17, 677),
(678, 18, 678),
(679, 19, 679),
(680, 20, 680),
(681, 21, 681),
(682, 22, 682),
(683, 23, 683),
(684, 24, 684),
(685, 25, 685),
(686, 26, 686),
(687, 27, 687),
(688, 28, 688),
(689, 29, 689),
(690, 30, 690),
(691, 1, 691),
(692, 2, 692),
(693, 3, 693),
(694, 4, 694),
(695, 5, 695),
(696, 6, 696),
(697, 7, 697),
(698, 8, 698),
(699, 9, 699),
(700, 10, 700),
(701, 11, 701),
(702, 12, 702),
(703, 13, 703),
(704, 14, 704),
(705, 15, 705),
(706, 16, 706),
(707, 17, 707),
(708, 18, 708),
(709, 19, 709),
(710, 20, 710),
(711, 21, 711),
(712, 22, 712),
(713, 23, 713),
(714, 24, 714),
(715, 25, 715),
(716, 26, 716),
(717, 27, 717),
(718, 28, 718),
(719, 29, 719),
(720, 30, 720),
(721, 1, 721),
(722, 2, 722),
(723, 3, 723),
(724, 4, 724),
(725, 5, 725),
(726, 6, 726),
(727, 7, 727),
(728, 8, 728),
(729, 9, 729),
(730, 10, 730),
(731, 11, 731),
(732, 12, 732),
(733, 13, 733),
(734, 14, 734),
(735, 15, 735),
(736, 16, 736),
(737, 17, 737),
(738, 18, 738),
(739, 19, 739),
(740, 20, 740),
(741, 21, 741),
(742, 22, 742),
(743, 23, 743),
(744, 24, 744),
(745, 25, 745),
(746, 26, 746),
(747, 27, 747),
(748, 28, 748),
(749, 29, 749),
(750, 30, 750),
(751, 1, 751),
(752, 2, 752),
(753, 3, 753),
(754, 4, 754),
(755, 5, 755),
(756, 6, 756),
(757, 7, 757),
(758, 8, 758),
(759, 9, 759),
(760, 10, 760),
(761, 11, 761),
(762, 12, 762),
(763, 13, 763),
(764, 14, 764),
(765, 15, 765),
(766, 16, 766),
(767, 17, 767),
(768, 18, 768),
(769, 19, 769),
(770, 20, 770),
(771, 21, 771),
(772, 22, 772),
(773, 23, 773),
(774, 24, 774),
(775, 25, 775),
(776, 26, 776),
(777, 27, 777),
(778, 28, 778),
(779, 29, 779),
(780, 30, 780),
(781, 1, 781),
(782, 2, 782),
(783, 3, 783),
(784, 4, 784),
(785, 5, 785),
(786, 6, 786),
(787, 7, 787),
(788, 8, 788),
(789, 9, 789),
(790, 10, 790),
(791, 11, 791),
(792, 12, 792),
(793, 13, 793),
(794, 14, 794),
(795, 15, 795),
(796, 16, 796),
(797, 17, 797),
(798, 18, 798),
(799, 19, 799),
(800, 20, 800),
(801, 21, 801),
(802, 22, 802),
(803, 23, 803),
(804, 24, 804),
(805, 25, 805),
(806, 26, 806),
(807, 27, 807),
(808, 28, 808),
(809, 29, 809),
(810, 30, 810),
(811, 1, 811),
(812, 2, 812),
(813, 3, 813),
(814, 4, 814),
(815, 5, 815),
(816, 6, 816),
(817, 7, 817),
(818, 8, 818),
(819, 9, 819),
(820, 10, 820),
(821, 11, 821),
(822, 12, 822),
(823, 13, 823),
(824, 14, 824),
(825, 15, 825),
(826, 16, 826),
(827, 17, 827),
(828, 18, 828),
(829, 19, 829),
(830, 20, 830),
(831, 21, 831),
(832, 22, 832),
(833, 23, 833),
(834, 24, 834),
(835, 25, 835),
(836, 26, 836),
(837, 27, 837),
(838, 28, 838),
(839, 29, 839),
(840, 30, 840),
(841, 1, 841),
(842, 2, 842),
(843, 3, 843),
(844, 4, 844),
(845, 5, 845),
(846, 6, 846),
(847, 7, 847),
(848, 8, 848),
(849, 9, 849),
(850, 10, 850),
(851, 11, 851),
(852, 12, 852),
(853, 13, 853),
(854, 14, 854),
(855, 15, 855),
(856, 16, 856),
(857, 17, 857),
(858, 18, 858),
(859, 19, 859),
(860, 20, 860),
(861, 21, 861),
(862, 22, 862),
(863, 23, 863),
(864, 24, 864),
(865, 25, 865),
(866, 26, 866),
(867, 27, 867),
(868, 28, 868),
(869, 29, 869),
(870, 30, 870),
(871, 1, 871),
(872, 2, 872),
(873, 3, 873),
(874, 4, 874),
(875, 5, 875),
(876, 6, 876),
(877, 7, 877),
(878, 8, 878),
(879, 9, 879),
(880, 10, 880),
(881, 11, 881),
(882, 12, 882),
(883, 13, 883),
(884, 14, 884),
(885, 15, 885),
(886, 16, 886),
(887, 17, 887),
(888, 18, 888),
(889, 19, 889),
(890, 20, 890),
(891, 21, 891),
(892, 22, 892),
(893, 23, 893),
(894, 24, 894),
(895, 25, 895),
(896, 26, 896),
(897, 27, 897),
(898, 28, 898),
(899, 29, 899),
(900, 30, 900),
(901, 1, 901),
(902, 2, 902),
(903, 3, 903),
(904, 4, 904),
(905, 5, 905),
(906, 6, 906),
(907, 7, 907),
(908, 8, 908),
(909, 9, 909),
(910, 10, 910),
(911, 11, 911),
(912, 12, 912),
(913, 13, 913),
(914, 14, 914),
(915, 15, 915),
(916, 16, 916),
(917, 17, 917),
(918, 18, 918),
(919, 19, 919),
(920, 20, 920),
(921, 21, 921),
(922, 22, 922),
(923, 23, 923),
(924, 24, 924),
(925, 25, 925),
(926, 26, 926),
(927, 27, 927),
(928, 28, 928),
(929, 29, 929),
(930, 30, 930),
(931, 1, 931),
(932, 2, 932),
(933, 3, 933),
(934, 4, 934),
(935, 5, 935),
(936, 6, 936),
(937, 7, 937),
(938, 8, 938),
(939, 9, 939),
(940, 10, 940),
(941, 11, 941),
(942, 12, 942),
(943, 13, 943),
(944, 14, 944),
(945, 15, 945),
(946, 16, 946),
(947, 17, 947),
(948, 18, 948),
(949, 19, 949),
(950, 20, 950),
(951, 21, 951),
(952, 22, 952),
(953, 23, 953),
(954, 24, 954),
(955, 25, 955),
(956, 26, 956),
(957, 27, 957),
(958, 28, 958),
(959, 29, 959),
(960, 30, 960),
(961, 1, 961),
(962, 2, 962),
(963, 3, 963),
(964, 4, 964),
(965, 5, 965),
(966, 6, 966),
(967, 7, 967),
(968, 8, 968),
(969, 9, 969),
(970, 10, 970),
(971, 11, 971),
(972, 12, 972),
(973, 13, 973),
(974, 14, 974),
(975, 15, 975),
(976, 16, 976),
(977, 17, 977),
(978, 18, 978),
(979, 19, 979),
(980, 20, 980),
(981, 21, 981),
(982, 22, 982),
(983, 23, 983),
(984, 24, 984),
(985, 25, 985),
(986, 26, 986),
(987, 27, 987),
(988, 28, 988),
(989, 29, 989),
(990, 30, 990),
(991, 1, 991),
(992, 2, 992),
(993, 3, 993),
(994, 4, 994),
(995, 5, 995),
(996, 6, 996),
(997, 7, 997),
(998, 8, 998),
(999, 9, 999),
(1000, 10, 1000),
(1001, 11, 1001),
(1002, 12, 1002),
(1003, 13, 1003),
(1004, 14, 1004),
(1005, 15, 1005),
(1006, 16, 1006),
(1007, 17, 1007),
(1008, 18, 1008),
(1009, 19, 1009),
(1010, 20, 1010),
(1011, 21, 1011),
(1012, 22, 1012),
(1013, 23, 1013),
(1014, 24, 1014),
(1015, 25, 1015),
(1016, 26, 1016),
(1017, 27, 1017),
(1018, 28, 1018),
(1019, 29, 1019),
(1020, 30, 1020),
(1021, 1, 1021),
(1022, 2, 1022),
(1023, 3, 1023),
(1024, 4, 1024),
(1025, 5, 1025);