-- 1. 회원 샘플
INSERT INTO users (id, password, name, gender, phone, ubirth, distinction) VALUES
('admin', '1234', '관리자', 'F', '010-0000-0000', '1980-05-15', '관리자'),
('johndoe91', 'abc1234!', '김철수', 'M', '010-1111-1111', '1985-03-22', '일반'),
('janesmith88', 'def456#$', '이영희', 'F', '010-2222-2222', '1990-07-11', '일반'),
('alicejohnson07', 'ghi789*(', '박민수', 'M', '010-3333-3333', '1992-11-30', '일반'),
('bobbrown23', 'jkl012&^', '최지혜', 'F', '010-4444-4444', '1988-02-09', '일반'),
('charliedavis10', 'mno345@!', '정수진', 'M', '010-5555-5555', '1995-06-18', '일반'),
('dianaevans15', 'pqr678#$', '장성호', 'F', '010-6666-6666', '1993-04-25', '일반'),
('edwardgarcia32', 'stu901(*', '조한별', 'M', '010-7777-7777', '1979-10-14', '일반'),
('fionaharris42', 'vwx234@!', '문서연', 'F', '010-8888-8888', '2001-12-01', '일반'),
('georgeclark55', 'yzA567#$', '오지훈', 'M', '010-9999-9999', '1984-08-17', '일반'),
('ianwalker76', 'efg123@!', '이준호', 'M', '010-1111-2222', '1997-09-20', '일반'),
('jacklee83', 'hij456#$', '박지연', 'F', '010-3333-4444', '1982-05-25', '일반'),
('karenallen91', 'klm789*(', '최민호', 'M', '010-5555-6666', '1990-01-15', '일반'),
('liamscott05', 'nop012&^', '정은지', 'F', '010-7777-8888', '1987-07-19', '일반'),
('miayoung12', 'qrs345@!', '장희재', 'M', '010-9999-0000', '2002-03-03', '일반'),
('noahking19', 'tuv678#$', '문서원', 'F', '010-1111-3333', '1994-11-22', '일반'),
('oliviawright23', 'wxy901(*', '조은비', 'F', '010-5645-5555', '1996-04-09', '일반'),
('paulturner34', 'zAB234@!', '김상혁', 'M', '010-4875-7777', '1989-02-14', '일반'),
('quinnadams45', 'cDE567#$', '이경희', 'F', '010-1203-9999', '2000-06-01', '일반'),
('ryanbaker56', 'fGH890*(', '박재민', 'M', '010-0450-1111', '1998-12-23', '일반'),
('sophiacarter67', 'iJK123@!', '최지훈', 'F', '010-2622-3333', '2004-08-17', '일반'),
('thomasmitchell78', 'lmn456#$', '정다연', 'M', '010-4444-5555', '1986-09-08', '일반'),
('umarobinson89', 'opq789*(', '장민정', 'F', '010-6666-7777', '1995-07-30', '일반'),
('victorparker90', 'rst012&^', '문석호', 'M', '010-8888-9999', '1981-10-26', '일반'),
('wendycollins01', 'uvw345@!', '조서현', 'F', '010-0000-2222', '2001-01-10', '일반'),
('xanderrivera12', 'xyz678#$', '이상우', 'M', '010-1111-4444', '1993-03-09', '일반'),
('yaraward23', 'ABC901(*', '박소희', 'F', '010-3333-6666', '1998-05-22', '일반'),
('zacharyross34', 'DEF234@!', '최진우', 'M', '010-5555-8888', '2001-07-15', '일반'),
('annabell45', 'GHI567#$', '김미영', 'F', '010-7777-0000', '1975-12-15', '일반'),
('briangray56', 'JKL890*(', '이도현', 'M', '010-8888-1111', '2010-11-20', '일반'),
('user001', 'abc1234!', '김철수', 'M', '010-1111-0001', '1985-03-22', '일반'),
('user002', 'abc1234!', '이영희', 'F', '010-1111-0002', '1990-05-15', '일반'),
('user003', 'abc1234!', '박민수', 'M', '010-1111-0003', '1988-08-30', '일반'),
('user004', 'abc1234!', '정수연', 'F', '010-1111-0004', '1992-12-12', '일반'),
('user005', 'abc1234!', '최영준', 'M', '010-1111-0005', '1980-07-23', '일반'),
('user006', 'abc1234!', '한지민', 'F', '010-1111-0006', '1993-02-14', '일반'),
('user007', 'abc1234!', '이재호', 'M', '010-1111-0007', '1986-11-30', '일반'),
('user008', 'abc1234!', '김미선', 'F', '010-1111-0008', '1991-09-01', '일반'),
('user009', 'abc1234!', '장서준', 'M', '010-1111-0009', '1984-06-18', '일반'),
('user010', 'abc1234!', '오민주', 'F', '010-1111-0010', '1995-03-10', '일반'),
('user011', 'abc1234!', '임성호', 'M', '010-1111-0011', '1983-12-25', '일반'),
('user012', 'abc1234!', '배수지', 'F', '010-1111-0012', '1992-04-22', '일반'),
('user013', 'abc1234!', '서준호', 'M', '010-1111-0013', '1987-05-19', '일반'),
('user014', 'abc1234!', '한예슬', 'F', '010-1111-0014', '1994-08-08', '일반'),
('user015', 'abc1234!', '조민재', 'M', '010-1111-0015', '1990-10-30', '일반'),
('user016', 'abc1234!', '최유리', 'F', '010-1111-0016', '1989-07-07', '일반'),
('user017', 'abc1234!', '홍길동', 'M', '010-1111-0017', '1982-01-01', '일반'),
('user018', 'abc1234!', '이하늘', 'F', '010-1111-0018', '1995-04-04', '일반'),
('user019', 'abc1234!', '권민재', 'M', '010-1111-0019', '1988-09-21', '일반'),
('user020', 'abc1234!', '윤지혜', 'F', '010-1111-0020', '1991-11-11', '일반'),
('user021', 'abc1234!', '신동욱', 'M', '010-1111-0021', '1984-02-14', '일반'),
('user022', 'abc1234!', '장하늘', 'F', '010-1111-0022', '1990-03-15', '일반'),
('user023', 'abc1234!', '민준수', 'M', '010-1111-0023', '1983-06-30', '일반'),
('user024', 'abc1234!', '여진희', 'F', '010-1111-0024', '1992-07-21', '일반'),
('user025', 'abc1234!', '허지호', 'M', '010-1111-0025', '1986-08-22', '일반'),
('user026', 'abc1234!', '성지연', 'F', '010-1111-0026', '1994-09-05', '일반'),
('user027', 'abc1234!', '곽세훈', 'M', '010-1111-0027', '1981-10-11', '일반'),
('user028', 'abc1234!', '이소연', 'F', '010-1111-0028', '1989-11-23', '일반'),
('user029', 'abc1234!', '진우진', 'M', '010-1111-0029', '1987-12-12', '일반'),
('user030', 'abc1234!', '오소미', 'F', '010-1111-0030', '1995-01-17', '일반'),
('user031', 'abc1234!', '원재욱', 'M', '010-1111-0031', '1985-02-18', '일반'),
('user032', 'abc1234!', '한나래', 'F', '010-1111-0032', '1993-03-19', '일반'),
('user033', 'abc1234!', '이정훈', 'M', '010-1111-0033', '1986-04-20', '일반'),
('user034', 'abc1234!', '김하윤', 'F', '010-1111-0034', '1990-05-21', '일반'),
('user035', 'abc1234!', '홍상욱', 'M', '010-1111-0035', '1984-06-22', '일반'),
('user036', 'abc1234!', '강소라', 'F', '010-1111-0036', '1992-07-23', '일반'),
('user037', 'abc1234!', '이대호', 'M', '010-1111-0037', '1983-08-24', '일반'),
('user038', 'abc1234!', '정하연', 'F', '010-1111-0038', '1989-09-25', '일반'),
('user039', 'abc1234!', '임지민', 'M', '010-1111-0039', '1991-10-26', '일반'),
('user040', 'abc1234!', '최선우', 'F', '010-1111-0040', '1987-11-27', '일반'),
('user041', 'abc1234!', '박종현', 'M', '010-1111-0041', '1995-12-28', '일반'),
('user042', 'abc1234!', '이채영', 'F', '010-1111-0042', '1992-01-29', '일반'),
('user043', 'abc1234!', '권기범', 'M', '010-1111-0043', '1988-02-30', '일반'),
('user044', 'abc1234!', '장서희', 'F', '010-1111-0044', '1986-03-31', '일반'),
('user045', 'abc1234!', '한상희', 'M', '010-1111-0045', '1984-04-01', '일반'),
('user046', 'abc1234!', '이은지', 'F', '010-1111-0046', '1983-05-02', '일반'),
('user047', 'abc1234!', '오상철', 'M', '010-1111-0047', '1995-06-03', '일반'),
('user048', 'abc1234!', '유미진', 'F', '010-1111-0048', '1990-07-04', '일반'),
('user049', 'abc1234!', '조성훈', 'M', '010-1111-0049', '1988-08-05', '일반'),
('user050', 'abc1234!', '김도희', 'F', '010-1111-0050', '1991-09-06', '일반'),
('user051', 'abc1234!', '이호준', 'M', '010-1111-0051', '1984-10-07', '일반'),
('user052', 'abc1234!', '서민정', 'F', '010-1111-0052', '1993-11-08', '일반'),
('user053', 'abc1234!', '정우진', 'M', '010-1111-0053', '1989-12-09', '일반'),
('user054', 'abc1234!', '한지영', 'F', '010-1111-0054', '1995-01-10', '일반'),
('user055', 'abc1234!', '홍승민', 'M', '010-1111-0055', '1981-02-11', '일반'),
('user056', 'abc1234!', '최유진', 'F', '010-1111-0056', '1992-03-12', '일반'),
('user057', 'abc1234!', '이재민', 'M', '010-1111-0057', '1987-04-13', '일반'),
('user058', 'abc1234!', '서영지', 'F', '010-1111-0058', '1994-05-14', '일반'),
('user059', 'abc1234!', '임승호', 'M', '010-1111-0059', '1986-06-15', '일반'),
('user060', 'abc1234!', '박수진', 'F', '010-1111-0060', '1990-07-16', '일반'),
('user061', 'abc1234!', '김정우', 'M', '010-1111-0061', '1983-08-17', '일반'),
('user062', 'abc1234!', '오세훈', 'F', '010-1111-0062', '1992-09-18', '일반'),
('user063', 'abc1234!', '하윤서', 'M', '010-1111-0063', '1988-10-19', '일반'),
('user064', 'abc1234!', '조민서', 'F', '010-1111-0064', '1995-11-20', '일반'),
('user065', 'abc1234!', '이상철', 'M', '010-1111-0065', '1984-12-21', '일반'),
('user066', 'abc1234!', '최유빈', 'F', '010-1111-0066', '1991-01-22', '일반'),
('user067', 'abc1234!', '서영훈', 'M', '010-1111-0067', '1985-02-23', '일반'),
('user068', 'abc1234!', '김선아', 'F', '010-1111-0068', '1993-03-24', '일반'),
('user069', 'abc1234!', '이재훈', 'M', '010-1111-0069', '1989-04-25', '일반'),
('user070', 'abc1234!', '한지수', 'F', '010-1111-0070', '1990-05-26', '일반'),
('user071', 'abc1234!', '김지훈', 'M', '010-1111-0071', '1987-06-27', '일반'),
('user072', 'abc1234!', '이수정', 'F', '010-1111-0072', '1995-07-28', '일반'),
('user073', 'abc1234!', '박준영', 'M', '010-1111-0073', '1986-08-29', '일반'),
('user074', 'abc1234!', '한상미', 'F', '010-1111-0074', '1992-09-30', '일반'),
('user075', 'abc1234!', '정대우', 'M', '010-1111-0075', '1984-10-31', '일반'),
('user076', 'abc1234!', '김희진', 'F', '010-1111-0076', '1989-11-01', '일반'),
('user077', 'abc1234!', '오세진', 'M', '010-1111-0077', '1990-12-02', '일반'),
('user078', 'abc1234!', '서주희', 'F', '010-1111-0078', '1991-01-03', '일반'),
('user079', 'abc1234!', '이규태', 'M', '010-1111-0079', '1985-02-04', '일반'),
('user080', 'abc1234!', '최지혜', 'F', '010-1111-0080', '1992-03-05', '일반'),
('user081', 'abc1234!', '홍민수', 'M', '010-1111-0081', '1986-04-06', '일반'),
('user082', 'abc1234!', '정소영', 'F', '010-1111-0082', '1989-05-07', '일반'),
('user083', 'abc1234!', '박상우', 'M', '010-1111-0083', '1994-06-08', '일반'),
('user084', 'abc1234!', '이민주', 'F', '010-1111-0084', '1993-07-09', '일반'),
('user085', 'abc1234!', '김상훈', 'M', '010-1111-0085', '1988-08-10', '일반'),
('user086', 'abc1234!', '한예리', 'F', '010-1111-0086', '1991-09-11', '일반'),
('user087', 'abc1234!', '정진호', 'M', '010-1111-0087', '1985-10-12', '일반'),
('user088', 'abc1234!', '서지은', 'F', '010-1111-0088', '1990-11-13', '일반'),
('user089', 'abc1234!', '임상원', 'M', '010-1111-0089', '1984-12-14', '일반'),
('user090', 'abc1234!', '김민영', 'F', '010-1111-0090', '1993-01-15', '일반'),
('user091', 'abc1234!', '오하나', 'M', '010-1111-0091', '1986-02-16', '일반'),
('user092', 'abc1234!', '최수빈', 'F', '010-1111-0092', '1991-03-17', '일반'),
('user093', 'abc1234!', '이태훈', 'M', '010-1111-0093', '1985-04-18', '일반'),
('user094', 'abc1234!', '한수정', 'F', '010-1111-0094', '1992-05-19', '일반'),
('user095', 'abc1234!', '정경민', 'M', '010-1111-0095', '1989-06-20', '일반'),
('user096', 'abc1234!', '서미정', 'F', '010-1111-0096', '1990-07-21', '일반'),
('user097', 'abc1234!', '임도윤', 'M', '010-1111-0097', '1986-08-22', '일반'),
('user098', 'abc1234!', '김정민', 'F', '010-1111-0098', '1993-09-23', '일반'),
('user099', 'abc1234!', '박정호', 'M', '010-1111-0099', '1984-10-24', '일반'),
('user100', 'abc1234!', '이상현', 'F', '010-1111-0100', '1995-11-25', '일반'),('user101', 'abc1234!', '김민수', 'M', '010-1111-0101', '1985-01-01', '일반'),
('user102', 'abc1234!', '이유진', 'F', '010-1111-0102', '1990-02-02', '일반'),
('user103', 'abc1234!', '박지현', 'M', '010-1111-0103', '1988-03-03', '일반'),
('user104', 'abc1234!', '최서연', 'F', '010-1111-0104', '1992-04-04', '일반'),
('user105', 'abc1234!', '정하늘', 'M', '010-1111-0105', '1980-05-05', '일반'),
('user106', 'abc1234!', '한지민', 'F', '010-1111-0106', '1993-06-06', '일반'),
('user107', 'abc1234!', '이재현', 'M', '010-1111-0107', '1986-07-07', '일반'),
('user108', 'abc1234!', '김민지', 'F', '010-1111-0108', '1991-08-08', '일반'),
('user109', 'abc1234!', '장민수', 'M', '010-1111-0109', '1984-09-09', '일반'),
('user110', 'abc1234!', '오유리', 'F', '010-1111-0110', '1995-10-10', '일반'),
('user111', 'abc1234!', '임성훈', 'M', '010-1111-0111', '1983-11-11', '일반'),
('user112', 'abc1234!', '배수연', 'F', '010-1111-0112', '1992-12-12', '일반'),
('user113', 'abc1234!', '서준호', 'M', '010-1111-0113', '1987-01-13', '일반'),
('user114', 'abc1234!', '한유진', 'F', '010-1111-0114', '1994-02-14', '일반'),
('user115', 'abc1234!', '조민재', 'M', '010-1111-0115', '1990-03-15', '일반'),
('user116', 'abc1234!', '최유리', 'F', '010-1111-0116', '1989-04-16', '일반'),
('user117', 'abc1234!', '홍길동', 'M', '010-1111-0117', '1982-05-17', '일반'),
('user118', 'abc1234!', '이하늘', 'F', '010-1111-0118', '1995-06-18', '일반'),
('user119', 'abc1234!', '권민재', 'M', '010-1111-0119', '1988-07-19', '일반'),
('user120', 'abc1234!', '윤지혜', 'F', '010-1111-0120', '1991-08-20', '일반'),
('user121', 'abc1234!', '신동욱', 'M', '010-1111-0121', '1984-09-21', '일반'),
('user122', 'abc1234!', '장하늘', 'F', '010-1111-0122', '1990-10-22', '일반'),
('user123', 'abc1234!', '민준수', 'M', '010-1111-0123', '1983-11-23', '일반'),
('user124', 'abc1234!', '여진희', 'F', '010-1111-0124', '1992-12-24', '일반'),
('user125', 'abc1234!', '허지호', 'M', '010-1111-0125', '1986-01-25', '일반'),
('user126', 'abc1234!', '성지연', 'F', '010-1111-0126', '1994-02-26', '일반'),
('user127', 'abc1234!', '곽세훈', 'M', '010-1111-0127', '1981-03-27', '일반'),
('user128', 'abc1234!', '이소연', 'F', '010-1111-0128', '1989-04-28', '일반'),
('user129', 'abc1234!', '진우진', 'M', '010-1111-0129', '1987-05-29', '일반'),
('user130', 'abc1234!', '오소미', 'F', '010-1111-0130', '1995-06-30', '일반'),
('user131', 'abc1234!', '원재욱', 'M', '010-1111-0131', '1985-07-31', '일반'),
('user132', 'abc1234!', '한나래', 'F', '010-1111-0132', '1993-08-01', '일반'),
('user133', 'abc1234!', '이정훈', 'M', '010-1111-0133', '1986-09-02', '일반'),
('user134', 'abc1234!', '김하윤', 'F', '010-1111-0134', '1990-10-03', '일반'),
('user135', 'abc1234!', '홍상욱', 'M', '010-1111-0135', '1984-11-04', '일반'),
('user136', 'abc1234!', '강소라', 'F', '010-1111-0136', '1992-12-05', '일반'),
('user137', 'abc1234!', '이대호', 'M', '010-1111-0137', '1983-01-06', '일반'),
('user138', 'abc1234!', '정하연', 'F', '010-1111-0138', '1989-02-07', '일반'),
('user139', 'abc1234!', '임지민', 'M', '010-1111-0139', '1991-03-08', '일반'),
('user140', 'abc1234!', '최선우', 'F', '010-1111-0140', '1987-04-09', '일반'),
('user141', 'abc1234!', '박종현', 'M', '010-1111-0141', '1995-05-10', '일반'),
('user142', 'abc1234!', '이채영', 'F', '010-1111-0142', '1992-06-11', '일반'),
('user143', 'abc1234!', '권기범', 'M', '010-1111-0143', '1988-07-12', '일반'),
('user144', 'abc1234!', '장서희', 'F', '010-1111-0144', '1986-08-13', '일반'),
('user145', 'abc1234!', '한상희', 'M', '010-1111-0145', '1984-09-14', '일반'),
('user146', 'abc1234!', '이은지', 'F', '010-1111-0146', '1983-10-15', '일반'),
('user147', 'abc1234!', '오상철', 'M', '010-1111-0147', '1995-11-16', '일반'),
('user148', 'abc1234!', '유미진', 'F', '010-1111-0148', '1990-12-17', '일반'),
('user149', 'abc1234!', '조성훈', 'M', '010-1111-0149', '1988-01-18', '일반'),
('user150', 'abc1234!', '김도희', 'F', '010-1111-0150', '1991-02-19', '일반'),
('user151', 'abc1234!', '이호준', 'M', '010-1111-0151', '1984-03-20', '일반'),
('user152', 'abc1234!', '서민정', 'F', '010-1111-0152', '1993-04-21', '일반'),
('user153', 'abc1234!', '정우진', 'M', '010-1111-0153', '1989-05-22', '일반'),
('user154', 'abc1234!', '한지영', 'F', '010-1111-0154', '1995-06-23', '일반'),
('user155', 'abc1234!', '홍승민', 'M', '010-1111-0155', '1981-07-24', '일반'),
('user156', 'abc1234!', '최유진', 'F', '010-1111-0156', '1992-08-25', '일반'),
('user157', 'abc1234!', '이재민', 'M', '010-1111-0157', '1987-09-26', '일반'),
('user158', 'abc1234!', '서영지', 'F', '010-1111-0158', '1994-10-27', '일반'),
('user159', 'abc1234!', '임승호', 'M', '010-1111-0159', '1986-11-28', '일반'),
('user160', 'abc1234!', '박수진', 'F', '010-1111-0160', '1990-12-29', '일반'),
('user161', 'abc1234!', '김정우', 'M', '010-1111-0161', '1983-01-30', '일반'),
('user162', 'abc1234!', '오세훈', 'F', '010-1111-0162', '1992-02-31', '일반'),
('user163', 'abc1234!', '하윤서', 'M', '010-1111-0163', '1988-03-01', '일반'),
('user164', 'abc1234!', '조민서', 'F', '010-1111-0164', '1995-04-02', '일반'),
('user165', 'abc1234!', '이상철', 'M', '010-1111-0165', '1984-05-03', '일반'),
('user166', 'abc1234!', '최유빈', 'F', '010-1111-0166', '1991-06-04', '일반'),
('user167', 'abc1234!', '서영훈', 'M', '010-1111-0167', '1985-07-05', '일반'),
('user168', 'abc1234!', '김선아', 'F', '010-1111-0168', '1993-08-06', '일반'),
('user169', 'abc1234!', '이재훈', 'M', '010-1111-0169', '1989-09-07', '일반'),
('user170', 'abc1234!', '한지수', 'F', '010-1111-0170', '1990-10-08', '일반'),
('user171', 'abc1234!', '김지훈', 'M', '010-1111-0171', '1987-11-09', '일반'),
('user172', 'abc1234!', '이수정', 'F', '010-1111-0172', '1995-12-10', '일반'),
('user173', 'abc1234!', '박준영', 'M', '010-1111-0173', '1986-01-11', '일반'),
('user174', 'abc1234!', '한상미', 'F', '010-1111-0174', '1992-02-12', '일반'),
('user175', 'abc1234!', '정대우', 'M', '010-1111-0175', '1984-03-13', '일반'),
('user176', 'abc1234!', '김희진', 'F', '010-1111-0176', '1989-04-14', '일반'),
('user177', 'abc1234!', '오세진', 'M', '010-1111-0177', '1990-05-15', '일반'),
('user178', 'abc1234!', '서주희', 'F', '010-1111-0178', '1991-06-16', '일반'),
('user179', 'abc1234!', '이규태', 'M', '010-1111-0179', '1985-07-17', '일반'),
('user180', 'abc1234!', '최지혜', 'F', '010-1111-0180', '1992-08-18', '일반'),
('user181', 'abc1234!', '홍민수', 'M', '010-1111-0181', '1986-09-19', '일반'),
('user182', 'abc1234!', '정소영', 'F', '010-1111-0182', '1989-10-20', '일반'),
('user183', 'abc1234!', '박상우', 'M', '010-1111-0183', '1994-11-21', '일반'),
('user184', 'abc1234!', '이민주', 'F', '010-1111-0184', '1993-12-22', '일반'),
('user185', 'abc1234!', '김상훈', 'M', '010-1111-0185', '1988-01-23', '일반'),
('user186', 'abc1234!', '한예리', 'F', '010-1111-0186', '1991-02-24', '일반'),
('user187', 'abc1234!', '정진호', 'M', '010-1111-0187', '1985-03-25', '일반'),
('user188', 'abc1234!', '서지은', 'F', '010-1111-0188', '1990-04-26', '일반'),
('user189', 'abc1234!', '임상원', 'M', '010-1111-0189', '1984-05-27', '일반'),
('user190', 'abc1234!', '김민영', 'F', '010-1111-0190', '1993-06-28', '일반'),
('user191', 'abc1234!', '오하나', 'M', '010-1111-0191', '1986-07-29', '일반'),
('user192', 'abc1234!', '최수빈', 'F', '010-1111-0192', '1991-08-30', '일반'),
('user193', 'abc1234!', '이태훈', 'M', '010-1111-0193', '1985-09-31', '일반'),
('user194', 'abc1234!', '한수정', 'F', '010-1111-0194', '1992-10-01', '일반'),
('user195', 'abc1234!', '정경민', 'M', '010-1111-0195', '1989-11-02', '일반'),
('user196', 'abc1234!', '서미정', 'F', '010-1111-0196', '1990-12-03', '일반'),
('user197', 'abc1234!', '임도윤', 'M', '010-1111-0197', '1986-01-04', '일반'),
('user198', 'abc1234!', '김정민', 'F', '010-1111-0198', '1993-02-05', '일반'),
('user199', 'abc1234!', '박정호', 'M', '010-1111-0199', '1984-03-06', '일반'),
('user200', 'abc1234!', '이상현', 'F', '010-1111-0200', '1995-04-07', '일반'),
('user201', 'abc1234!', '이창수', 'M', '010-1111-0201', '1985-01-01', '일반'),
('user202', 'abc1234!', '신영희', 'F', '010-1111-0202', '1990-02-02', '일반'),
('user203', 'abc1234!', '한기현', 'M', '010-1111-0203', '1988-03-03', '일반'),
('user204', 'abc1234!', '서영빈', 'F', '010-1111-0204', '1992-04-04', '일반'),
('user205', 'abc1234!', '이준호', 'M', '010-1111-0205', '1980-05-05', '일반'),
('user206', 'abc1234!', '박소영', 'F', '010-1111-0206', '1993-06-06', '일반'),
('user207', 'abc1234!', '김동혁', 'M', '010-1111-0207', '1986-07-07', '일반'),
('user208', 'abc1234!', '한가람', 'F', '010-1111-0208', '1991-08-08', '일반'),
('user209', 'abc1234!', '이상민', 'M', '010-1111-0209', '1984-09-09', '일반'),
('user210', 'abc1234!', '조은정', 'F', '010-1111-0210', '1995-10-10', '일반'),
('user211', 'abc1234!', '서태원', 'M', '010-1111-0211', '1983-11-11', '일반'),
('user212', 'abc1234!', '정유진', 'F', '010-1111-0212', '1992-12-12', '일반'),
('user213', 'abc1234!', '이대영', 'M', '010-1111-0213', '1987-01-13', '일반'),
('user214', 'abc1234!', '한채영', 'F', '010-1111-0214', '1994-02-14', '일반'),
('user215', 'abc1234!', '김상우', 'M', '010-1111-0215', '1990-03-15', '일반'),
('user216', 'abc1234!', '정다연', 'F', '010-1111-0216', '1989-04-16', '일반'),
('user217', 'abc1234!', '임승현', 'M', '010-1111-0217', '1982-05-17', '일반'),
('user218', 'abc1234!', '김지현', 'F', '010-1111-0218', '1995-06-18', '일반'),
('user219', 'abc1234!', '이현수', 'M', '010-1111-0219', '1988-07-19', '일반'),
('user220', 'abc1234!', '최진우', 'F', '010-1111-0220', '1991-08-20', '일반'),
('user221', 'abc1234!', '이상현', 'M', '010-1111-0221', '1984-09-21', '일반'),
('user222', 'abc1234!', '한윤희', 'F', '010-1111-0222', '1990-10-22', '일반'),
('user223', 'abc1234!', '정민호', 'M', '010-1111-0223', '1983-11-23', '일반'),
('user224', 'abc1234!', '이수연', 'F', '010-1111-0224', '1992-12-24', '일반'),
('user225', 'abc1234!', '허태영', 'M', '010-1111-0225', '1986-01-25', '일반'),
('user226', 'abc1234!', '오진주', 'F', '010-1111-0226', '1994-02-26', '일반'),
('user227', 'abc1234!', '서재민', 'M', '010-1111-0227', '1981-03-27', '일반'),
('user228', 'abc1234!', '한세영', 'F', '010-1111-0228', '1989-04-28', '일반'),
('user229', 'abc1234!', '이민혁', 'M', '010-1111-0229', '1987-05-29', '일반'),
('user230', 'abc1234!', '최영미', 'F', '010-1111-0230', '1995-06-30', '일반'),
('user231', 'abc1234!', '한진우', 'M', '010-1111-0231', '1985-07-31', '일반'),
('user232', 'abc1234!', '정은빈', 'F', '010-1111-0232', '1993-08-01', '일반'),
('user233', 'abc1234!', '이재우', 'M', '010-1111-0233', '1986-09-02', '일반'),
('user234', 'abc1234!', '김현주', 'F', '010-1111-0234', '1990-10-03', '일반'),
('user235', 'abc1234!', '한수민', 'M', '010-1111-0235', '1984-11-04', '일반'),
('user236', 'abc1234!', '이주영', 'F', '010-1111-0236', '1992-12-05', '일반'),
('user237', 'abc1234!', '정하빈', 'M', '010-1111-0237', '1983-01-06', '일반'),
('user238', 'abc1234!', '김수현', 'F', '010-1111-0238', '1989-02-07', '일반'),
('user239', 'abc1234!', '오찬호', 'M', '010-1111-0239', '1991-03-08', '일반'),
('user240', 'abc1234!', '최지원', 'F', '010-1111-0240', '1987-04-09', '일반'),
('user241', 'abc1234!', '박세진', 'M', '010-1111-0241', '1995-05-10', '일반'),
('user242', 'abc1234!', '이예지', 'F', '010-1111-0242', '1992-06-11', '일반'),
('user243', 'abc1234!', '권태현', 'M', '010-1111-0243', '1988-07-12', '일반'),
('user244', 'abc1234!', '장하나', 'F', '010-1111-0244', '1986-08-13', '일반'),
('user245', 'abc1234!', '한상우', 'M', '010-1111-0245', '1984-09-14', '일반'),
('user246', 'abc1234!', '이혜원', 'F', '010-1111-0246', '1983-10-15', '일반'),
('user247', 'abc1234!', '오상하', 'M', '010-1111-0247', '1995-11-16', '일반'),
('user248', 'abc1234!', '유소영', 'F', '010-1111-0248', '1990-12-17', '일반'),
('user249', 'abc1234!', '조우진', 'M', '010-1111-0249', '1988-01-18', '일반'),
('user250', 'abc1234!', '김예나', 'F', '010-1111-0250', '1991-02-19', '일반'),
('user251', 'abc1234!', '이호찬', 'M', '010-1111-0251', '1984-03-20', '일반'),
('user252', 'abc1234!', '서미래', 'F', '010-1111-0252', '1993-04-21', '일반'),
('user253', 'abc1234!', '정우영', 'M', '010-1111-0253', '1989-05-22', '일반'),
('user254', 'abc1234!', '한지우', 'F', '010-1111-0254', '1995-06-23', '일반'),
('user255', 'abc1234!', '홍지훈', 'M', '010-1111-0255', '1981-07-24', '일반'),
('user256', 'abc1234!', '최유림', 'F', '010-1111-0256', '1992-08-25', '일반'),
('user257', 'abc1234!', '이재웅', 'M', '010-1111-0257', '1987-09-26', '일반'),
('user258', 'abc1234!', '서영진', 'F', '010-1111-0258', '1994-10-27', '일반'),
('user259', 'abc1234!', '임경태', 'M', '010-1111-0259', '1986-11-28', '일반'),
('user260', 'abc1234!', '박은비', 'F', '010-1111-0260', '1990-12-29', '일반'),
('user261', 'abc1234!', '김정훈', 'M', '010-1111-0261', '1983-01-30', '일반'),
('user262', 'abc1234!', '오소영', 'F', '010-1111-0262', '1992-02-31', '일반'),
('user263', 'abc1234!', '하진수', 'M', '010-1111-0263', '1988-03-01', '일반'),
('user264', 'abc1234!', '조은서', 'F', '010-1111-0264', '1995-04-02', '일반'),
('user265', 'abc1234!', '이상범', 'M', '010-1111-0265', '1984-05-03', '일반'),
('user266', 'abc1234!', '최유빈', 'F', '010-1111-0266', '1991-06-04', '일반'),
('user267', 'abc1234!', '서원준', 'M', '010-1111-0267', '1985-07-05', '일반'),
('user268', 'abc1234!', '김은정', 'F', '010-1111-0268', '1993-08-06', '일반'),
('user269', 'abc1234!', '이재현', 'M', '010-1111-0269', '1989-09-07', '일반'),
('user270', 'abc1234!', '한지현', 'F', '010-1111-0270', '1990-10-08', '일반'),
('user271', 'abc1234!', '김태수', 'M', '010-1111-0271', '1987-11-09', '일반'),
('user272', 'abc1234!', '이수은', 'F', '010-1111-0272', '1995-12-10', '일반'),
('user273', 'abc1234!', '박영재', 'M', '010-1111-0273', '1986-01-11', '일반'),
('user274', 'abc1234!', '한다은', 'F', '010-1111-0274', '1992-02-12', '일반'),
('user275', 'abc1234!', '정도윤', 'M', '010-1111-0275', '1984-03-13', '일반'),
('user276', 'abc1234!', '김수민', 'F', '010-1111-0276', '1989-04-14', '일반'),
('user277', 'abc1234!', '오경호', 'M', '010-1111-0277', '1990-05-15', '일반'),
('user278', 'abc1234!', '서지현', 'F', '010-1111-0278', '1991-06-16', '일반'),
('user279', 'abc1234!', '이정수', 'M', '010-1111-0279', '1985-07-17', '일반'),
('user280', 'abc1234!', '최수진', 'F', '010-1111-0280', '1992-08-18', '일반'),
('user281', 'abc1234!', '홍준서', 'M', '010-1111-0281', '1986-09-19', '일반'),
('user282', 'abc1234!', '정혜인', 'F', '010-1111-0282', '1989-10-20', '일반'),
('user283', 'abc1234!', '박세호', 'M', '010-1111-0283', '1994-11-21', '일반'),
('user284', 'abc1234!', '이소희', 'F', '010-1111-0284', '1993-12-22', '일반'),
('user285', 'abc1234!', '김재원', 'M', '010-1111-0285', '1988-01-23', '일반'),
('user286', 'abc1234!', '한지영', 'F', '010-1111-0286', '1991-02-24', '일반'),
('user287', 'abc1234!', '정민수', 'M', '010-1111-0287', '1985-03-25', '일반'),
('user288', 'abc1234!', '서지혜', 'F', '010-1111-0288', '1990-04-26', '일반'),
('user289', 'abc1234!', '임상우', 'M', '010-1111-0289', '1984-05-27', '일반'),
('user290', 'abc1234!', '김연주', 'F', '010-1111-0290', '1993-06-28', '일반'),
('user291', 'abc1234!', '오하늘', 'M', '010-1111-0291', '1986-07-29', '일반'),
('user292', 'abc1234!', '최수빈', 'F', '010-1111-0292', '1991-08-30', '일반'),
('user293', 'abc1234!', '이태양', 'M', '010-1111-0293', '1985-09-31', '일반'),
('user294', 'abc1234!', '한소희', 'F', '010-1111-0294', '1992-10-01', '일반'),
('user295', 'abc1234!', '정시훈', 'M', '010-1111-0295', '1989-11-02', '일반'),
('user296', 'abc1234!', '서민정', 'F', '010-1111-0296', '1990-12-03', '일반'),
('user297', 'abc1234!', '임도연', 'M', '010-1111-0297', '1986-01-04', '일반'),
('user298', 'abc1234!', '김정희', 'F', '010-1111-0298', '1993-02-05', '일반'),
('user299', 'abc1234!', '박준형', 'M', '010-1111-0299', '1984-03-06', '일반'),
('user300', 'abc1234!', '이하늘', 'F', '010-1111-0300', '1995-04-07', '일반'),
('user301', 'abc1234!', '김민준', 'M', '010-1111-0301', '1990-01-01', '일반'),
('user302', 'abc1234!', '이소영', 'F', '010-1111-0302', '1987-02-02', '일반'),
('user303', 'abc1234!', '정우성', 'M', '010-1111-0303', '1994-03-03', '일반'),
('user304', 'abc1234!', '한지혜', 'F', '010-1111-0304', '1986-04-04', '일반'),
('user305', 'abc1234!', '이민호', 'M', '010-1111-0305', '1988-05-05', '일반'),
('user306', 'abc1234!', '박하늘', 'F', '010-1111-0306', '1995-06-06', '일반'),
('user307', 'abc1234!', '최승훈', 'M', '010-1111-0307', '1985-07-07', '일반'),
('user308', 'abc1234!', '오지현', 'F', '010-1111-0308', '1991-08-08', '일반'),
('user309', 'abc1234!', '이태호', 'M', '010-1111-0309', '1989-09-09', '일반'),
('user310', 'abc1234!', '서영미', 'F', '010-1111-0310', '1993-10-10', '일반'),
('user311', 'abc1234!', '홍길동', 'M', '010-1111-0311', '1982-11-11', '일반'),
('user312', 'abc1234!', '정유진', 'F', '010-1111-0312', '1994-12-12', '일반'),
('user313', 'abc1234!', '이상민', 'M', '010-1111-0313', '1986-01-13', '일반'),
('user314', 'abc1234!', '김다희', 'F', '010-1111-0314', '1991-02-14', '일반'),
('user315', 'abc1234!', '임태희', 'M', '010-1111-0315', '1983-03-15', '일반'),
('user316', 'abc1234!', '하윤서', 'F', '010-1111-0316', '1990-04-16', '일반'),
('user317', 'abc1234!', '최지훈', 'M', '010-1111-0317', '1985-05-17', '일반'),
('user318', 'abc1234!', '서지현', 'F', '010-1111-0318', '1992-06-18', '일반'),
('user319', 'abc1234!', '이정민', 'M', '010-1111-0319', '1989-07-19', '일반'),
('user320', 'abc1234!', '한서연', 'F', '010-1111-0320', '1995-08-20', '일반'),
('user321', 'abc1234!', '김수현', 'M', '010-1111-0321', '1986-09-21', '일반'),
('user322', 'abc1234!', '박소미', 'F', '010-1111-0322', '1991-10-22', '일반'),
('user323', 'abc1234!', '정민수', 'M', '010-1111-0323', '1988-11-23', '일반'),
('user324', 'abc1234!', '서준영', 'F', '010-1111-0324', '1993-12-24', '일반'),
('user325', 'abc1234!', '한상우', 'M', '010-1111-0325', '1984-01-25', '일반'),
('user326', 'abc1234!', '이유진', 'F', '010-1111-0326', '1990-02-26', '일반'),
('user327', 'abc1234!', '오세훈', 'M', '010-1111-0327', '1985-03-27', '일반'),
('user328', 'abc1234!', '최지혜', 'F', '010-1111-0328', '1992-04-28', '일반'),
('user329', 'abc1234!', '김민재', 'M', '010-1111-0329', '1987-05-29', '일반'),
('user330', 'abc1234!', '서예린', 'F', '010-1111-0330', '1994-06-30', '일반'),
('user331', 'abc1234!', '정윤호', 'M', '010-1111-0331', '1989-07-31', '일반'),
('user332', 'abc1234!', '이채연', 'F', '010-1111-0332', '1991-08-31', '일반'),
('user333', 'abc1234!', '한정훈', 'M', '010-1111-0333', '1983-09-01', '일반'),
('user334', 'abc1234!', '김은우', 'F', '010-1111-0334', '1990-10-02', '일반'),
('user335', 'abc1234!', '오상혁', 'M', '010-1111-0335', '1986-11-03', '일반'),
('user336', 'abc1234!', '최유나', 'F', '010-1111-0336', '1995-12-04', '일반'),
('user337', 'abc1234!', '이태현', 'M', '010-1111-0337', '1984-01-05', '일반'),
('user338', 'abc1234!', '서연우', 'F', '010-1111-0338', '1991-02-06', '일반'),
('user339', 'abc1234!', '정진수', 'M', '010-1111-0339', '1988-03-07', '일반'),
('user340', 'abc1234!', '한주희', 'F', '010-1111-0340', '1993-04-08', '일반'),
('user341', 'abc1234!', '김지우', 'M', '010-1111-0341', '1986-05-09', '일반'),
('user342', 'abc1234!', '이예림', 'F', '010-1111-0342', '1990-06-10', '일반'),
('user343', 'abc1234!', '오동현', 'M', '010-1111-0343', '1985-07-11', '일반'),
('user344', 'abc1234!', '최보라', 'F', '010-1111-0344', '1992-08-12', '일반'),
('user345', 'abc1234!', '이준서', 'M', '010-1111-0345', '1989-09-13', '일반'),
('user346', 'abc1234!', '서다혜', 'F', '010-1111-0346', '1995-10-14', '일반'),
('user347', 'abc1234!', '정세현', 'M', '010-1111-0347', '1984-11-15', '일반'),
('user348', 'abc1234!', '한소연', 'F', '010-1111-0348', '1991-12-16', '일반'),
('user349', 'abc1234!', '김유진', 'M', '010-1111-0349', '1986-01-17', '일반'),
('user350', 'abc1234!', '이정현', 'F', '010-1111-0350', '1993-02-18', '일반'),
('user351', 'abc1234!', '오찬호', 'M', '010-1111-0351', '1989-03-19', '일반'),
('user352', 'abc1234!', '최하은', 'F', '010-1111-0352', '1992-04-20', '일반'),
('user353', 'abc1234!', '이상수', 'M', '010-1111-0353', '1985-05-21', '일반'),
('user354', 'abc1234!', '서은지', 'F', '010-1111-0354', '1994-06-22', '일반'),
('user355', 'abc1234!', '정해민', 'M', '010-1111-0355', '1988-07-23', '일반'),
('user356', 'abc1234!', '한상미', 'F', '010-1111-0356', '1990-08-24', '일반'),
('user357', 'abc1234!', '김범수', 'M', '010-1111-0357', '1986-09-25', '일반'),
('user358', 'abc1234!', '이수빈', 'F', '010-1111-0358', '1992-10-26', '일반'),
('user359', 'abc1234!', '오세진', 'M', '010-1111-0359', '1985-11-27', '일반'),
('user360', 'abc1234!', '최미래', 'F', '010-1111-0360', '1993-12-28', '일반'),
('user361', 'abc1234!', '이찬우', 'M', '010-1111-0361', '1984-01-29', '일반'),
('user362', 'abc1234!', '서하나', 'F', '010-1111-0362', '1991-02-30', '일반'),
('user363', 'abc1234!', '정영재', 'M', '010-1111-0363', '1988-03-31', '일반'),
('user364', 'abc1234!', '한상희', 'F', '010-1111-0364', '1994-04-01', '일반'),
('user365', 'abc1234!', '김재호', 'M', '010-1111-0365', '1986-05-02', '일반'),
('user366', 'abc1234!', '이소현', 'F', '010-1111-0366', '1990-06-03', '일반'),
('user367', 'abc1234!', '오민재', 'M', '010-1111-0367', '1989-07-04', '일반'),
('user368', 'abc1234!', '최가람', 'F', '010-1111-0368', '1995-08-05', '일반'),
('user369', 'abc1234!', '이재혁', 'M', '010-1111-0369', '1983-09-06', '일반'),
('user370', 'abc1234!', '서지민', 'F', '010-1111-0370', '1992-10-07', '일반'),
('user371', 'abc1234!', '정영민', 'M', '010-1111-0371', '1988-11-08', '일반'),
('user372', 'abc1234!', '한재원', 'F', '010-1111-0372', '1991-12-09', '일반'),
('user373', 'abc1234!', '김연수', 'M', '010-1111-0373', '1986-01-10', '일반'),
('user374', 'abc1234!', '이하늘', 'F', '010-1111-0374', '1993-02-11', '일반'),
('user375', 'abc1234!', '오주환', 'M', '010-1111-0375', '1989-03-12', '일반'),
('user376', 'abc1234!', '최민주', 'F', '010-1111-0376', '1992-04-13', '일반'),
('user377', 'abc1234!', '이승현', 'M', '010-1111-0377', '1985-05-14', '일반'),
('user378', 'abc1234!', '서현주', 'F', '010-1111-0378', '1991-06-15', '일반'),
('user379', 'abc1234!', '정수빈', 'M', '010-1111-0379', '1988-07-16', '일반'),
('user380', 'abc1234!', '한지민', 'F', '010-1111-0380', '1995-08-17', '일반'),
('user381', 'abc1234!', '김도현', 'M', '010-1111-0381', '1986-09-18', '일반'),
('user382', 'abc1234!', '이재원', 'F', '010-1111-0382', '1992-10-19', '일반'),
('user383', 'abc1234!', '오연수', 'M', '010-1111-0383', '1984-11-20', '일반'),
('user384', 'abc1234!', '최하늘', 'F', '010-1111-0384', '1993-12-21', '일반'),
('user385', 'abc1234!', '이정수', 'M', '010-1111-0385', '1988-01-22', '일반'),
('user386', 'abc1234!', '서민재', 'F', '010-1111-0386', '1990-02-23', '일반'),
('user387', 'abc1234!', '정현수', 'M', '010-1111-0387', '1987-03-24', '일반'),
('user388', 'abc1234!', '한유진', 'F', '010-1111-0388', '1995-04-25', '일반'),
('user389', 'abc1234!', '김경태', 'M', '010-1111-0389', '1983-05-26', '일반'),
('user390', 'abc1234!', '이유라', 'F', '010-1111-0390', '1991-06-27', '일반'),
('user391', 'abc1234!', '오상우', 'M', '010-1111-0391', '1986-07-28', '일반'),
('user392', 'abc1234!', '최민정', 'F', '010-1111-0392', '1992-08-29', '일반'),
('user393', 'abc1234!', '이철수', 'M', '010-1111-0393', '1985-09-30', '일반'),
('user394', 'abc1234!', '서진아', 'F', '010-1111-0394', '1994-10-31', '일반'),
('user395', 'abc1234!', '정호준', 'M', '010-1111-0395', '1988-11-01', '일반'),
('user396', 'abc1234!', '한수연', 'F', '010-1111-0396', '1991-12-02', '일반'),
('user397', 'abc1234!', '김민아', 'M', '010-1111-0397', '1983-01-03', '일반'),
('user398', 'abc1234!', '이서희', 'F', '010-1111-0398', '1990-02-04', '일반'),
('user399', 'abc1234!', '오승환', 'M', '010-1111-0399', '1987-03-05', '일반'),
('user400', 'abc1234!', '최예은', 'F', '010-1111-0400', '1995-04-06', '일반'),
('user401', 'abc1234!', '이동규', 'M', '010-1111-0401', '1986-05-07', '일반'),
('user402', 'abc1234!', '서미래', 'F', '010-1111-0402', '1992-06-08', '일반'),
('user403', 'abc1234!', '정선아', 'M', '010-1111-0403', '1988-07-09', '일반'),
('user404', 'abc1234!', '한진영', 'F', '010-1111-0404', '1991-08-10', '일반'),
('user405', 'abc1234!', '김찬호', 'M', '010-1111-0405', '1984-09-11', '일반'),
('user406', 'abc1234!', '이소영', 'F', '010-1111-0406', '1993-10-12', '일반'),
('user407', 'abc1234!', '오형민', 'M', '010-1111-0407', '1985-11-13', '일반'),
('user408', 'abc1234!', '최서연', 'F', '010-1111-0408', '1990-12-14', '일반'),
('user409', 'abc1234!', '이주호', 'M', '010-1111-0409', '1986-01-15', '일반'),
('user410', 'abc1234!', '서수진', 'F', '010-1111-0410', '1992-02-16', '일반'),
('user411', 'abc1234!', '정대현', 'M', '010-1111-0411', '1989-03-17', '일반'),
('user412', 'abc1234!', '한상민', 'F', '010-1111-0412', '1995-04-18', '일반'),
('user413', 'abc1234!', '김재우', 'M', '010-1111-0413', '1983-05-19', '일반'),
('user414', 'abc1234!', '이유찬', 'F', '010-1111-0414', '1991-06-20', '일반'),
('user415', 'abc1234!', '오준서', 'M', '010-1111-0415', '1985-07-21', '일반'),
('user416', 'abc1234!', '최민우', 'F', '010-1111-0416', '1990-08-22', '일반'),
('user417', 'abc1234!', '이정우', 'M', '010-1111-0417', '1989-09-23', '일반'),
('user418', 'abc1234!', '서하연', 'F', '010-1111-0418', '1994-10-24', '일반'),
('user419', 'abc1234!', '정서현', 'M', '010-1111-0419', '1987-11-25', '일반'),
('user420', 'abc1234!', '한지아', 'F', '010-1111-0420', '1991-12-26', '일반'),
('user421', 'abc1234!', '김승환', 'M', '010-1111-0421', '1983-01-27', '일반'),
('user422', 'abc1234!', '이정희', 'F', '010-1111-0422', '1992-02-28', '일반'),
('user423', 'abc1234!', '오상훈', 'M', '010-1111-0423', '1986-03-29', '일반'),
('user424', 'abc1234!', '최아름', 'F', '010-1111-0424', '1995-04-30', '일반'),
('user425', 'abc1234!', '이찬미', 'M', '010-1111-0425', '1988-05-31', '일반'),
('user426', 'abc1234!', '서지훈', 'F', '010-1111-0426', '1993-06-01', '일반'),
('user427', 'abc1234!', '정우철', 'M', '010-1111-0427', '1985-07-02', '일반'),
('user428', 'abc1234!', '한영희', 'F', '010-1111-0428', '1991-08-03', '일반'),
('user429', 'abc1234!', '김태희', 'M', '010-1111-0429', '1986-09-04', '일반'),
('user430', 'abc1234!', '이수영', 'F', '010-1111-0430', '1990-10-05', '일반'),
('user431', 'abc1234!', '오인성', 'M', '010-1111-0431', '1984-11-06', '일반'),
('user432', 'abc1234!', '최소윤', 'F', '010-1111-0432', '1992-12-07', '일반'),
('user433', 'abc1234!', '이승재', 'M', '010-1111-0433', '1985-01-08', '일반'),
('user434', 'abc1234!', '서하리', 'F', '010-1111-0434', '1994-02-09', '일반'),
('user435', 'abc1234!', '정세미', 'M', '010-1111-0435', '1988-03-10', '일반'),
('user436', 'abc1234!', '한지현', 'F', '010-1111-0436', '1991-04-11', '일반'),
('user437', 'abc1234!', '김상수', 'M', '010-1111-0437', '1983-05-12', '일반'),
('user438', 'abc1234!', '이주연', 'F', '010-1111-0438', '1990-06-13', '일반'),
('user439', 'abc1234!', '오진수', 'M', '010-1111-0439', '1987-07-14', '일반'),
('user440', 'abc1234!', '최소라', 'F', '010-1111-0440', '1995-08-15', '일반'),
('user441', 'abc1234!', '이재민', 'M', '010-1111-0441', '1986-09-16', '일반'),
('user442', 'abc1234!', '서정화', 'F', '010-1111-0442', '1991-10-17', '일반'),
('user443', 'abc1234!', '정현아', 'M', '010-1111-0443', '1988-11-18', '일반'),
('user444', 'abc1234!', '한동수', 'F', '010-1111-0444', '1994-12-19', '일반'),
('user445', 'abc1234!', '김유나', 'M', '010-1111-0445', '1985-01-20', '일반'),
('user446', 'abc1234!', '이서준', 'F', '010-1111-0446', '1993-02-21', '일반'),
('user447', 'abc1234!', '오정우', 'M', '010-1111-0447', '1989-03-22', '일반'),
('user448', 'abc1234!', '최지수', 'F', '010-1111-0448', '1992-04-23', '일반'),
('user449', 'abc1234!', '이상훈', 'M', '010-1111-0449', '1986-05-24', '일반'),
('user450', 'abc1234!', '서진영', 'F', '010-1111-0450', '1991-06-25', '일반'),
('user451', 'abc1234!', '정아름', 'M', '010-1111-0451', '1988-07-26', '일반'),
('user452', 'abc1234!', '한민수', 'F', '010-1111-0452', '1995-08-27', '일반'),
('user453', 'abc1234!', '김기범', 'M', '010-1111-0453', '1983-09-28', '일반'),
('user454', 'abc1234!', '이유리', 'F', '010-1111-0454', '1990-10-29', '일반'),
('user455', 'abc1234!', '오상미', 'M', '010-1111-0455', '1987-11-30', '일반'),
('user456', 'abc1234!', '최재훈', 'F', '010-1111-0456', '1992-12-31', '일반'),
('user457', 'abc1234!', '이은수', 'M', '010-1111-0457', '1985-01-01', '일반'),
('user458', 'abc1234!', '서나영', 'F', '010-1111-0458', '1994-02-02', '일반'),
('user459', 'abc1234!', '정영수', 'M', '010-1111-0459', '1989-03-03', '일반'),
('user460', 'abc1234!', '한서영', 'F', '010-1111-0460', '1991-04-04', '일반'),
('user461', 'abc1234!', '김지훈', 'M', '010-1111-0461', '1986-05-05', '일반'),
('user462', 'abc1234!', '이소미', 'F', '010-1111-0462', '1992-06-06', '일반'),
('user463', 'abc1234!', '오주연', 'M', '010-1111-0463', '1984-07-07', '일반'),
('user464', 'abc1234!', '최경민', 'F', '010-1111-0464', '1990-08-08', '일반'),
('user465', 'abc1234!', '이형준', 'M', '010-1111-0465', '1985-09-09', '일반'),
('user466', 'abc1234!', '서아름', 'F', '010-1111-0466', '1991-10-10', '일반'),
('user467', 'abc1234!', '정원철', 'M', '010-1111-0467', '1988-11-11', '일반'),
('user468', 'abc1234!', '한미래', 'F', '010-1111-0468', '1993-12-12', '일반'),
('user469', 'abc1234!', '김상원', 'M', '010-1111-0469', '1986-01-13', '일반'),
('user470', 'abc1234!', '이하늬', 'F', '010-1111-0470', '1990-02-14', '일반'),
('user471', 'abc1234!', '오민영', 'M', '010-1111-0471', '1984-03-15', '일반'),
('user472', 'abc1234!', '최가영', 'F', '010-1111-0472', '1992-04-16', '일반'),
('user473', 'abc1234!', '이호진', 'M', '010-1111-0473', '1985-05-17', '일반'),
('user474', 'abc1234!', '서정민', 'F', '010-1111-0474', '1991-06-18', '일반'),
('user475', 'abc1234!', '정다은', 'M', '010-1111-0475', '1988-07-19', '일반'),
('user476', 'abc1234!', '한승희', 'F', '010-1111-0476', '1994-08-20', '일반'),
('user477', 'abc1234!', '김정민', 'M', '010-1111-0477', '1986-09-21', '일반'),
('user478', 'abc1234!', '이수진', 'F', '010-1111-0478', '1991-10-22', '일반'),
('user479', 'abc1234!', '오수정', 'M', '010-1111-0479', '1985-11-23', '일반'),
('user480', 'abc1234!', '최정희', 'F', '010-1111-0480', '1993-12-24', '일반'),
('user481', 'abc1234!', '이성훈', 'M', '010-1111-0481', '1986-01-25', '일반'),
('user482', 'abc1234!', '서가현', 'F', '010-1111-0482', '1992-02-26', '일반'),
('user483', 'abc1234!', '정선호', 'M', '010-1111-0483', '1989-03-27', '일반'),
('user484', 'abc1234!', '한채린', 'F', '010-1111-0484', '1995-04-28', '일반'),
('user485', 'abc1234!', '김지민', 'M', '010-1111-0485', '1983-05-29', '일반'),
('user486', 'abc1234!', '이유진', 'F', '010-1111-0486', '1990-06-30', '일반'),
('user487', 'abc1234!', '오상복', 'M', '010-1111-0487', '1984-07-31', '일반'),
('user488', 'abc1234!', '최은아', 'F', '010-1111-0488', '1992-08-01', '일반'),
('user489', 'abc1234!', '이상엽', 'M', '010-1111-0489', '1986-09-02', '일반'),
('user490', 'abc1234!', '서혜진', 'F', '010-1111-0490', '1991-10-03', '일반'),
('user491', 'abc1234!', '정민수', 'M', '010-1111-0491', '1988-11-04', '일반'),
('user492', 'abc1234!', '한지우', 'F', '010-1111-0492', '1995-12-05', '일반'),
('user493', 'abc1234!', '김영수', 'M', '010-1111-0493', '1985-01-06', '일반'),
('user494', 'abc1234!', '이슬아', 'F', '010-1111-0494', '1993-02-07', '일반'),
('user495', 'abc1234!', '오세훈', 'M', '010-1111-0495', '1986-03-08', '일반'),
('user496', 'abc1234!', '최지현', 'F', '010-1111-0496', '1991-04-09', '일반'),
('user497', 'abc1234!', '이상길', 'M', '010-1111-0497', '1987-05-10', '일반'),
('user498', 'abc1234!', '서지우', 'F', '010-1111-0498', '1995-06-11', '일반'),
('user499', 'abc1234!', '정우민', 'M', '010-1111-0499', '1984-07-12', '일반'),
('user500', 'abc1234!', '한가영', 'F', '010-1111-0500', '1990-08-13', '일반');



-- 2. 카테고리 샘플
--select * from category;
INSERT INTO category (categoryname) VALUES ('자유'), ('정보'), ('토론'), ('질문'), ('자랑');

-- 3. 게시판 샘플
--select * from board;
INSERT INTO board (btitle, bcontent, bdate, bview, uno, categoryno) VALUES
('피카츄의 전기 공격', '피카츄의 백만볼트가 전투에서 정말 유용하네요!', '2024-09-05 14:31:00', 14, 4, 1),
('리자몽의 불꽃 공격', '리자몽의 화염 방사는 정말 강력해요. 전투에서 강한 효과를 발휘해요!', '2024-09-06 09:15:00', 10, 2, 1),
('이상해씨의 진화', '이상해씨가 이상해풀로 진화하면서 새로운 기술을 배우는 모습이 멋져요.', '2024-09-06 11:45:00', 75, 3, 1),
('꼬부기의 물 타입 공격', '꼬부기의 물총과 물대포는 물 타입 공격에서 정말 강력합니다.', '2024-09-07 10:30:00', 30, 4, 1),
('버터플의 비행 기술', '버터플이 사용하는 날개치기는 전투에서 유용하네요. 특히 비행 타입 상대로!', '2024-09-07 13:00:00', 44, 1, 1),
('내 피카츄가 최고!', '제 피카츄는 정말 특별해요! 백만볼트, 전격파, 그리고 스피드가 뛰어나서 전투에서 항상 승리해요. 자랑스러워요!', '2024-09-15 15:00:00', 4, 1, 5),
('리자몽의 불꽃이 뜨겁다!', '제 리자몽은 불꽃 기술을 완벽하게 소화합니다. 불꽃 방사와 용의 브레스를 사용하는 모습이 정말 멋지네요. 진정한 전투의 왕입니다!', '2024-09-16 10:30:00', 1, 2, 5),
('이상해씨의 진화가 자랑스러워요!', '이상해씨가 이상해풀로 진화한 모습이 너무 자랑스러워요. 특히 레이저빔 기술로 상대를 물리치는 장면이 최고입니다!', '2024-09-17 12:00:00', 9, 3, 5),
('내 블래키는 정말 강력해요!', '블래키의 어둠의 파동과 자원봉사로 팀을 지키는 모습이 자랑스럽습니다. 전투에서 매우 중요한 역할을 하고 있죠.', '2024-09-18 14:45:00', 63, 4, 5),
('뮤츠의 사이킥은 끝내줍니다!', '뮤츠의 사이킥 공격력은 상상을 초월해요. 심리적인 압박과 함께 강력한 전투력을 자랑합니다. 제 최고의 포켓몬이에요!', '2024-09-19 09:15:00', 104, 1, 5),
('피카츄는 너무 오버레이트', '피카츄는 너무 과대평가된 포켓몬이에요. 실제로 전투에서 별로 강하지도 않으면서 왜 그렇게 인기 있는지 이해할 수 없네요.', '2024-09-23 16:00:00', 14, 2, 1),
('리자몽은 전투에서 쓸모없어요', '리자몽이란 포켓몬은 불꽃 공격 외에는 아무것도 할 수 없어요. 전투에서 자주 패배하는 모습을 보니 진짜 실망스러워요.', '2024-09-24 18:30:00', 74, 3, 1),
('거북왕은 너무 느리다', '거북왕은 전투에서 너무 느려서 거의 아무것도 할 수 없어요. 이런 포켓몬은 정말 필요 없다고 생각해요.', '2024-09-25 11:45:00', 37, 4, 1),
('피카츄와 라이츄, 어느 쪽이 더 강할까?', '피카츄와 라이츄 중 어느 쪽이 더 강한가에 대해 토론해 봅시다. 피카츄는 귀여운 외모로 사랑받지만, 라이츄의 전기 공격이 더 강력하다는 의견도 있네요. 여러분은 어떻게 생각하나요?', '2024-09-26 13:30:00', 96, 1, 3),
('이상해씨 vs 이상해풀, 어떤 진화가 더 좋을까?', '이상해씨가 이상해풀로 진화하는 과정에서 어떤 장점과 단점이 있는지에 대해 논의해 봅시다. 이상해풀의 진화가 어떤 전략적 이점을 제공하는지 알고 싶어요.', '2024-09-27 14:00:00', 88, 2, 3),
('리자몽의 화염 공격과 불꽃 타입 포켓몬', '리자몽의 화염 공격이 다른 불꽃 타입 포켓몬과 비교했을 때 어떤 차이점이 있는지 논의해 봅시다. 불꽃 방사와 용의 브레스 중 어떤 기술이 더 효과적인가요?', '2024-09-28 16:15:00', 302, 3, 3),
('꼬부기의 물 타입 공격의 장점과 단점', '꼬부기의 물 타입 공격이 전투에서 어떤 상황에서 유리한지, 어떤 포켓몬들에게 효과적인지 토론해 봅시다. 물타입 기술의 활용도를 높일 수 있는 방법도 함께 논의해요.', '2024-09-29 10:45:00', 87, 4, 3),
('블래키의 어둠 타입 기술과 다른 타입의 상성', '블래키의 어둠 타입 기술이 다른 타입 포켓몬과의 상성에서 어떤 효과를 가지는지에 대해 이야기해 봅시다. 어둠 타입 기술의 전략적 활용에 대한 의견을 나누어요.', '2024-09-30 12:00:00', 41, 5, 3),
('이브이의 기본 정보와 진화 과정', '이브이는 노멀 타입 포켓몬으로, 다양한 형태로 진화할 수 있습니다. 레벨에 따라 물, 불, 전기 등 여러 타입으로 진화하며, 각각의 형태는 고유의 특성과 기술을 지니고 있습니다.', '2024-10-01 09:00:00', 20, 1, 2),
('메타몽의 특성과 기술', '메타몽은 노멀 타입 포켓몬으로, 다른 포켓몬의 형태를 변형할 수 있는 능력을 가지고 있습니다. 메타몽은 ‘변신’이라는 기술을 사용하여 상대 포켓몬의 기술을 그대로 사용할 수 있습니다.', '2024-10-02 10:15:00', 17, 2, 2),
('잠만보의 역할과 진화', '잠만보는 노멀/수면 타입 포켓몬으로, 레벨 20에서 먹고 자는 능력을 통해 전투에서 강력한 방어력을 자랑합니다. 잠만보는 굉장히 느리지만, 체력과 방어력이 뛰어난 포켓몬입니다.', '2024-10-03 11:30:00', 36, 3, 2),
('깜까의 기본 정보와 기술', '깜까는 불꽃 타입 포켓몬으로, 레벨 16에서 깜지로 진화하고, 레벨 36에서 깜방이로 진화합니다. 깜까는 불꽃과 물리 공격 기술을 주로 사용하며, 전투에서 큰 역할을 합니다.', '2024-10-04 12:45:00', 41, 4, 2),
('어니부기의 특징과 기술', '어니부기는 물/악 타입 포켓몬으로, 다양한 물리 및 물타입 기술을 사용할 수 있습니다. 어니부기는 공격적인 전투 스타일과 함께 강력한 물 타입 기술을 갖추고 있습니다.', '2024-10-05 14:00:00', 20, 5, 2),
('가디의 전투 능력과 특성', '가디는 불꽃 타입 포켓몬으로, 강력한 불꽃 공격과 빠른 속도를 자랑합니다. 레벨 35에서 윈디로 진화하며, 불꽃과 바람 기술을 사용하는 데 뛰어난 능력을 발휘합니다.', '2024-10-06 15:30:00', 71, 1, 2),
('전기 타입 포켓몬의 최적 전투 전략은 무엇인가요?', '전기 타입 포켓몬을 사용할 때 가장 효과적인 전투 전략이 무엇인지 알고 싶습니다. 전기 타입 기술 외에 다른 전략이나 조합이 있다면 알려주세요.', '2024-10-07 11:00:00', 14, 1, 4),
('풀 타입 포켓몬의 최적 진화 시점은 언제인가요?', '풀 타입 포켓몬을 진화시키는 데 가장 좋은 시점이나 레벨이 궁금합니다. 진화 시 배울 수 있는 기술과 전투에서의 이점도 알고 싶습니다.', '2024-10-08 13:30:00', 34, 2, 4),
('불꽃 타입 기술 중 가장 효과적인 것은 무엇인가요?', '불꽃 타입 기술 중 어떤 기술이 가장 효과적인지 궁금합니다. 특정 기술이 다른 기술보다 더 유용한 상황이 있다면 알려주세요.', '2024-10-09 15:00:00', 22, 3, 4),
('물 타입 포켓몬의 주요 약점은 무엇인가요?', '물 타입 포켓몬의 주요 약점과 이를 보완하기 위한 전략이 궁금합니다. 특히 어떤 타입의 포켓몬이 물 타입 포켓몬에 강한지 알고 싶습니다.', '2024-10-10 09:00:00', 20, 1, 4),
('드래곤 타입 포켓몬의 효과적인 육성 방법은?', '드래곤 타입 포켓몬을 효과적으로 육성하기 위한 팁이나 전략이 궁금합니다. 어떤 기술을 우선적으로 배워야 하고, 진화 시점은 어떻게 설정하는 것이 좋을까요?', '2024-10-11 11:30:00', 100, 2, 4),
('악 타입 기술의 전투에서의 장점은 무엇인가요?', '악 타입 기술이 전투에서 어떤 장점을 가지고 있는지 알고 싶습니다. 악 타입 기술의 효과적인 사용법과 어떤 상황에서 특히 유용한지에 대해 논의해 보세요.', '2024-10-12 14:00:00', 5, 3, 4),
('이상해씨의 성격', '이상해씨는 정말 상냥하고 지혜로워요! 특히 친구들을 잘 도와준답니다.', '2024-09-06 10:15:00', 25, 5, 1),
('버터플의 날개', '버터플의 날개가 너무 예뻐서 항상 감탄해요. 정말 아름다운 포켓몬입니다!', '2024-09-06 11:00:00', 18, 12, 1),
('파이리의 모험', '파이리와 함께하는 모험은 항상 흥미진진해요! 불꽃을 사용해 적을 물리치는 모습이 매력적입니다.', '2024-09-06 12:30:00', 30, 7, 1),
('꼬부기의 귀여움', '꼬부기는 귀여움의 대명사! 그 모습에 항상 마음이 녹아요.', '2024-09-06 13:45:00', 20, 3, 1),
('피카츄의 전기 공격', '피카츄의 백만볼트가 전투에서 정말 유용하네요!', '2024-09-05 14:31:00', 14, 4, 1),
('야도란의 수면', '야도란은 항상 잠을 자고 있는 모습이 너무 귀여워요. 항상 뒹굴뒹굴하네요!', '2024-09-06 15:10:00', 22, 8, 1),
('전룡의 비행', '전룡의 비행은 정말 멋져요! 하늘을 나는 모습이 마치 꿈같습니다.', '2024-09-06 16:20:00', 27, 2, 1),
('뮤의 신비로운 힘', '뮤는 정말 신비로운 포켓몬이에요! 그 힘은 언제나 놀라워요.', '2024-09-06 17:35:00', 19, 10, 1),
('아라리의 독특함', '아라리는 정말 독특한 포켓몬이에요. 그 외모가 매력적입니다!', '2024-09-06 18:45:00', 16, 11, 1),
('리자몽의 불꽃', '리자몽의 불꽃은 정말 강력해요! 전투에서 항상 기대하게 됩니다.', '2024-09-06 19:55:00', 28, 9, 1),
('수세미의 방어', '수세미는 방어력이 정말 뛰어나서 전투에서 유용해요.', '2024-09-06 20:25:00', 21, 13, 1),
('마자용의 연습', '마자용은 정말 열심히 훈련해요. 그 모습이 멋있어요!', '2024-09-06 21:00:00', 23, 6, 1),
('골뱃의 속도', '골뱃은 속도가 빠른 포켓몬이에요! 항상 첫 공격을 날리죠.', '2024-09-06 22:30:00', 15, 14, 1),
('태초마신의 이야기', '태초마신에 대한 이야기를 나누고 싶어요. 정말 신비로운 포켓몬입니다.', '2024-09-06 23:10:00', 29, 1, 1),
('찌리리 공포', '찌리리는 귀여움과 공포를 동시에 느끼게 해요! 그 모습이 너무 재밌습니다.', '2024-09-06 23:50:00', 17, 19, 1),
('탱탱구리의 특징', '탱탱구리는 귀여움이 넘쳐나요! 그 둥글둥글한 모습이 매력적입니다.', '2024-09-07 00:15:00', 11, 18, 1),
('마그마의 열기', '마그마는 열기가 넘치는 포켓몬이에요! 전투에서 그 힘을 발휘합니다.', '2024-09-07 01:30:00', 26, 20, 1),
('꼬렛의 장점', '꼬렛은 귀여운 외모와 함께 높은 기동성을 자랑해요. 전투에서 유용합니다!', '2024-09-07 02:15:00', 24, 17, 1),
('망나뇽의 비행', '망나뇽은 하늘을 나는 모습이 정말 멋져요! 항상 감탄합니다.', '2024-09-07 03:00:00', 12, 15, 1),
('개굴닌자의 전략', '개굴닌자는 항상 전략적인 플레이를 보여줘서 믿음직스러워요.', '2024-09-07 03:50:00', 14, 16, 1),
('거북왕의 수중 전투 능력', '거북왕은 물 타입 포켓몬으로, 물 대포와 물총을 사용하여 강력한 공격을 합니다. 전투에서 수중에서의 이동성이 뛰어나요!', '2024-10-05 10:00:00', 45, 7, 2),
('블래키의 방어 전술', '블래키는 어둠 타입 포켓몬으로, 높은 방어력과 함께 상대의 공격을 차단하는 데 유리한 기술을 가지고 있습니다. 어둠의 파동이 특히 효과적이에요!', '2024-10-06 11:30:00', 32, 14, 2),
('피죤의 비행 기술', '피죤은 비행 타입 포켓몬으로, 신속한 비행과 뛰어난 회피 기술로 적의 공격을 쉽게 피할 수 있습니다.', '2024-10-07 12:15:00', 55, 10, 2),
('알크의 진화 과정', '알크는 진화 과정에서 강력한 스킬을 배우며, 특히 레벨 20에서의 진화가 전투에서 큰 도움이 됩니다.', '2024-10-08 13:45:00', 21, 8, 2),
('메타몽의 변신 기술', '메타몽은 변신 능력이 뛰어난 포켓몬으로, 상대 포켓몬의 기술을 그대로 사용할 수 있어 전투에서 유리합니다.', '2024-10-09 14:30:00', 18, 9, 2),
('잠만보의 높은 체력', '잠만보는 뛰어난 체력을 가지고 있어 전투에서 상대의 공격을 잘 견디며, 방어적인 플레이를 할 수 있습니다.', '2024-10-10 15:00:00', 29, 6, 2),
('이브이의 진화 선택', '이브이는 다양한 타입으로 진화할 수 있어, 상황에 따라 가장 적합한 진화를 선택하는 것이 중요합니다.', '2024-10-11 16:00:00', 38, 4, 2),
('가디의 스피드와 공격력', '가디는 불꽃 타입으로 빠른 속도와 강력한 불꽃 공격을 자랑합니다. 레벨 35에서 진화하여 더욱 강력해져요!', '2024-10-12 17:45:00', 47, 5, 2),
('지우개의 비밀', '지우개는 보통 물 타입 포켓몬과의 조합에서 놀라운 시너지를 발휘합니다. 다양한 물리적 기술이 효과적입니다.', '2024-10-13 09:30:00', 19, 11, 2),
('가라르의 전투 기술', '가라르는 새로운 전투 기술을 배워 전투에서 유리하게 싸울 수 있습니다. 특히 새로운 메가진화가 기대됩니다.', '2024-10-14 10:15:00', 15, 3, 2),
('릴리의 성격과 성장', '릴리는 귀여운 외모와는 달리 성장할수록 강력한 기술을 배우며 전투에서의 위치를 확고히 합니다.', '2024-10-15 11:00:00', 20, 2, 2),
('조로아크의 특수 능력', '조로아크는 상대를 속이는 능력이 뛰어나, 전투에서 매우 유용한 포켓몬으로 자리잡고 있습니다.', '2024-10-16 12:45:00', 22, 1, 2),
('메로엣타의 음악 기술', '메로엣타는 음악을 사용하는 포켓몬으로, 특유의 음악 기술이 전투에서 유리한 영향을 미칩니다.', '2024-10-17 13:30:00', 17, 12, 2),
('코코리의 방어력', '코코리는 방어력이 뛰어나며, 다양한 상황에서 아군을 보호하는 역할을 잘 수행합니다.', '2024-10-18 14:15:00', 24, 13, 2),
('테라키온의 전투 스타일', '테라키온은 강력한 방어력과 공격력을 갖춘 전설의 포켓몬으로, 전투에서 매우 효과적인 전술을 구사합니다.', '2024-10-19 15:00:00', 28, 20, 2),
('타케모리의 특징', '타케모리는 물/노멀 타입 포켓몬으로, 다양한 기술을 사용할 수 있어 상황에 맞게 전투를 조절할 수 있습니다.', '2024-10-20 16:45:00', 30, 18, 2),
('야도란의 수면 기술', '야도란은 수면 기술을 활용하여 전투 중 체력을 회복하며, 방어적인 플레이에 적합한 포켓몬입니다.', '2024-10-21 17:30:00', 16, 15, 2),
('트리토돈의 특성과 활용', '트리토돈은 강력한 방어력과 다양한 타입 기술을 보유하여, 전투에서 다재다능한 역할을 수행합니다.', '2024-10-22 09:15:00', 25, 14, 2),
('마자용의 불꽃 기술', '마자용은 불꽃 타입 기술을 주로 사용하여 전투에서 강력한 공격을 보여줍니다.', '2024-10-23 10:00:00', 18, 11, 2),
('내 피카츄의 매력', '내 피카츄는 전투뿐 아니라 일상에서도 큰 사랑을 받고 있어요! 귀여운 외모와 발랄한 성격 덕분에 많은 친구들이 반해버렸어요!', '2024-10-01 10:00:00', 25, 4, 5),
('리자몽과의 특별한 순간', '리자몽과 함께한 캠프에서의 순간이 기억에 남아요! 불꽃 기술로 만들어낸 모닥불 앞에서 우리가 나눈 이야기들은 정말 소중해요.', '2024-10-02 11:30:00', 30, 5, 5),
('내 블래키의 히어로 같은 모습', '블래키는 언제나 제 곁에서 용감하게 싸워주어요. 그 모습은 마치 진정한 히어로 같아서 언제나 자랑스러워요!', '2024-10-03 12:45:00', 18, 6, 5),
('이상해풀의 진정한 매력', '이상해풀이 공원에서 아이들과 놀아주는 모습을 보면 너무 사랑스러워요! 전투에서도 강력한 공격으로 저를 지켜줘요.', '2024-10-04 14:00:00', 22, 9, 5),
('리오르의 성장 이야기', '리오르는 매일 조금씩 성장하고 있어요! 처음 만났을 때의 귀여움은 여전하지만, 이제는 훌륭한 전투 파트너로 변신했답니다.', '2024-10-05 15:30:00', 20, 11, 5),
('최고의 전기 타입 포켓몬은 누구일까요?', '여러분이 생각하는 최고의 전기 타입 포켓몬은 누구인가요? 피카츄, 라이츄, 또는 다른 포켓몬의 강점에 대해 이야기해봐요!', '2024-10-06 10:00:00', 14, 1, 4),
('가장 효과적인 물 타입 기술은?', '물 타입 포켓몬의 기술 중 어떤 것이 가장 효과적이라고 생각하나요? 상황에 따라 다를 수도 있을 것 같은데, 여러분의 의견이 궁금해요!', '2024-10-07 11:15:00', 22, 2, 4),
('불꽃 타입 포켓몬 중 누가 가장 강할까요?', '불꽃 타입 포켓몬 중에서 누가 가장 강력하다고 생각하시나요? 리자몽, 윈디, 아니면 다른 포켓몬에 대해 토론해보아요!', '2024-10-08 12:30:00', 18, 3, 4),
('풀 타입 포켓몬의 진화는 언제가 좋을까?', '풀 타입 포켓몬을 진화시키는 가장 좋은 시점은 언제일까요? 진화 후 어떤 기술을 배우는 것이 유리할까요?', '2024-10-09 14:00:00', 25, 4, 4),
('전설의 포켓몬 중 어떤 포켓몬이 제일 멋지나요?', '전설의 포켓몬 중에서 가장 멋지다고 생각하는 포켓몬은 누구인가요? 그 이유도 함께 나눠주세요!', '2024-10-10 15:45:00', 30, 5, 4),
('악 타입 포켓몬의 약점은 무엇일까요?', '악 타입 포켓몬의 주된 약점은 무엇인가요? 이를 극복하기 위한 전략이나 팁이 있다면 공유해 주세요!', '2024-10-11 16:15:00', 21, 6, 4),
('드래곤 타입 포켓몬의 육성 팁', '드래곤 타입 포켓몬을 효과적으로 육성하기 위한 팁이 있다면 무엇인가요? 어떤 기술을 먼저 배워야 할까요?', '2024-10-12 17:00:00', 27, 7, 4),
('가장 귀여운 포켓몬은 누구일까요?', '여러분이 생각하는 가장 귀여운 포켓몬은 누구인가요? 귀여운 외모 외에 다른 매력도 함께 이야기해봐요!', '2024-10-13 09:00:00', 19, 8, 4),
('포켓몬 배틀에서 중요한 요소는 무엇인가요?', '포켓몬 배틀에서 가장 중요한 요소는 무엇이라고 생각하시나요? 전략, 팀 조합, 아니면 다른 것일까요?', '2024-10-14 10:30:00', 23, 9, 4),
('최고의 경험치 획득 방법은?', '포켓몬을 키울 때 최고의 경험치를 얻기 위한 방법은 무엇인가요? 경험치를 쉽게 얻는 팁이 있다면 알려주세요!', '2024-10-15 11:45:00', 26, 10, 4),
('버터플 vs 나비냥: 어느 포켓몬이 더 매력적일까요?', '버터플과 나비냥 중 어떤 포켓몬이 더 매력적이라고 생각하나요? 각각의 기술과 디자인에 대해 논의해봐요!', '2024-10-16 10:00:00', 14, 1, 3),
('카포에라의 전투 스타일, 어떤 기술이 효과적일까?', '카포에라가 사용하는 기술 중 어떤 것이 전투에서 가장 효과적이라고 생각하시나요? 여러분의 경험을 공유해 주세요!', '2024-10-17 11:15:00', 22, 2, 3),
('곰팡이포켓몬의 생태계 역할은?', '곰팡이 포켓몬이 생태계에서 어떤 역할을 하는지 이야기해봅시다. 다른 포켓몬과의 관계도 궁금해요!', '2024-10-18 12:30:00', 18, 3, 3),
('유리알의 방어 기술, 어떻게 활용할 수 있을까?', '유리알의 방어 기술을 전투에서 어떻게 활용할 수 있을지 의견을 나누어봅시다. 그들의 특성이 전투에 어떻게 작용할까요?', '2024-10-19 14:00:00', 25, 4, 3),
('리프레의 회복 능력, 얼마나 중요한가?', '리프레의 회복 능력이 실제 배틀에서 얼마나 중요한지에 대해 이야기해봅시다. 이 능력을 어떻게 활용할 수 있을까요?', '2024-10-20 15:45:00', 30, 5, 3),
('나만의 피카츄 팀 소개', '내 팀에서 피카츄가 얼마나 중요한지 알려드릴게요! 특히 전기 타입 조합이 좋아요.', '2024-09-05 14:31:00', 10, 1, 1),
('리자몽의 매력: 나의 리자몽 이야기', '리자몽을 키우면서 느낀 점들을 나누어봐요! 불꽃 타입의 힘!', '2024-09-06 10:15:00', 5, 2, 1),
('잠만보는 언제나 최애', '잠만보는 귀여움과 힘을 모두 가진 포켓몬이에요!', '2024-09-07 16:45:00', 7, 3, 1),
('피카츄와의 추억', '피카츄와 함께한 소중한 순간들, 여러분의 이야기를 들려주세요!', '2024-09-08 09:30:00', 8, 4, 1),
('이브이 카페 추천', '이브이를 테마로 한 카페에 가본 경험담을 공유해요!', '2024-09-09 18:00:00', 6, 5, 1),
('피카츄의 빠른 레벨업 팁', '효율적으로 피카츄를 키우는 방법!', '2024-09-10 12:00:00', 20, 6, 2),
('이브이의 진화', '이브이를 어떻게 진화시킬 수 있는지 궁금해요!', '2024-09-11 13:30:00', 15, 7, 2),
('리자몽 배틀 활용법', '리자몽을 사용할 때 유용한 전략 공유!', '2024-09-12 11:00:00', 18, 8, 2),
('가라르 지역의 새로운 포켓몬', '최근 추가된 가라르의 포켓몬들에 대한 정보!', '2024-09-13 14:45:00', 12, 9, 2),
('타입 궁합: 불꽃 vs 물', '불꽃 타입과 물 타입 간의 궁합에 대해 이야기해봐요.', '2024-09-14 17:15:00', 10, 10, 2),
('최강의 포켓몬 논의', '여러분이 생각하는 최강의 포켓몬은 누구인가요?', '2024-09-15 15:30:00', 30, 11, 3),
('리메이크의 필요성: 금은의 리메이크', '리메이크된 게임에 대한 생각은 어떤가요?', '2024-09-16 19:00:00', 25, 12, 3),
('뮤츠의 강함에 대한 논의', '뮤츠가 너무 강한 거 아닌가요?', '2024-09-17 08:45:00', 20, 13, 3),
('애니메이션 vs 게임', '피카츄의 매력을 애니메이션과 게임에서 비교해봅시다!', '2024-09-18 21:15:00', 22, 14, 3),
('잠만보의 성격', '잠만보의 느긋한 성격에 대해 이야기해봐요.', '2024-09-19 10:00:00', 18, 15, 3),
('게임 중 오류: 피카츄가 사라졌어요!', '게임 중 발생하는 문제에 대한 질문!', '2024-09-20 13:30:00', 12, 16, 4),
('이브이 진화 타이밍', '이브이를 언제 진화시키는 것이 좋을까요?', '2024-09-21 16:00:00', 8, 17, 4),
('리자몽 전용 아이템', '리자몽에게 어떤 아이템이 효과적일까요?', '2024-09-22 19:45:00', 10, 18, 4),
('친구 추가 방법: 피카츄와 함께', '포켓몬 GO에서 친구 추가하는 방법을 알고 싶어요.', '2024-09-23 11:15:00', 5, 19, 4),
('뮤츠의 진화에 대한 궁금증', '진화에 대한 궁금증을 풀어봅시다!', '2024-09-24 14:30:00', 6, 20, 4),
('내가 잡은 전설의 뮤츠', '드디어 잡았다! 나의 뮤츠를 자랑해요.', '2024-09-25 10:30:00', 50, 21, 5),
('리자몽과의 배틀 승리', '가장 기억에 남는 배틀 승리를 이야기해봐요.', '2024-09-26 13:00:00', 45, 22, 5),
('내 이브이 컬렉션', '내 모든 이브이를 자랑해요!', '2024-09-27 15:00:00', 40, 23, 5),
('내 피카츄의 성장 이야기', '내 피카츄가 어떻게 성장했는지 공유해요.', '2024-09-28 12:45:00', 35, 24, 5),
('첫 레이드 성공! 내 리자몽과 함께', '레이드 성공 후기를 자랑해요.', '2024-09-29 17:30:00', 38, 25, 5);
-- 4. 댓글 샘플
--select * from comment;
INSERT INTO comment (ccontent, cdate, bno, uno) VALUES
('피카츄의 백만볼트는 정말 강력하죠. 하지만 다른 전기 타입 기술도 고려해봐야 할 것 같아요.', '2024-09-05 08:08:08', 1, 3),
('리자몽의 불꽃 방사는 강력하지만, 때로는 타입 상성에 따라 다른 기술을 사용하는 게 좋을 때도 있죠.', '2024-09-06 09:45:00', 2, 4),
('이상해씨가 진화하면 정말 멋지죠! 이상해풀의 기술도 꽤 강력해요.', '2024-09-06 12:00:00', 3, 5),
('꼬부기의 물 타입 공격은 물대포가 특히 강력하다고 생각해요. 전투에서 큰 도움이 되죠.', '2024-09-07 11:00:00', 4, 2),
('버터플의 비행 기술은 정말 유용하지만, 특히 어떤 포켓몬에게 유리한지 더 알고 싶네요.', '2024-09-07 14:00:00', 5, 1),
('피카츄의 스피드는 정말 대단해요. 백만볼트와 전격파로 항상 승리하는 모습을 자랑스럽게 생각합니다!', '2024-09-15 15:30:00', 6, 2),
('리자몽의 불꽃 방사와 용의 브레스는 정말 강력한 조합이죠. 전투에서 중요한 역할을 합니다.', '2024-09-16 11:00:00', 7, 3),
('이상해씨의 진화는 정말 자랑스럽죠. 레이저빔 기술로 상대를 물리치는 것도 훌륭합니다.', '2024-09-17 12:30:00', 8, 4),
('블래키의 어둠의 파동은 전투에서 매우 유용하죠. 팀을 지키는 모습도 멋져요.', '2024-09-18 15:00:00', 9, 5),
('뮤츠의 사이킥 공격은 정말 강력합니다. 심리적인 압박이 전투에서 큰 도움이 되죠.', '2024-09-19 09:30:00', 10, 1),
('피카츄가 과대평가된 것 같아요. 실제 전투에서 강력한 포켓몬이 많잖아요.', '2024-09-23 16:30:00', 11, 2),
('리자몽이 불꽃 공격 외에 쓸모가 없다는 건 아닌 것 같아요. 다른 기술도 활용할 수 있어요.', '2024-09-24 19:00:00', 12, 3),
('거북왕은 느리지만 방어력은 뛰어나죠. 전투에서 그 장점이 클 때도 있어요.', '2024-09-25 12:00:00', 13, 4),
('피카츄와 라이츄, 둘 다 장점이 있지만, 라이츄의 전기 공격이 더 강력할 때도 있죠.', '2024-09-26 14:00:00', 14, 5),
('이상해씨의 진화가 전략적 이점을 제공하는 건 맞아요. 특히 레이저빔이 유용하죠.', '2024-09-27 14:30:00', 15, 1),
('리자몽의 화염 공격과 불꽃 타입 포켓몬의 차이점은 분명히 존재해요. 각 기술의 특징을 잘 활용해야 하죠.', '2024-09-28 17:00:00', 16, 2),
('꼬부기의 물 타입 공격은 물총과 물대포가 특히 강력하죠. 상대에 따라 효과적으로 사용해야 해요.', '2024-09-29 11:00:00', 17, 3),
('블래키의 어둠 타입 기술은 전투에서 매우 유용하죠. 다른 타입과의 상성을 잘 고려해야 해요.', '2024-09-30 12:30:00', 18, 4),
('이브이의 진화 과정은 정말 다양하죠. 각 형태가 가지는 특성과 기술이 흥미로워요.', '2024-10-01 09:30:00', 19, 5),
('메타몽의 변신 기술은 상대의 기술을 그대로 사용할 수 있어 매우 유용하죠. 하지만 전략적으로 사용해야 해요.', '2024-10-02 10:45:00', 20, 1),
('잠만보는 체력과 방어력에서 뛰어나지만 느린 속도는 단점이에요. 전투에서 잘 활용해야 하죠.', '2024-10-03 12:00:00', 21, 2),
('깜까의 진화 과정은 흥미로워요. 불꽃과 물리 공격 기술을 잘 활용하면 전투에서 큰 도움이 되죠.', '2024-10-04 13:00:00', 22, 3),
('어니부기의 물리 및 물타입 기술은 매우 강력하죠. 공격적인 전투 스타일을 잘 활용해야 해요.', '2024-10-05 14:30:00', 23, 4),
('가디의 불꽃 공격과 빠른 속도는 전투에서 큰 장점이죠. 윈디로 진화하면 더욱 강력해져요.', '2024-10-06 16:00:00', 24, 5),
('전기 타입 포켓몬의 전투 전략은 상대의 타입에 따라 다르게 적용해야 해요. 기술 조합이 중요하죠.', '2024-10-07 11:30:00', 25, 1),
('풀 타입 포켓몬의 진화 시점은 전략적으로 고려해야 해요. 레벨에 따라 장점이 달라지죠.', '2024-10-08 14:00:00', 26, 2),
('불꽃 타입 기술 중 어떤 기술이 효과적인지는 상황에 따라 달라져요. 다양한 기술을 고려해보세요.', '2024-10-09 15:30:00', 27, 3),
('물 타입 포켓몬의 약점과 보완 전략은 매우 중요하죠. 타입 상성을 잘 이해해야 해요.', '2024-10-10 09:30:00', 28, 4),
('드래곤 타입 포켓몬을 육성할 때 기술과 진화 시점을 잘 선택해야 해요. 효과적인 육성 방법을 찾아보세요.', '2024-10-11 12:00:00', 29, 5),
('악 타입 기술의 전투 장점은 상황에 따라 달라져요. 효과적인 사용법을 잘 익히는 것이 중요해요.', '2024-10-12 14:30:00', 90, 1),
('리자몽은 정말 매력적인 포켓몬이에요! 불꽃 타입의 강력함이 대단하죠.', '2024-09-06 11:00:00', 91, 45),
('잠만보는 진짜 귀여워요! 전 항상 잠만보를 키우고 싶었어요.', '2024-09-07 17:00:00', 92, 12),
('피카츄와의 추억은 모두의 가슴 속에 남아있죠! 저도 좋은 기억이 많아요.', '2024-09-08 10:00:00', 93, 27),
('이브이 카페 너무 좋았어요! 다양한 이브이 굿즈가 많아서 즐거웠습니다.', '2024-09-09 19:00:00', 94, 31),
('피카츄 레벨업은 정말 재밌어요! 전기 타입 기술도 다양하니까요.', '2024-09-10 13:30:00', 95, 36),
('이브이의 진화는 정말 매력적이에요! 어떤 포켓몬으로 진화시킬지 고민돼요.', '2024-09-11 14:45:00', 96, 14),
('리자몽을 사용하면 배틀에서 정말 강해요! 불꽃 타입 기술을 잘 활용하세요.', '2024-09-12 15:15:00', 97, 19),
('가라르 지역의 포켓몬들 너무 기대돼요! 어떤 포켓몬이 나올지 궁금합니다.', '2024-09-13 16:30:00', 98, 23),
('불꽃 타입과 물 타입 간의 전투는 정말 흥미로운 주제입니다. 어떤 조합이 더 유리할까요?', '2024-09-14 18:00:00', 99, 40),
('최강의 포켓몬은 리자몽이 아닐까요? 제일 좋아하는 포켓몬입니다!', '2024-09-15 12:30:00', 100, 29),
('리메이크 게임은 정말 기대돼요! 금은 리메이크를 꼭 해주었으면 좋겠어요.', '2024-09-16 20:00:00', 101, 25),
('뮤츠는 정말 강력하죠! 그 힘은 언제나 놀랍습니다.', '2024-09-17 09:15:00', 102, 50),
('피카츄는 애니메이션에서 더욱 귀엽고 매력적이에요!', '2024-09-18 10:45:00', 103, 37),
('잠만보의 느긋함이 너무 좋아요! 저도 그런 성격을 가지고 싶어요.', '2024-09-19 11:30:00', 104, 44),
('피카츄가 사라졌던 오류는 정말 황당했어요! 저도 겪어봤습니다.', '2024-09-20 14:00:00', 105, 32),
('이브이를 진화시키는 타이밍은 정말 고민됩니다. 여러분은 언제 진화시키나요?', '2024-09-21 16:15:00', 106, 48),
('리자몽에게는 어떤 아이템이 효과적일까요? 궁금해요!', '2024-09-22 17:30:00', 107, 53),
('포켓몬 GO에서 피카츄와 함께 친구 추가하는 방법! 유용하네요.', '2024-09-23 10:00:00', 108, 11),
('뮤츠의 진화는 항상 궁금했어요! 더 많은 정보가 필요해요.', '2024-09-24 13:15:00', 109, 26),
('뮤츠 잡은 이야기를 듣고 싶어요! 어떤 전략으로 잡았나요?', '2024-09-25 10:45:00', 110, 41),
('리자몽과의 배틀에서 승리한 기억이 있어요! 그때가 생각나네요.', '2024-09-26 12:30:00', 111, 35),
('이브이 컬렉션 자랑해요! 각 이브이의 매력을 설명해 주세요.', '2024-09-27 14:00:00', 112, 46),
('피카츄의 성장 이야기를 듣고 싶어요! 어떤 기술을 배웠나요?', '2024-09-28 16:45:00', 113, 28),
('레이드 성공 후에 기분이 정말 좋았어요! 리자몽 덕분이죠.', '2024-09-29 18:00:00', 114, 15),
('이상해씨의 상냥함, 정말 인상적이에요! 하지만 제 생각엔 가끔 너무 지나치게 배려하는 것 같아요.', '2024-10-01 10:30:00', 31, 3),
('버터플의 날개 색이 화려하긴 하지만, 저는 뭔가 더 간결한 디자인이 더 매력적인 것 같아요.', '2024-10-01 11:15:00', 32, 6),
('파이리의 모험, 불꽃이 매력적이긴 하지만 좀 더 다양한 전략이 필요할 것 같아요.', '2024-10-01 12:00:00', 33, 5),
('꼬부기의 귀여움은 사실 알고 보면 조금 단순한 매력이에요. 다른 포켓몬들도 더 다양한 매력이 있죠!', '2024-10-01 12:45:00', 34, 4),
('피카츄의 전기 공격, 맞아요! 하지만 그 외에도 전투에서 더 중요한 전략이 많아요.', '2024-10-01 13:30:00', 35, 2),
('야도란의 뒹굴거림은 귀엽긴 한데, 가끔은 조금 지루한 느낌도 드네요.', '2024-10-01 14:15:00', 36, 7),
('전룡의 비행은 아름다운데, 공중에서의 전투 전략이 조금 더 발전했으면 좋겠어요.', '2024-10-01 15:00:00', 37, 1),
('뮤의 힘, 신비롭긴 하지만 사실 어떤 포켓몬이든 훈련과 경험이 더 중요하다고 생각해요.', '2024-10-01 15:45:00', 38, 8),
('아라리의 독특함이 매력적이긴 한데, 그 외모에 비해 스킬이 조금 아쉬운 것 같아요.', '2024-10-01 16:30:00', 39, 9),
('리자몽의 불꽃, 정말 강력하죠! 하지만 다양한 전투 스타일도 중요하다고 봅니다.', '2024-10-01 17:15:00', 40, 5),
('수세미의 방어력은 훌륭한데, 공격력도 좀 더 키워줬으면 좋겠어요.', '2024-10-01 18:00:00', 41, 3),
('마자용의 훈련 모습이 멋지지만, 너무 체계적이지 않아서 가끔 불안하더라고요.', '2024-10-01 18:45:00', 42, 6),
('골뱃의 속도는 빠르지만, 가끔은 전략 없이 그냥 공격하는 경향이 있죠.', '2024-10-01 19:30:00', 43, 2),
('태초마신의 이야기는 신비로운데, 실제로 어떤 전투에 도움이 되는지 궁금해요.', '2024-10-01 20:15:00', 44, 4),
('찌리리의 귀여움, 동의하지만 그 공포스러운 눈빛은 좀 부담스러워요.', '2024-10-01 21:00:00', 45, 7),
('탱탱구리의 모습은 사랑스럽지만, 좀 더 스킬을 강화해야 할 필요가 있어요.', '2024-10-01 21:45:00', 46, 8),
('마그마의 열기는 대단하지만, 너무 공격적으로만 나가면 안 된다고 생각해요.', '2024-10-01 22:30:00', 47, 1),
('꼬렛은 귀여워도 전투에선 잘 쓰이지 않아서 아쉬워요. 좀 더 유용해졌으면 좋겠어요.', '2024-10-01 23:15:00', 48, 3),
('망나뇽의 비행, 멋진데 가끔은 고립된 느낌이 드는 것 같아요.', '2024-10-02 00:00:00', 49, 5),
('개굴닌자의 전략은 뛰어나지만, 때때로 지나치게 방어적일 때도 있죠.', '2024-10-02 00:45:00', 50, 2),
('거북왕의 수중 전투 능력이 좋지만, 육상의 전략도 함께 발전했으면 좋겠어요.', '2024-10-02 01:30:00', 51, 6),
('블래키의 방어 전술은 유용하지만, 좀 더 공격적으로 나갔으면 좋겠어요.', '2024-10-02 02:15:00', 52, 4),
('피죤은 비행 기술이 뛰어나지만, 가끔은 너무 단순한 전술에 그치곤 해요.', '2024-10-02 03:00:00', 53, 8),
('알크의 진화 과정이 흥미로운데, 실제 전투에서 어떻게 활용될지가 중요해요.', '2024-10-02 03:45:00', 54, 7),
('메타몽의 변신 능력은 신기하지만, 결국 훈련이 더 중요하다고 생각해요.', '2024-10-02 04:30:00', 55, 1),
('잠만보는 체력이 뛰어나지만, 때때로 너무 느려서 전투에서 아쉬울 때가 있어요.', '2024-10-02 05:15:00', 56, 5),
('이브이의 진화 선택, 너무 많은 선택지가 오히려 혼란스러울 때가 있어요.', '2024-10-02 06:00:00', 57, 2),
('가디의 스피드와 공격력이 훌륭하지만, 그만큼 방어력이 약해지는 건 아쉬워요.', '2024-10-02 06:45:00', 58, 3),
('지우개의 조합은 재미있지만, 효율성에선 좀 더 고민할 필요가 있죠.', '2024-10-02 07:30:00', 59, 6),
('가라르의 전투 기술이 기대되지만, 기존의 기술도 잊지 말아야 해요.', '2024-10-02 08:15:00', 60, 1),
('릴리의 성장은 흥미롭지만, 귀여움만으로는 전투에서 이기기 힘들죠.', '2024-10-02 09:00:00', 61, 4),
('조로아크의 능력이 멋지긴 하지만, 가끔 상대를 잘못 속이는 경우가 있어요.', '2024-10-02 09:45:00', 62, 5),
('메로엣타의 음악 기술은 특이한데, 전투에서 실제로 어떤 도움이 될지가 궁금해요.', '2024-10-02 10:30:00', 63, 2),
('코코리는 방어력이 뛰어나지만, 좀 더 다양한 공격 기술이 필요해요.', '2024-10-02 11:15:00', 64, 8),
('테라키온의 전투 스타일은 강력하지만, 전략적인 면에서 한계가 있을 때도 있죠.', '2024-10-02 12:00:00', 65, 7),
('타케모리의 다양한 기술 사용은 흥미롭지만, 상황에 따라 효율성이 다르더라고요.', '2024-10-02 12:45:00', 66, 1),
('야도란의 수면 기술이 유용하지만, 결국엔 공격력이 떨어질 수밖에 없죠.', '2024-10-02 13:30:00', 67, 4),
('트리토돈은 다재다능하지만, 때로는 지나치게 방어적일 수 있어요.', '2024-10-02 14:15:00', 68, 5),
('마자용의 불꽃 기술은 멋지지만, 기술의 다양성도 중요하다고 생각해요.', '2024-10-02 15:00:00', 69, 3),
('내 피카츄의 매력, 맞아요! 하지만 모든 포켓몬이 다 그 정도의 사랑을 받는 건 아니니까요.', '2024-10-02 15:45:00', 70, 6),
('리자몽과의 순간이 기억에 남는 건 이해하지만, 다른 포켓몬과의 순간도 소중해요.', '2024-10-02 16:30:00', 71, 2),
('블래키의 용감함은 정말 멋지죠! 하지만 과연 항상 그렇게 싸워줄 수 있을까요?', '2024-10-02 17:15:00', 72, 4),
('이상해풀과의 시간도 즐거운 경험이지만, 가끔은 좀 더 도전적인 전투도 필요해요.', '2024-10-02 18:00:00', 73, 1),
('리오르의 성장이 흥미롭네요! 하지만 그 성장의 과정도 힘든 법이죠.', '2024-10-02 18:45:00', 74, 3),
('전기 타입 포켓몬의 최고의 경쟁, 정말 흥미로운 주제네요! 나만의 기준이 있을 것 같아요.', '2024-10-02 19:30:00', 75, 5),
('물 타입 기술, 개인적으로는 너무 다양해서 선택하기 어려운 경우가 많아요.', '2024-10-02 20:15:00', 76, 2),
('이상해씨의 성격 정말 그렇죠! 친구들을 위해 항상 최선을 다하는 모습이 인상적이에요.', '2024-10-01 10:30:00', 31, 2),
('버터플의 날개, 저도 그렇게 생각해요! 그 아름다움은 정말 많은 사람들을 감동시키죠.', '2024-10-01 11:15:00', 32, 5),
('파이리의 모험은 언제나 흥미진진하죠! 불꽃을 사용하는 모습은 진짜 매력적이에요.', '2024-10-01 12:00:00', 33, 4),
('꼬부기의 귀여움은 정말 사랑스러워요! 항상 그 모습에 마음이 따뜻해져요.', '2024-10-01 12:45:00', 34, 3),
('피카츄의 전기 공격, 전투에서 유용하죠! 특히 결정적인 순간에 힘을 발휘하죠.', '2024-10-01 13:30:00', 35, 6),
('야도란의 뒹굴거림은 정말 귀여워요! 항상 그런 모습에 웃음이 나요.', '2024-10-01 14:15:00', 36, 1),
('전룡의 비행은 진짜 멋져요! 하늘을 나는 모습은 꿈처럼 아름답죠.', '2024-10-01 15:00:00', 37, 7),
('뮤의 힘은 정말 신비롭죠! 언제나 새로운 놀라움을 줘서 흥미진진해요.', '2024-10-01 15:45:00', 38, 2),
('아라리의 독특함, 정말 매력적이에요! 다른 포켓몬과 비교할 수 없는 개성이 있죠.', '2024-10-01 16:30:00', 39, 8),
('리자몽의 불꽃, 그 힘은 항상 기대하게 돼요! 정말 강력한 전투 파트너죠.', '2024-10-01 17:15:00', 40, 5),
('수세미의 방어력, 그만큼 믿음직스럽죠! 전투에서 큰 역할을 해줘요.', '2024-10-01 18:00:00', 41, 3),
('마자용의 훈련 모습이 멋져요! 열심히 하는 모습이 정말 자극이 되죠.', '2024-10-01 18:45:00', 42, 6),
('골뱃의 속도, 빠르다는 게 정말 큰 장점이에요! 전투에서 항상 유리하죠.', '2024-10-01 19:30:00', 43, 4),
('태초마신의 이야기는 신비롭고 흥미로워요! 언제 들어도 재미있어요.', '2024-10-01 20:15:00', 44, 1),
('찌리리의 귀여움, 동의해요! 정말 특이한 매력을 가진 포켓몬이에요.', '2024-10-01 21:00:00', 45, 2),
('탱탱구리의 모습, 너무 사랑스럽죠! 언제 봐도 기분이 좋아지는 포켓몬이에요.', '2024-10-01 21:45:00', 46, 7),
('마그마의 열기는 정말 대단해요! 전투에서 그 힘을 느끼면 흥미진진하죠.', '2024-10-01 22:30:00', 47, 3),
('꼬렛의 귀여움, 저도 동의해요! 그 사랑스러운 모습이 전투에서도 기분을 좋게 해줘요.', '2024-10-02 00:15:00', 48, 6),
('망나뇽의 비행, 항상 감탄하게 돼요! 하늘을 나는 모습이 정말 멋져요.', '2024-10-02 00:45:00', 49, 5),
('개굴닌자의 전략, 저도 믿음직하다고 생각해요! 항상 신중하게 전투를 이끌어가죠.', '2024-10-02 01:30:00', 50, 1),
('거북왕의 수중 전투 능력, 정말 뛰어나죠! 물속에서의 기동성은 강력한 자산이에요.', '2024-10-02 02:15:00', 51, 8),
('블래키의 방어 전술, 정말 유용하죠! 그 능력이 많은 전투에서 큰 도움이 되죠.', '2024-10-02 03:00:00', 52, 4),
('피죤의 비행 기술, 신속하게 공격하는 모습이 멋져요! 항상 기대하게 되죠.', '2024-10-02 03:45:00', 53, 2),
('알크의 진화 과정, 저도 흥미롭게 생각해요! 매번 진화할 때마다 놀라움을 줘요.', '2024-10-02 04:30:00', 54, 6),
('메타몽의 변신 능력, 정말 신기하죠! 전투에서 다양한 활용이 가능하니 매력적이에요.', '2024-10-02 05:15:00', 55, 3),
('잠만보의 체력, 정말 믿음직스러워요! 방어적인 플레이에서 큰 역할을 하죠.', '2024-10-02 06:00:00', 56, 5),
('이브이의 진화 선택, 다양한 가능성이 매력적이에요! 상황에 맞게 진화하는 모습이 좋아요.', '2024-10-02 06:45:00', 57, 2),
('가디의 스피드와 공격력, 정말 뛰어나죠! 강력한 불꽃 공격이 매력적이에요.', '2024-10-02 07:30:00', 58, 1),
('지우개의 조합, 정말 재미있어요! 다양한 전략이 가능하니 흥미진진하죠.', '2024-10-02 08:15:00', 59, 6),
('가라르의 전투 기술, 새로운 변화가 기대돼요! 정말 흥미로운 포켓몬이죠.', '2024-10-02 09:00:00', 60, 4),
('릴리의 성장은 멋진 이야기네요! 강력한 기술을 배우는 모습이 정말 인상적이에요.', '2024-10-02 09:45:00', 61, 2),
('조로아크의 능력, 정말 멋지죠! 전투에서의 유용함은 언제나 기대가 돼요.', '2024-10-02 10:30:00', 62, 5),
('메로엣타의 음악 기술, 정말 독특해요! 그 기술이 전투에서 어떤 영향을 미칠지 궁금하네요.', '2024-10-02 11:15:00', 63, 3),
('코코리의 방어력, 정말 뛰어나죠! 다양한 상황에서 아군을 지키는 모습이 멋져요.', '2024-10-02 12:00:00', 64, 7),
('테라키온의 전투 스타일, 정말 강력해요! 그 능력으로 많은 전투에서 큰 성과를 거두죠.', '2024-10-02 12:45:00', 65, 1),
('타케모리의 다양한 기술 사용은 정말 흥미롭죠! 상황에 맞게 활용하는 모습이 좋아요.', '2024-10-02 13:30:00', 66, 4),
('야도란의 수면 기술, 정말 유용하죠! 체력을 회복하는 능력이 매력적이에요.', '2024-10-02 14:15:00', 67, 2),
('트리토돈의 특성과 활용, 정말 다재다능하죠! 전투에서 다양한 역할을 잘 수행해요.', '2024-10-02 15:00:00', 68, 3),
('마자용의 불꽃 기술은 정말 멋져요! 강력한 공격이 매력적이죠.', '2024-10-02 15:45:00', 69, 1),
('내 피카츄의 매력, 저도 정말 공감해요! 귀여운 외모가 큰 사랑을 받고 있죠.', '2024-10-02 16:30:00', 70, 6),
('리자몽과의 순간, 저도 기억에 남아요! 특별한 경험이 가득하죠.', '2024-10-02 17:15:00', 71, 5),
('블래키의 모습, 진정한 히어로 같아요! 그런 파트너가 있다는 건 정말 행복하죠.', '2024-10-02 18:00:00', 72, 3),
('이상해풀과의 시간, 도전적인 전투가 필요하다는 점, 저도 동의해요!', '2024-10-02 18:45:00', 73, 2),
('리오르의 성장, 그 과정을 이해해주니 정말 따뜻한 느낌이 드네요!', '2024-10-02 19:30:00', 74, 4),
('전기 타입 포켓몬의 경쟁, 정말 흥미로운 주제인 것 같아요! 다양한 의견이 나올 듯해요.', '2024-10-02 20:15:00', 75, 1),
('물 타입 기술의 다양성, 정말 매력적이죠! 상황에 따라 선택하는 재미가 있어요.', '2024-10-02 21:00:00', 76, 6),
('리자몽이 가장 강하다고 생각해요! 그 강력한 불꽃 공격과 비행 능력이 정말 매력적이에요.', '2024-10-08 13:00:00', 77, 1),
('윈디도 무시할 수 없어요! 스피드와 공격력이 뛰어나서 배틀에서 정말 강력하죠.', '2024-10-08 14:00:00', 77, 2),
('다른 포켓몬도 강력한 애들이 많아요! 각 포켓몬의 특성에 따라 다르겠지만, 리자몽이 제일 매력적이에요.', '2024-10-08 15:00:00', 77, 3),
('풀 타입 포켓몬은 진화 시기가 정말 중요해요. 특정 기술을 배우기 전에 진화하면 아쉬울 때가 많죠.', '2024-10-09 14:30:00', 78, 4),
('진화는 레벨업 후 바로 하는 게 좋다고 생각해요! 최상의 기술을 배우기 위해서는 그 시점이 중요해요.', '2024-10-09 15:30:00', 78, 5),
('상황에 따라 다르지만, 원하는 기술을 고려해서 진화 타이밍을 결정하는 게 좋을 것 같아요.', '2024-10-09 16:30:00', 78, 6),
('전설의 포켓몬 중에서는 뮤츠가 가장 멋지다고 생각해요! 디자인과 능력이 모두 매력적이에요.', '2024-10-10 16:00:00', 79, 1),
('레이쿤도 멋져요! 그 능력과 카리스마가 정말 대단하죠.', '2024-10-10 17:00:00', 79, 2),
('전설의 포켓몬은 각기 다른 매력이 있어요. 뮤도 좋지만, 기라티나도 정말 멋지죠!', '2024-10-10 18:00:00', 79, 3),
('악 타입 포켓몬의 약점은 전투에서 매우 중요해요! 페어리와 격투 타입에 특히 주의해야 해요.', '2024-10-11 17:00:00', 80, 4),
('악 타입의 약점을 잘 활용하면 배틀에서 유리할 수 있어요. 전략이 중요하죠.', '2024-10-11 18:00:00', 80, 5),
('상대 포켓몬의 타입을 분석하는 것이 가장 좋은 전략인 것 같아요.', '2024-10-11 19:00:00', 80, 6),
('드래곤 타입 포켓몬은 강력한 공격 기술이 많아서 육성이 정말 중요해요. 경험치 모으기가 관건이죠!', '2024-10-12 17:30:00', 81, 1),
('첫 번째로 배워야 할 기술은 "드래곤 클로" 같아요! 그 힘이 대단하죠.', '2024-10-12 18:30:00', 81, 2),
('스탯을 고려해서 기술을 선택하는 것이 중요하다고 생각해요. 효과적인 조합이 필요하죠.', '2024-10-12 19:30:00', 81, 3),
('가장 귀여운 포켓몬은 정말 이브이에요! 그 다양한 진화도 매력적이죠.', '2024-10-13 09:30:00', 82, 1),
('피카츄도 정말 귀엽죠! 귀여운 외모뿐 아니라 강력한 공격력도 매력적이에요.', '2024-10-13 10:30:00', 82, 2),
('개굴닌자가 귀여운 포켓몬 중 하나라고 생각해요. 항상 무언가를 할 때의 모습이 사랑스러워요!', '2024-10-13 11:30:00', 82, 3),
('포켓몬 배틀에서 가장 중요한 요소는 팀의 조합인 것 같아요! 다양한 타입을 섞는 게 유리하죠.', '2024-10-14 11:00:00', 83, 1),
('전략도 매우 중요해요. 상대 포켓몬의 약점을 잘 파악하는 게 승리의 열쇠죠.', '2024-10-14 12:00:00', 83, 2),
('심리전도 빼놓을 수 없는 요소죠. 상대방의 움직임을 예측하는 재미가 있어요!', '2024-10-14 13:00:00', 83, 3),
('경험치를 쉽게 얻으려면 레이드 배틀이 좋다고 생각해요. 팀워크가 중요하죠!', '2024-10-15 12:00:00', 84, 1),
('일일 퀘스트를 통해서도 많은 경험치를 얻을 수 있어요. 계획적으로 접근하는 게 좋죠!', '2024-10-15 13:00:00', 84, 2),
('포켓몬 교환도 좋은 경험치 획득 방법인 것 같아요. 서로 도와주면서 경험치를 나눌 수 있으니까요.', '2024-10-15 14:00:00', 84, 3),
('버터플과 나비냥의 디자인, 정말 매력적이에요! 저는 나비냥의 색상이 더 마음에 들어요.', '2024-10-16 10:30:00', 85, 1),
('버터플의 날개 짓이 너무 예뻐요! 그 모습을 보면 기분이 좋아져요.', '2024-10-16 11:30:00', 85, 2),
('둘 다 매력적이지만, 저는 기술 면에서 버터플이 더 뛰어나다고 생각해요!', '2024-10-16 12:30:00', 85, 3),
('카포에라의 전투 스타일은 정말 독특해요! 특히 회피 기술이 매력적이죠.', '2024-10-17 11:45:00', 86, 1),
('카포에라의 기술 중 "진흙주먹"이 정말 강력하다고 생각해요! 배틀에서 자주 사용해요.', '2024-10-17 12:45:00', 86, 2),
('정확한 타이밍에 기술을 사용해야 승리할 수 있어요! 훈련이 중요하죠.', '2024-10-17 13:45:00', 86, 3),
('곰팡이 포켓몬은 생태계에서 중요한 역할을 해요! 다른 포켓몬과의 관계도 흥미롭죠.', '2024-10-18 13:00:00', 87, 1),
('곰팡이 포켓몬의 역할이 생태계의 균형을 이루는데 기여하는 것 같아요.', '2024-10-18 14:00:00', 87, 2),
('그들의 생태계에서의 기능을 잘 이해하고 활용하는 것이 중요하죠!', '2024-10-18 15:00:00', 87, 3),
('유리알의 방어 기술은 정말 유용해요! 공격을 막는 데 큰 역할을 해요.', '2024-10-19 14:15:00', 88, 1),
('전투에서 잘 활용하면 상대방에게 큰 부담을 줄 수 있어요! 연습이 필요하죠.', '2024-10-19 15:15:00', 88, 2),
('상대의 공격을 예측하고 방어하는 것이 중요하다고 생각해요.', '2024-10-19 16:15:00', 88, 3),
('리프레의 회복 능력은 배틀에서 정말 중요한 요소라고 생각해요!', '2024-10-20 15:15:00', 89, 1),
('그 능력을 잘 활용하면 팀을 지킬 수 있어요. 전투에서 필수적인 기술이죠!', '2024-10-20 16:15:00', 89, 2),
('상대방의 공격을 효과적으로 막아줄 수 있으니, 전략적으로 사용해야 해요.', '2024-10-20 17:15:00', 89, 3),
('내 피카츄 팀에서의 역할이 크다고 생각해요! 여러 타입과 조합할 수 있으니 더욱 유용하죠.', '2024-09-05 15:00:00', 90, 1),
('특히 전기 타입의 조합이 강력해요. 피카츄는 항상 내 팀의 중심이에요.', '2024-09-05 16:00:00', 90, 2),
('다양한 기술을 배워서 팀을 더욱 강화할 수 있죠. 피카츄는 저에게 소중한 포켓몬이에요!', '2024-09-05 17:00:00', 90, 3),
('리자몽을 키우면서 느낀 점은 정말 많아요. 강력한 불꽃 공격이 매력적이죠!', '2024-09-06 11:00:00', 91, 1),
('리자몽의 비행 능력도 큰 장점이에요! 배틀에서 정말 유용하죠.', '2024-09-06 12:00:00', 91, 2),
('리자몽을 키우면서 배운 전략도 많아요. 꼭 추천하고 싶어요!', '2024-09-06 13:00:00', 91, 3),
('잠만보는 귀여움과 힘이 조화롭게 어우러져 있어요! 특히 방어력이 뛰어나죠.', '2024-09-07 17:00:00', 92, 1),
('잠만보의 공격력도 상당해요! 언제든지 승부에서 유리할 수 있죠.', '2024-09-07 18:00:00', 92, 2),
('그의 특유의 느긋한 성격이 더욱 매력적이에요. 정말 사랑스러운 포켓몬이죠!', '2024-09-07 19:00:00', 92, 3),
('피카츄와 함께한 소중한 순간들은 정말 많아요. 그와의 추억이 언제나 그리워요.', '2024-09-08 10:30:00', 93, 1),
('피카츄와의 모험이 항상 즐거웠어요! 저에게 많은 추억을 남겨준 포켓몬이에요.', '2024-09-08 11:30:00', 93, 2),
('그와의 우정이 더욱 깊어졌던 순간들이 많아요. 피카츄는 제 인생의 소중한 동반자예요!', '2024-09-08 12:30:00', 93, 3),
('이브이를 테마로 한 카페는 정말 사랑스러웠어요! 인테리어도 너무 예뻤고요.', '2024-09-09 19:00:00', 94, 1),
('이브이와 관련된 음료와 디저트도 정말 맛있었어요! 꼭 다시 가고 싶어요.', '2024-09-09 20:00:00', 94, 2),
('그 카페에서의 추억은 평생 간직하고 싶어요. 정말 특별한 경험이었어요!', '2024-09-09 21:00:00', 94, 3),
('피카츄를 키우는 효율적인 방법은 정말 많아요! 레벨업을 빠르게 할 수 있죠.', '2024-09-10 12:30:00', 95, 1),
('특히 경험치를 더 많이 얻는 방법이 중요해요. 전략적으로 접근해야 하죠!', '2024-09-10 13:30:00', 95, 2),
('피카츄의 레벨업을 돕는 팁들을 서로 공유하는 게 좋다고 생각해요.', '2024-09-10 14:30:00', 95, 3),
('이브이의 진화는 상황에 따라 달라져요! 어떤 형태로 진화할지 항상 고민하게 되죠.', '2024-09-11 14:00:00', 96, 1),
('진화의 타이밍은 매우 중요해요! 원하는 능력을 고려해서 결정해야 하죠.', '2024-09-11 15:00:00', 96, 2),
('이브이를 어떻게 진화시킬지 늘 고민이에요. 선택이 많아서 항상 흥미롭죠!', '2024-09-11 16:00:00', 96, 3),
('리자몽의 활용법은 정말 다양해요! 불꽃 기술을 잘 활용하면 강력한 배틀 파트너가 되죠.', '2024-09-12 12:30:00', 97, 1),
('리자몽의 비행 능력도 정말 중요해요! 다양한 전투에서 유리하게 작용하죠.', '2024-09-12 13:30:00', 97, 2),
('리자몽을 잘 활용하는 팁을 공유하면 좋겠어요. 더욱 강력한 팀이 될 수 있죠!', '2024-09-12 14:30:09', 97, 3),
('가라르 지역의 포켓몬들은 디자인이 정말 멋져요! 각기 다른 매력을 지니고 있죠.', '2024-09-13 15:00:00', 98, 1),
('새로운 포켓몬들은 전략적인 요소도 많아요! 배틀에서의 활용이 기대돼요.', '2024-09-13 16:00:00', 98, 2),
('가라르 포켓몬들에 대한 정보가 더 많아지면 좋겠어요. 활용 방안을 많이 알고 싶어요!', '2024-09-13 14:45:00', 98, 3),
('불꽃과 물 타입 간의 궁합은 정말 흥미로운 주제예요! 어떤 전략이 유리할지 토론해봐요.', '2024-09-14 18:00:00', 99, 1),
('상대 타입에 따라 유리하게 작용할 수 있는 전략을 고민해보면 재미있어요.', '2024-09-14 19:00:00', 99, 2),
('각 타입의 특성을 잘 이해하면 더 좋은 배틀이 될 수 있죠!', '2024-09-14 20:00:00', 99, 3),
('최강의 포켓몬을 논하는 것은 언제나 재미있어요! 다양한 의견을 듣고 싶네요.', '2024-09-15 16:30:00', 100, 1),
('저는 뮤츠를 가장 좋아해요! 강력한 능력과 멋진 디자인이 매력적이죠.', '2024-09-15 16:30:00', 100, 2),
('각자의 최강 포켓몬을 공유하는 것도 좋은 것 같아요. 재미있는 토론이 될 것 같네요!', '2024-09-13 14:45:00', 100, 3),
('리메이크의 필요성에 대해 여러 의견이 나올 것 같아요! 향수를 자극하기도 하죠.', '2024-09-16 20:00:00', 101, 1),
('리메이크는 새로운 세대와의 연결고리가 되기도 하죠. 긍정적인 효과가 많다고 생각해요.', '2024-09-16 21:00:00', 101, 2),
('리메이크된 게임들이 더 발전해 나가길 바래요! 기대되는 요소가 많죠.', '2024-09-16 22:00:00', 101, 3),
('뮤츠는 항상 논란의 중심이죠! 그 강력함이 너무 대단해요.', '2024-09-17 09:00:00', 102, 1),
('뮤츠의 다양한 형태도 매력적이에요! 특히 그 능력은 배틀에서 큰 도움이 되죠.', '2024-09-17 10:00:00', 102, 2),
('뮤츠의 힘을 어떻게 활용할지 고민하는 것도 배틀의 재미죠!', '2024-09-17 11:0:00', 102, 3),
('피카츄는 애니메이션에서도 게임에서도 매력적이에요! 두 매체의 차이를 비교해봐요.', '2024-09-18 22:00:00', 103, 1),
('애니메이션 속 피카츄의 캐릭터성도 정말 귀여워요. 게임에서의 모습과 다른 매력을 가지고 있죠.', '2024-09-18 23:00:00', 103, 2),
('피카츄의 성장 과정이 서로 다르게 표현되는 점이 흥미롭죠!', '2024-09-18 15:00:00', 103, 3),
('잠만보의 느긋한 성격은 정말 귀여워요! 그 성격이 매력적이죠.', '2024-09-19 10:30:00', 104, 1),
('잠만보의 느긋함이 배틀에서의 전략에 어떻게 활용될 수 있을까요?', '2024-09-19 11:30:00', 104, 2),
('그의 성격 덕분에 배틀에서 더 좋은 팀워크를 발휘할 수 있어요!', '2024-09-19 12:30:00', 104, 3),
('게임 중 피카츄가 사라지는 일은 정말 당황스러워요! 어떻게 해결할 수 있을까요?', '2024-09-20 14:00:00', 105, 1),
('이런 문제는 종종 발생하더라고요! 팁이나 해결 방법이 필요해요.', '2024-09-20 15:00:00', 105, 2),
('이런 오류는 피카츄 팬들에게는 큰 충격이죠! 어떻게 대처해야 할까요?', '2024-09-20 16:00:00', 105, 3),
('이브이를 진화시킬 타이밍은 정말 중요해요! 어떻게 결정해야 할지 고민하게 돼요.', '2024-09-21 17:00:00', 106, 1),
('이브이의 진화는 매번 고민하게 되는 문제죠! 어떤 형태로 진화시킬지 신중하게 결정해야 해요.', '2024-09-21 18:00:00', 106, 2),
('진화의 타이밍이 잘못되면 후회할 수 있으니 주의해야겠어요!', '2024-09-21 19:00:00', 106, 3),
('리자몽에게 가장 효과적인 아이템은 어떤 걸까요? 궁금하네요!', '2024-09-22 20:00:00', 107, 1),
('리자몽을 더욱 강하게 만들기 위해 어떤 아이템을 사용하는 것이 좋을지 의견을 나누어 봐요.', '2024-09-22 21:00:00', 107, 2),
('아이템을 활용한 전략도 중요하니 잘 선택해야겠어요!', '2024-09-22 22:00:00', 107, 3),
('포켓몬 GO에서 친구 추가하는 방법이 궁금해요! 어떤 팁이 있을까요?', '2024-09-23 12:00:00', 108, 1),
('친구 추가는 포켓몬 GO에서 정말 중요한 요소죠! 어떻게 하면 좋을까요?', '2024-09-23 13:00:00', 108, 2),
('친구 추가를 통해 더 많은 경험치를 얻을 수 있으니 잘 활용해야겠어요!', '2024-09-23 14:00:00', 108, 3),
('뮤츠의 진화에 대한 궁금증이 많아요! 어떤 형태로 진화할 수 있을까요?', '2024-09-24 15:00:00', 109, 1),
('뮤츠의 다양한 진화가 배틀에 어떤 영향을 미칠지 고민해봐야 해요.', '2024-09-24 16:00:00', 109, 2),
('진화에 따른 능력 변화도 무시할 수 없으니 꼭 알아야겠어요!', '2024-09-24 17:00:00', 109, 3),
('내가 잡은 전설의 뮤츠 자랑해요! 그 순간이 정말 기뻤어요.', '2024-09-25 11:00:00', 110, 1),
('뮤츠를 잡았던 경험은 정말 특별해요! 그 과정에서 많은 감정이 있었죠.', '2024-09-25 12:00:00', 110, 2),
('내 뮤츠와의 관계는 정말 특별해요! 잘 키우고 싶어요.', '2024-09-25 13:00:00', 110, 3),
('리자몽과의 배틀 승리는 잊을 수 없어요! 최고의 순간이었죠.', '2024-09-26 14:30:00', 111, 1),
('리자몽과 함께한 배틀은 항상 짜릿해요! 그 기분은 정말 대단하죠.', '2024-09-26 15:30:00', 111, 2),
('리자몽과의 승리로 더 많은 자신감을 얻었어요! 계속 도전하고 싶어요.', '2024-09-26 16:30:00', 111, 3),
('내 이브이 컬렉션은 정말 자랑스러워요! 다양한 진화형이 있어요.', '2024-09-27 16:00:00', 112, 1),
('이브이는 저에게 많은 추억을 안겨준 포켓몬이에요! 소중한 친구입니다.', '2024-09-27 17:00:00', 112, 2),
('이브이와의 특별한 순간들은 평생 기억에 남을 것 같아요!', '2024-09-27 18:00:00', 112, 3),
('내 피카츄의 성장 이야기는 정말 뿌듯해요! 계속 키우고 싶어요.', '2024-09-28 13:00:00', 113, 1),
('피카츄의 성장은 언제나 감동적이에요! 앞으로도 함께하고 싶어요.', '2024-09-28 14:00:00', 113, 2),
('내 피카츄와의 이야기는 소중한 추억으로 남을 것 같아요.', '2024-09-28 15:00:00', 113, 3),
('첫 레이드에서 리자몽과 함께한 순간은 잊을 수 없어요! 그 기분이 너무 좋았어요.', '2024-09-29 18:00:00', 114, 1),
('리자몽과의 레이드 성공은 저에게 큰 성취감을 주었어요! 정말 뿌듯하네요.', '2024-09-29 19:00:00', 114, 2),
('첫 레이드에서의 협력은 정말 값진 경험이었어요! 앞으로도 함께하고 싶어요.', '2024-09-29 20:00:00', 114, 3);
-- 5. 포켓몬 랭킹(인기) 샘플
--select * from rankpokemon;
INSERT INTO rankpokemon (pno, click, win) VALUES
(1, 15, 5),
(2, 23, 7),
(3, 30, 12),
(4, 7, 3),
(5, 18, 8),
(6, 21, 10),
(7, 13, 6),
(8, 25, 9),
(9, 17, 11),
(10, 9, 4),
(11, 11, 2),
(12, 20, 15),
(13, 22, 14),
(14, 8, 1),
(15, 29, 13),
(16, 12, 7),
(17, 14, 8),
(18, 24, 16),
(19, 19, 10),
(20, 16, 6),
(21, 26, 12),
(22, 10, 5),
(23, 28, 9),
(24, 27, 8),
(25, 6, 2),
(26, 5, 1),
(27, 4, 0),
(28, 3, 0),
(29, 2, 1),
(30, 1, 0),
(31, 1, 0),
(32, 1, 0),
(33, 1, 0),
(34, 1, 0),
(35, 1, 0),
(36, 1, 0),
(37, 1, 0),
(38, 1, 0),
(39, 1, 0),
(40, 1, 0),
(41, 1, 0),
(42, 1, 0),
(43, 1, 0),
(44, 1, 0),
(45, 1, 0),
(46, 1, 0),
(47, 1, 0),
(48, 1, 0),
(49, 1, 0),
(50, 1, 0),
(51, 1, 0),
(52, 1, 0),
(53, 1, 0),
(54, 1, 0),
(55, 1, 0),
(56, 1, 0),
(57, 1, 0),
(58, 1, 0),
(59, 1, 0),
(60, 1, 0),
(61, 1, 0),
(62, 1, 0),
(63, 1, 0),
(64, 1, 0),
(65, 1, 0),
(66, 1, 0),
(67, 1, 0),
(68, 1, 0),
(69, 1, 0),
(70, 1, 0),
(71, 1, 0),
(72, 1, 0),
(73, 1, 0),
(74, 1, 0),
(75, 1, 0),
(76, 1, 0),
(77, 1, 0),
(78, 1, 0),
(79, 1, 0),
(80, 1, 0),
(81, 1, 0),
(82, 1, 0),
(83, 1, 0),
(84, 1, 0),
(85, 1, 0),
(86, 1, 0),
(87, 1, 0),
(88, 1, 0),
(89, 1, 0),
(90, 1, 0),
(91, 1, 0),
(92, 1, 0),
(93, 1, 0),
(94, 1, 0),
(95, 1, 0),
(96, 1, 0),
(97, 1, 0),
(98, 1, 0),
(99, 1, 0),
(100, 1, 0),
(101, 1, 0),
(102, 1, 0),
(103, 1, 0),
(104, 1, 0),
(105, 1, 0),
(106, 1, 0),
(107, 1, 0),
(108, 1, 0),
(109, 1, 0),
(110, 1, 0),
(111, 1, 0),
(112, 1, 0),
(113, 1, 0),
(114, 1, 0),
(115, 1, 0),
(116, 1, 0),
(117, 1, 0),
(118, 1, 0),
(119, 1, 0),
(120, 1, 0),
(121, 1, 0),
(122, 1, 0),
(123, 1, 0),
(124, 1, 0),
(125, 1, 0),
(126, 1, 0),
(127, 1, 0),
(128, 1, 0),
(129, 1, 0),
(130, 1, 0),
(131, 1, 0),
(132, 1, 0),
(133, 1, 0),
(134, 1, 0),
(135, 1, 0),
(136, 1, 0),
(137, 1, 0),
(138, 1, 0),
(139, 1, 0),
(140, 1, 0),
(141, 1, 0),
(142, 1, 0),
(143, 1, 0),
(144, 1, 0),
(145, 1, 0),
(146, 1, 0),
(147, 1, 0),
(148, 1, 0),
(149, 1, 0),
(150, 1, 0),
(151, 1, 0),
(152, 1, 0),
(153, 1, 0),
(154, 1, 0),
(155, 1, 0),
(156, 1, 0),
(157, 1, 0),
(158, 1, 0),
(159, 1, 0),
(160, 1, 0),
(161, 1, 0),
(162, 1, 0),
(163, 1, 0),
(164, 1, 0),
(165, 1, 0),
(166, 1, 0),
(167, 1, 0),
(168, 1, 0),
(169, 1, 0),
(170, 1, 0),
(171, 1, 0),
(172, 1, 0),
(173, 1, 0),
(174, 1, 0),
(175, 1, 0),
(176, 1, 0),
(177, 1, 0),
(178, 1, 0),
(179, 1, 0),
(180, 1, 0),
(181, 1, 0),
(182, 1, 0),
(183, 1, 0),
(184, 1, 0),
(185, 1, 0),
(186, 1, 0),
(187, 1, 0),
(188, 1, 0),
(189, 1, 0),
(190, 1, 0),
(191, 1, 0),
(192, 1, 0),
(193, 1, 0),
(194, 1, 0),
(195, 1, 0),
(196, 1, 0),
(197, 1, 0),
(198, 1, 0),
(199, 1, 0),
(200, 1, 0),
(201, 1, 0),
(202, 1, 0),
(203, 1, 0),
(204, 1, 0),
(205, 1, 0),
(206, 1, 0),
(207, 1, 0),
(208, 1, 0),
(209, 1, 0),
(210, 1, 0),
(211, 1, 0),
(212, 1, 0),
(213, 1, 0),
(214, 1, 0),
(215, 1, 0),
(216, 1, 0),
(217, 1, 0),
(218, 1, 0),
(219, 1, 0),
(220, 1, 0),
(221, 1, 0),
(222, 1, 0),
(223, 1, 0),
(224, 1, 0),
(225, 1, 0),
(226, 1, 0),
(227, 1, 0),
(228, 1, 0),
(229, 1, 0),
(230, 1, 0),
(231, 1, 0),
(232, 1, 0),
(233, 1, 0),
(234, 1, 0),
(235, 1, 0),
(236, 1, 0),
(237, 1, 0),
(238, 1, 0),
(239, 1, 0),
(240, 1, 0),
(241, 1, 0),
(242, 1, 0),
(243, 1, 0),
(244, 1, 0),
(245, 1, 0),
(246, 1, 0),
(247, 1, 0),
(248, 1, 0),
(249, 1, 0),
(250, 1, 0),
(251, 1, 0),
(252, 1, 0),
(253, 1, 0),
(254, 1, 0),
(255, 1, 0),
(256, 1, 0),
(257, 1, 0),
(258, 1, 0),
(259, 1, 0),
(260, 1, 0),
(261, 1, 0),
(262, 1, 0),
(263, 1, 0),
(264, 1, 0),
(265, 1, 0),
(266, 1, 0),
(267, 1, 0),
(268, 1, 0),
(269, 1, 0),
(270, 1, 0),
(271, 1, 0),
(272, 1, 0),
(273, 1, 0),
(274, 1, 0),
(275, 1, 0),
(276, 1, 0),
(277, 1, 0),
(278, 1, 0),
(279, 1, 0),
(280, 1, 0),
(281, 1, 0),
(282, 1, 0),
(283, 1, 0),
(284, 1, 0),
(285, 1, 0),
(286, 1, 0),
(287, 1, 0),
(288, 1, 0),
(289, 1, 0),
(290, 1, 0),
(291, 1, 0),
(292, 1, 0),
(293, 1, 0),
(294, 1, 0),
(295, 1, 0),
(296, 1, 0),
(297, 1, 0),
(298, 1, 0),
(299, 1, 0),
(300, 1, 0),
(301, 1, 0),
(302, 1, 0),
(303, 1, 0),
(304, 1, 0),
(305, 1, 0),
(306, 1, 0),
(307, 1, 0),
(308, 1, 0),
(309, 1, 0),
(310, 1, 0),
(311, 1, 0),
(312, 1, 0),
(313, 1, 0),
(314, 1, 0),
(315, 1, 0),
(316, 1, 0),
(317, 1, 0),
(318, 1, 0),
(319, 1, 0),
(320, 1, 0),
(321, 1, 0),
(322, 1, 0),
(323, 1, 0),
(324, 1, 0),
(325, 1, 0),
(326, 1, 0),
(327, 1, 0),
(328, 1, 0),
(329, 1, 0),
(330, 1, 0),
(331, 1, 0),
(332, 1, 0),
(333, 1, 0),
(334, 1, 0),
(335, 1, 0),
(336, 1, 0),
(337, 1, 0),
(338, 1, 0),
(339, 1, 0),
(340, 1, 0),
(341, 1, 0),
(342, 1, 0),
(343, 1, 0),
(344, 1, 0),
(345, 1, 0),
(346, 1, 0),
(347, 1, 0),
(348, 1, 0),
(349, 1, 0),
(350, 1, 0),
(351, 1, 0),
(352, 1, 0),
(353, 1, 0),
(354, 1, 0),
(355, 1, 0),
(356, 1, 0),
(357, 1, 0),
(358, 1, 0),
(359, 1, 0),
(360, 1, 0),
(361, 1, 0),
(362, 1, 0),
(363, 1, 0),
(364, 1, 0),
(365, 1, 0),
(366, 1, 0),
(367, 1, 0),
(368, 1, 0),
(369, 1, 0),
(370, 1, 0),
(371, 1, 0),
(372, 1, 0),
(373, 1, 0),
(374, 1, 0),
(375, 1, 0),
(376, 1, 0),
(377, 1, 0),
(378, 1, 0),
(379, 1, 0),
(380, 1, 0),
(381, 1, 0),
(382, 1, 0),
(383, 1, 0),
(384, 1, 0),
(385, 1, 0),
(386, 1, 0),
(387, 1, 0),
(388, 1, 0),
(389, 1, 0),
(390, 1, 0),
(391, 1, 0),
(392, 1, 0),
(393, 1, 0),
(394, 1, 0),
(395, 1, 0),
(396, 1, 0),
(397, 1, 0),
(398, 1, 0),
(399, 1, 0),
(400, 1, 0),
(401, 1, 0),
(402, 1, 0),
(403, 1, 0),
(404, 1, 0),
(405, 1, 0),
(406, 1, 0),
(407, 1, 0),
(408, 1, 0),
(409, 1, 0),
(410, 1, 0),
(411, 1, 0),
(412, 1, 0),
(413, 1, 0),
(414, 1, 0),
(415, 1, 0),
(416, 1, 0),
(417, 1, 0),
(418, 1, 0),
(419, 1, 0),
(420, 1, 0),
(421, 1, 0),
(422, 1, 0),
(423, 1, 0),
(424, 1, 0),
(425, 1, 0),
(426, 1, 0),
(427, 1, 0),
(428, 1, 0),
(429, 1, 0),
(430, 1, 0),
(431, 1, 0),
(432, 1, 0),
(433, 1, 0),
(434, 1, 0),
(435, 1, 0),
(436, 1, 0),
(437, 1, 0),
(438, 1, 0),
(439, 1, 0),
(440, 1, 0),
(441, 1, 0),
(442, 1, 0),
(443, 1, 0),
(444, 1, 0),
(445, 1, 0),
(446, 1, 0),
(447, 1, 0),
(448, 1, 0),
(449, 1, 0),
(450, 1, 0),
(451, 1, 0),
(452, 1, 0),
(453, 1, 0),
(454, 1, 0),
(455, 1, 0),
(456, 1, 0),
(457, 1, 0),
(458, 1, 0),
(459, 1, 0),
(460, 1, 0),
(461, 1, 0),
(462, 1, 0),
(463, 1, 0),
(464, 1, 0),
(465, 1, 0),
(466, 1, 0),
(467, 1, 0),
(468, 1, 0),
(469, 1, 0),
(470, 1, 0),
(471, 1, 0),
(472, 1, 0),
(473, 1, 0),
(474, 1, 0),
(475, 1, 0),
(476, 1, 0),
(477, 1, 0),
(478, 1, 0),
(479, 1, 0),
(480, 1, 0),
(481, 1, 0),
(482, 1, 0),
(483, 1, 0),
(484, 1, 0),
(485, 1, 0),
(486, 1, 0),
(487, 1, 0),
(488, 1, 0),
(489, 1, 0),
(490, 1, 0),
(491, 1, 0),
(492, 1, 0),
(493, 1, 0),
(494, 1, 0),
(495, 1, 0),
(496, 1, 0),
(497, 1, 0),
(498, 1, 0),
(499, 1, 0),
(500, 1, 0),
(501, 1, 0),
(502, 1, 0),
(503, 1, 0),
(504, 1, 0),
(505, 1, 0),
(506, 1, 0),
(507, 1, 0),
(508, 1, 0),
(509, 1, 0),
(510, 1, 0),
(511, 1, 0),
(512, 1, 0),
(513, 1, 0),
(514, 1, 0),
(515, 1, 0),
(516, 1, 0),
(517, 1, 0),
(518, 1, 0),
(519, 1, 0),
(520, 1, 0),
(521, 1, 0),
(522, 1, 0),
(523, 1, 0),
(524, 1, 0),
(525, 1, 0),
(526, 1, 0),
(527, 1, 0),
(528, 1, 0),
(529, 1, 0),
(530, 1, 0),
(531, 1, 0),
(532, 1, 0),
(533, 1, 0),
(534, 1, 0),
(535, 1, 0),
(536, 1, 0),
(537, 1, 0),
(538, 1, 0),
(539, 1, 0),
(540, 1, 0),
(541, 1, 0),
(542, 1, 0),
(543, 1, 0),
(544, 1, 0),
(545, 1, 0),
(546, 1, 0),
(547, 1, 0),
(548, 1, 0),
(549, 1, 0),
(550, 1, 0),
(551, 1, 0),
(552, 1, 0),
(553, 1, 0),
(554, 1, 0),
(555, 1, 0),
(556, 1, 0),
(557, 1, 0),
(558, 1, 0),
(559, 1, 0),
(560, 1, 0),
(561, 1, 0),
(562, 1, 0),
(563, 1, 0),
(564, 1, 0),
(565, 1, 0),
(566, 1, 0),
(567, 1, 0),
(568, 1, 0),
(569, 1, 0),
(570, 1, 0),
(571, 1, 0),
(572, 1, 0),
(573, 1, 0),
(574, 1, 0),
(575, 1, 0),
(576, 1, 0),
(577, 1, 0),
(578, 1, 0),
(579, 1, 0),
(580, 1, 0),
(581, 1, 0),
(582, 1, 0),
(583, 1, 0),
(584, 1, 0),
(585, 1, 0),
(586, 1, 0),
(587, 1, 0),
(588, 1, 0),
(589, 1, 0),
(590, 1, 0),
(591, 1, 0),
(592, 1, 0),
(593, 1, 0),
(594, 1, 0),
(595, 1, 0),
(596, 1, 0),
(597, 1, 0),
(598, 1, 0),
(599, 1, 0),
(600, 1, 0),
(601, 1, 0),
(602, 1, 0),
(603, 1, 0),
(604, 1, 0),
(605, 1, 0),
(606, 1, 0),
(607, 1, 0),
(608, 1, 0),
(609, 1, 0),
(610, 1, 0),
(611, 1, 0),
(612, 1, 0),
(613, 1, 0),
(614, 1, 0),
(615, 1, 0),
(616, 1, 0),
(617, 1, 0),
(618, 1, 0),
(619, 1, 0),
(620, 1, 0),
(621, 1, 0),
(622, 1, 0),
(623, 1, 0),
(624, 1, 0),
(625, 1, 0),
(626, 1, 0),
(627, 1, 0),
(628, 1, 0),
(629, 1, 0),
(630, 1, 0),
(631, 1, 0),
(632, 1, 0),
(633, 1, 0),
(634, 1, 0),
(635, 1, 0),
(636, 1, 0),
(637, 1, 0),
(638, 1, 0),
(639, 1, 0),
(640, 1, 0),
(641, 1, 0),
(642, 1, 0),
(643, 1, 0),
(644, 1, 0),
(645, 1, 0),
(646, 1, 0),
(647, 1, 0),
(648, 1, 0),
(649, 1, 0),
(650, 1, 0),
(651, 1, 0),
(652, 1, 0),
(653, 1, 0),
(654, 1, 0),
(655, 1, 0),
(656, 1, 0),
(657, 1, 0),
(658, 1, 0),
(659, 1, 0),
(660, 1, 0),
(661, 1, 0),
(662, 1, 0),
(663, 1, 0),
(664, 1, 0),
(665, 1, 0),
(666, 1, 0),
(667, 1, 0),
(668, 1, 0),
(669, 1, 0),
(670, 1, 0),
(671, 1, 0),
(672, 1, 0),
(673, 1, 0),
(674, 1, 0),
(675, 1, 0),
(676, 1, 0),
(677, 1, 0),
(678, 1, 0),
(679, 1, 0),
(680, 1, 0),
(681, 1, 0),
(682, 1, 0),
(683, 1, 0),
(684, 1, 0),
(685, 1, 0),
(686, 1, 0),
(687, 1, 0),
(688, 1, 0),
(689, 1, 0),
(690, 1, 0),
(691, 1, 0),
(692, 1, 0),
(693, 1, 0),
(694, 1, 0),
(695, 1, 0),
(696, 1, 0),
(697, 1, 0),
(698, 1, 0),
(699, 1, 0),
(700, 1, 0),
(701, 1, 0),
(702, 1, 0),
(703, 1, 0),
(704, 1, 0),
(705, 1, 0),
(706, 1, 0),
(707, 1, 0),
(708, 1, 0),
(709, 1, 0),
(710, 1, 0),
(711, 1, 0),
(712, 1, 0),
(713, 1, 0),
(714, 1, 0),
(715, 1, 0),
(716, 1, 0),
(717, 1, 0),
(718, 1, 0),
(719, 1, 0),
(720, 1, 0),
(721, 1, 0),
(722, 1, 0),
(723, 1, 0),
(724, 1, 0),
(725, 1, 0),
(726, 1, 0),
(727, 1, 0),
(728, 1, 0),
(729, 1, 0),
(730, 1, 0),
(731, 1, 0),
(732, 1, 0),
(733, 1, 0),
(734, 1, 0),
(735, 1, 0),
(736, 1, 0),
(737, 1, 0),
(738, 1, 0),
(739, 1, 0),
(740, 1, 0),
(741, 1, 0),
(742, 1, 0),
(743, 1, 0),
(744, 1, 0),
(745, 1, 0),
(746, 1, 0),
(747, 1, 0),
(748, 1, 0),
(749, 1, 0),
(750, 1, 0),
(751, 1, 0),
(752, 1, 0),
(753, 1, 0),
(754, 1, 0),
(755, 1, 0),
(756, 1, 0),
(757, 1, 0),
(758, 1, 0),
(759, 1, 0),
(760, 1, 0),
(761, 1, 0),
(762, 1, 0),
(763, 1, 0),
(764, 1, 0),
(765, 1, 0),
(766, 1, 0),
(767, 1, 0),
(768, 1, 0),
(769, 1, 0),
(770, 1, 0),
(771, 1, 0),
(772, 1, 0),
(773, 1, 0),
(774, 1, 0),
(775, 1, 0),
(776, 1, 0),
(777, 1, 0),
(778, 1, 0),
(779, 1, 0),
(780, 1, 0),
(781, 1, 0),
(782, 1, 0),
(783, 1, 0),
(784, 1, 0),
(785, 1, 0),
(786, 1, 0),
(787, 1, 0),
(788, 1, 0),
(789, 1, 0),
(790, 1, 0),
(791, 1, 0),
(792, 1, 0),
(793, 1, 0),
(794, 1, 0),
(795, 1, 0),
(796, 1, 0),
(797, 1, 0),
(798, 1, 0),
(799, 1, 0),
(800, 1, 0),
(801, 1, 0),
(802, 1, 0),
(803, 1, 0),
(804, 1, 0),
(805, 1, 0),
(806, 1, 0),
(807, 1, 0),
(808, 1, 0),
(809, 1, 0),
(810, 1, 0),
(811, 1, 0),
(812, 1, 0),
(813, 1, 0),
(814, 1, 0),
(815, 1, 0),
(816, 1, 0),
(817, 1, 0),
(818, 1, 0),
(819, 1, 0),
(820, 1, 0),
(821, 1, 0),
(822, 1, 0),
(823, 1, 0),
(824, 1, 0),
(825, 1, 0),
(826, 1, 0),
(827, 1, 0),
(828, 1, 0),
(829, 1, 0),
(830, 1, 0),
(831, 1, 0),
(832, 1, 0),
(833, 1, 0),
(834, 1, 0),
(835, 1, 0),
(836, 1, 0),
(837, 1, 0),
(838, 1, 0),
(839, 1, 0),
(840, 1, 0),
(841, 1, 0),
(842, 1, 0),
(843, 1, 0),
(844, 1, 0),
(845, 1, 0),
(846, 1, 0),
(847, 1, 0),
(848, 1, 0),
(849, 1, 0),
(850, 1, 0),
(851, 1, 0),
(852, 1, 0),
(853, 1, 0),
(854, 1, 0),
(855, 1, 0),
(856, 1, 0),
(857, 1, 0),
(858, 1, 0),
(859, 1, 0),
(860, 1, 0),
(861, 1, 0),
(862, 1, 0),
(863, 1, 0),
(864, 1, 0),
(865, 1, 0),
(866, 1, 0),
(867, 1, 0),
(868, 1, 0),
(869, 1, 0),
(870, 1, 0),
(871, 1, 0),
(872, 1, 0),
(873, 1, 0),
(874, 1, 0),
(875, 1, 0),
(876, 1, 0),
(877, 1, 0),
(878, 1, 0),
(879, 1, 0),
(880, 1, 0),
(881, 1, 0),
(882, 1, 0),
(883, 1, 0),
(884, 1, 0),
(885, 1, 0),
(886, 1, 0),
(887, 1, 0),
(888, 1, 0),
(889, 1, 0),
(890, 1, 0),
(891, 1, 0),
(892, 1, 0),
(893, 1, 0),
(894, 1, 0),
(895, 1, 0),
(896, 1, 0),
(897, 1, 0),
(898, 1, 0),
(899, 1, 0),
(900, 1, 0),
(901, 1, 0),
(902, 1, 0),
(903, 1, 0),
(904, 1, 0),
(905, 1, 0),
(906, 1, 0),
(907, 1, 0),
(908, 1, 0),
(909, 1, 0),
(910, 1, 0),
(911, 1, 0),
(912, 1, 0),
(913, 1, 0),
(914, 1, 0),
(915, 1, 0),
(916, 1, 0),
(917, 1, 0),
(918, 1, 0),
(919, 1, 0),
(920, 1, 0),
(921, 1, 0),
(922, 1, 0),
(923, 1, 0),
(924, 1, 0),
(925, 1, 0),
(926, 1, 0),
(927, 1, 0),
(928, 1, 0),
(929, 1, 0),
(930, 1, 0),
(931, 1, 0),
(932, 1, 0),
(933, 1, 0),
(934, 1, 0),
(935, 1, 0),
(936, 1, 0),
(937, 1, 0),
(938, 1, 0),
(939, 1, 0),
(940, 1, 0),
(941, 1, 0),
(942, 1, 0),
(943, 1, 0),
(944, 1, 0),
(945, 1, 0),
(946, 1, 0),
(947, 1, 0),
(948, 1, 0),
(949, 1, 0),
(950, 1, 0),
(951, 1, 0),
(952, 1, 0),
(953, 1, 0),
(954, 1, 0),
(955, 1, 0),
(956, 1, 0),
(957, 1, 0),
(958, 1, 0),
(959, 1, 0),
(960, 1, 0),
(961, 1, 0),
(962, 1, 0),
(963, 1, 0),
(964, 1, 0),
(965, 1, 0),
(966, 1, 0),
(967, 1, 0),
(968, 1, 0),
(969, 1, 0),
(970, 1, 0),
(971, 1, 0),
(972, 1, 0),
(973, 1, 0),
(974, 1, 0),
(975, 1, 0),
(976, 1, 0),
(977, 1, 0),
(978, 1, 0),
(979, 1, 0),
(980, 1, 0),
(981, 1, 0),
(982, 1, 0),
(983, 1, 0),
(984, 1, 0),
(985, 1, 0),
(986, 1, 0),
(987, 1, 0),
(988, 1, 0),
(989, 1, 0),
(990, 1, 0),
(991, 1, 0),
(992, 1, 0),
(993, 1, 0),
(994, 1, 0),
(995, 1, 0),
(996, 1, 0),
(997, 1, 0),
(998, 1, 0),
(999, 1, 0),
(1000, 1, 0),
(1001, 1, 0),
(1002, 1, 0),
(1003, 1, 0),
(1004, 1, 0),
(1005, 1, 0),
(1006, 1, 0),
(1007, 1, 0),
(1008, 1, 0),
(1009, 1, 0),
(1010, 1, 0),
(1011, 1, 0),
(1012, 1, 0),
(1013, 1, 0),
(1014, 1, 0),
(1015, 1, 0),
(1016, 1, 0),
(1017, 1, 0),
(1018, 1, 0),
(1019, 1, 0),
(1020, 1, 0),
(1021, 1, 0),
(1022, 1, 0),
(1023, 1, 0),
(1024, 1, 0),
(1025, 1, 0);

-- 7. proposal 테이블 조회
select * from proposal;
INSERT INTO proposal (prono , uno , pno) VALUES
(1, 1, 15),
(2, 2, 102),
(3, 3, 150),
(4, 4, 450),
(5, 5, 23),
(6, 6, 900),
(7, 7, 15),
(8, 8, 300),
(9, 9, 600),
(10, 10, 5),
(11, 11, 1025),
(12, 12, 800),
(13, 13, 50),
(14, 14, 700),
(15, 15, 25),
(16, 16, 120),
(17, 17, 355),
(18, 18, 485),
(19, 19, 305),
(20, 20, 500),
(21, 21, 765),
(22, 22, 15),
(23, 23, 80),
(24, 24, 400),
(25, 25, 650),
(26, 26, 225),
(27, 27, 50),
(28, 28, 975),
(29, 29, 800),
(30, 30, 110),
(31, 31, 201),
(32, 32, 300),
(33, 33, 425),
(34, 34, 725),
(35, 35, 900),
(36, 36, 150),
(37, 37, 510),
(38, 38, 130),
(39, 39, 715),
(40, 40, 815),
(41, 41, 999),
(42, 42, 111),
(43, 43, 22),
(44, 44, 333),
(45, 45, 622),
(46, 46, 44),
(47, 47, 908),
(48, 48, 265),
(49, 49, 490),
(50, 50, 55),
(51, 51, 210),
(52, 52, 785),
(53, 53, 90),
(54, 54, 300),
(55, 55, 1010),
(56, 56, 40),
(57, 57, 120),
(58, 58, 625),
(59, 59, 205),
(60, 60, 999),
(61, 61, 412),
(62, 62, 860),
(63, 63, 375),
(64, 64, 550),
(65, 65, 777),
(66, 66, 33),
(67, 67, 1005),
(68, 68, 400),
(69, 69, 30),
(70, 70, 650),
(71, 71, 500),
(72, 72, 1),
(73, 73, 650),
(74, 74, 850),
(75, 75, 1025),
(76, 76, 450),
(77, 77, 750),
(78, 78, 100),
(79, 79, 333),
(80, 80, 800),
(81, 81, 20),
(82, 82, 250),
(83, 83, 365),
(84, 84, 777),
(85, 85, 905),
(86, 86, 110),
(87, 87, 130),
(88, 88, 180),
(89, 89, 250),
(90, 90, 999),
(91, 91, 105),
(92, 92, 444),
(93, 93, 150),
(94, 94, 250),
(95, 95, 300),
(96, 96, 800),
(97, 97, 400),
(98, 98, 850),
(99, 99, 125),
(100, 100, 950),
(101, 101, 5),
(102, 102, 200),
(103, 103, 222),
(104, 104, 302),
(105, 105, 330),
(106, 106, 555),
(107, 107, 685),
(108, 108, 750),
(109, 109, 999),
(110, 110, 1),
(111, 111, 405),
(112, 112, 1025),
(113, 113, 800),
(114, 114, 150),
(115, 115, 990),
(116, 116, 455),
(117, 117, 110),
(118, 118, 225),
(119, 119, 312),
(120, 120, 777),
(121, 121, 50),
(122, 122, 220),
(123, 123, 300),
(124, 124, 150),
(125, 125, 105),
(126, 126, 999),
(127, 127, 600),
(128, 128, 250),
(129, 129, 650),
(130, 130, 555),
(131, 131, 1000),
(132, 132, 750),
(133, 133, 222),
(134, 134, 888),
(135, 135, 115),
(136, 136, 630),
(137, 137, 50),
(138, 138, 540),
(139, 139, 320),
(140, 140, 505),
(141, 141, 110),
(142, 142, 600),
(143, 143, 220),
(144, 144, 333),
(145, 145, 999),
(146, 146, 45),
(147, 147, 205),
(148, 148, 810),
(149, 149, 987),
(150, 150, 475),
(151, 151, 220),
(152, 152, 370),
(153, 153, 610),
(154, 154, 115),
(155, 155, 800),
(156, 156, 50),
(157, 157, 350),
(158, 158, 900),
(159, 159, 1025),
(160, 160, 250),
(161, 161, 990),
(162, 162, 5),
(163, 163, 555),
(164, 164, 45),
(165, 165, 800),
(166, 166, 10),
(167, 167, 400),
(168, 168, 320),
(169, 169, 205),
(170, 170, 455),
(171, 171, 900),
(172, 172, 100),
(173, 173, 800),
(174, 174, 555),
(175, 175, 250),
(176, 176, 370),
(177, 177, 675),
(178, 178, 905),
(179, 179, 900),
(180, 180, 300),
(181, 181, 150),
(182, 182, 999),
(183, 183, 1025),
(184, 184, 45),
(185, 185, 205),
(186, 186, 110),
(187, 187, 250),
(188, 188, 600),
(189, 189, 375),
(190, 190, 900),
(191, 191, 800),
(192, 192, 320),
(193, 193, 900),
(194, 194, 125),
(195, 195, 505),
(196, 196, 1000),
(197, 197, 50),
(198, 198, 999),
(199, 199, 150),
(200, 200, 250),
(201, 201, 750),
(202, 202, 400),
(203, 203, 880),
(204, 204, 350),
(205, 205, 450),
(206, 206, 200),
(207, 207, 10),
(208, 208, 999),
(209, 209, 600),
(210, 210, 105),
(211, 211, 111),
(212, 212, 450),
(213, 213, 900),
(214, 214, 250),
(215, 215, 750),
(216, 216, 360),
(217, 217, 800),
(218, 218, 444),
(219, 219, 550),
(220, 220, 880),
(221, 221, 110),
(222, 222, 480),
(223, 223, 805),
(224, 224, 902),
(225, 225, 120),
(226, 226, 125),
(227, 227, 400),
(228, 228, 800),
(229, 229, 225),
(230, 230, 111),
(231, 231, 999),
(232, 232, 500),
(233, 233, 300),
(234, 234, 10),
(235, 235, 800),
(236, 236, 250),
(237, 237, 320),
(238, 238, 910),
(239, 239, 75),
(240, 240, 105),
(241, 241, 1000),
(242, 242, 999),
(243, 243, 150),
(244, 244, 100),
(245, 245, 50),
(246, 246, 1025),
(247, 247, 800),
(248, 248, 20),
(249, 249, 500),
(250, 250, 111),
(251, 251, 250),
(252, 252, 750),
(253, 253, 333),
(254, 254, 888),
(255, 255, 225),
(256, 256, 120),
(257, 257, 990),
(258, 258, 400),
(259, 259, 900),
(260, 260, 250),
(261, 261, 555),
(262, 262, 150),
(263, 263, 800),
(264, 264, 888),
(265, 265, 1025),
(266, 266, 90),
(267, 267, 250),
(268, 268, 1025),
(269, 269, 125),
(270, 270, 55),
(271, 271, 100),
(272, 272, 999),
(273, 273, 150),
(274, 274, 200),
(275, 275, 1000),
(276, 276, 350),
(277, 277, 700),
(278, 278, 300),
(279, 279, 100),
(280, 280, 150),
(281, 281, 950),
(282, 282, 900),
(283, 283, 800),
(284, 284, 200),
(285, 285, 75),
(286, 286, 999),
(287, 287, 500),
(288, 288, 100),
(289, 289, 999),
(290, 290, 150),
(291, 291, 50),
(292, 292, 222),
(293, 293, 900),
(294, 294, 20),
(295, 295, 150),
(296, 296, 500),
(297, 297, 850),
(298, 298, 900),
(299, 299, 10),
(300, 300, 550),
(301, 301, 300),
(302, 302, 800),
(303, 303, 555),
(304, 304, 50),
(305, 305, 950),
(306, 306, 100),
(307, 307, 150),
(308, 308, 750),
(309, 309, 400),
(310, 310, 125),
(311, 311, 5),
(312, 312, 555),
(313, 313, 900),
(314, 314, 200),
(315, 315, 400),
(316, 316, 125),
(317, 317, 50),
(318, 318, 999),
(319, 319, 10),
(320, 320, 150),
(321, 321, 125),
(322, 322, 250),
(323, 323, 500),
(324, 324, 800),
(325, 325, 999),
(326, 326, 300),
(327, 327, 10),
(328, 328, 150),
(329, 329, 900),
(330, 330, 120),
(331, 331, 400),
(332, 332, 999),
(333, 333, 50),
(334, 334, 800),
(335, 335, 450),
(336, 336, 250),
(337, 337, 750),
(338, 338, 125),
(339, 339, 400),
(340, 340, 20),
(341, 341, 555),
(342, 342, 300),
(343, 343, 999),
(344, 344, 150),
(345, 345, 500),
(346, 346, 100),
(347, 347, 800),
(348, 348, 75),
(349, 349, 900),
(350, 350, 250),
(351, 351, 555),
(352, 352, 150),
(353, 353, 125),
(354, 354, 600),
(355, 355, 999),
(356, 356, 900),
(357, 357, 1000),
(358, 358, 800),
(359, 359, 125),
(360, 360, 750),
(361, 361, 150),
(362, 362, 100),
(363, 363, 999),
(364, 364, 50),
(365, 365, 150),
(366, 366, 500),
(367, 367, 450),
(368, 368, 800),
(369, 369, 750),
(370, 370, 1000),
(371, 371, 900),
(372, 372, 200),
(373, 373, 25),
(374, 374, 150),
(375, 375, 900),
(376, 376, 555),
(377, 377, 400),
(378, 378, 999),
(379, 379, 600),
(380, 380, 300),
(381, 381, 75),
(382, 382, 250),
(383, 383, 800),
(384, 384, 555),
(385, 385, 100),
(386, 386, 150),
(387, 387, 999),
(388, 388, 500),
(389, 389, 300),
(390, 390, 800),
(391, 391, 200),
(392, 392, 999),
(393, 393, 250),
(394, 394, 500),
(395, 395, 750),
(396, 396, 100),
(397, 397, 400),
(398, 398, 150),
(399, 399, 50),
(400, 400, 900),
(401, 401, 555),
(402, 402, 500),
(403, 403, 200),
(404, 404, 150),
(405, 405, 999),
(406, 406, 600),
(407, 407, 800),
(408, 408, 75),
(409, 409, 300),
(410, 410, 450),
(411, 411, 999),
(412, 412, 555),
(413, 413, 400),
(414, 414, 200),
(415, 415, 150),
(416, 416, 900),
(417, 417, 999),
(418, 418, 1000),
(419, 419, 75),
(420, 420, 50),
(421, 421, 300),
(422, 422, 800),
(423, 423, 500),
(424, 424, 200),
(425, 425, 999),
(426, 426, 150),
(427, 427, 600),
(428, 428, 900),
(429, 429, 100),
(430, 430, 75),
(431, 431, 800),
(432, 432, 450),
(433, 433, 555),
(434, 434, 999),
(435, 435, 300),
(436, 436, 200),
(437, 437, 150),
(438, 438, 400),
(439, 439, 250),
(440, 440, 750),
(441, 441, 900),
(442, 442, 100),
(443, 443, 555),
(444, 444, 50),
(445, 445, 200),
(446, 446, 150),
(447, 447, 999),
(448, 448, 100),
(449, 449, 900),
(450, 450, 555),
(451, 451, 200),
(452, 452, 400),
(453, 453, 75),
(454, 454, 800),
(455, 455, 150),
(456, 456, 999),
(457, 457, 50),
(458, 458, 150),
(459, 459, 300),
(460, 460, 900),
(461, 461, 1000),
(462, 462, 200),
(463, 463, 50),
(464, 464, 150),
(465, 465, 250),
(466, 466, 900),
(467, 467, 555),
(468, 468, 300),
(469, 469, 400),
(470, 470, 200),
(471, 471, 999),
(472, 472, 150),
(473, 473, 300),
(474, 474, 800),
(475, 475, 200),
(476, 476, 600),
(477, 477, 999),
(478, 478, 100),
(479, 479, 150),
(480, 480, 200),
(481, 481, 900),
(482, 482, 750),
(483, 483, 1000),
(484, 484, 250),
(485, 485, 150),
(486, 486, 600),
(487, 487, 100),
(488, 488, 999),
(489, 489, 800),
(490, 490, 555),
(491, 491, 150),
(492, 492, 300),
(493, 493, 200),
(494, 494, 450),
(495, 495, 999),
(496, 496, 500),
(497, 497, 800),
(498, 498, 250),
(499, 499, 150),
(500, 500, 999),
(501, 501, 300),
(502, 502, 1000),
(503, 503, 100),
(504, 504, 150),
(505, 505, 900),
(506, 506, 555),
(507, 507, 200),
(508, 508, 600),
(509, 509, 150),
(510, 510, 450),
(511, 511, 999),
(512, 512, 300),
(513, 513, 150),
(514, 514, 555),
(515, 515, 900),
(516, 516, 1000),
(517, 517, 800),
(518, 518, 555),
(519, 519, 999),
(520, 520, 300),
(521, 521, 150),
(522, 522, 600),
(523, 523, 999),
(524, 524, 400),
(525, 525, 100),
(526, 526, 500),
(527, 527, 300),
(528, 528, 750),
(529, 529, 999),
(530, 530, 1000);

-- 8. 내 포켓몬 샘플
INSERT INTO mypokemon (pokeno, stage, uno) VALUES
(23, 2, 2),
(412, 2, 3),
(789, 1, 4),
(102, 3, 5),
(746, 1, 6),
(67, 4, 7),
(912, 3, 8),
(234, 4, 9),
(678, 4, 10),
(321, 4, 11),
(54, 3, 12),
(899, 5, 13),
(113, 4, 14),
(455, 4, 15),
(876, 4, 16),
(0, 0, 17),
(801, 5, 18),
(145, 5, 19),
(923, 4, 20),
(512, 4, 21),
(730, 5, 22),
(850, 3, 23),
(999, 2, 24),
(314, 4, 25),
(0, 0, 26),
(530, 5, 27),
(675, 4, 28),
(840, 2, 29),
(214, 4, 30),
(14, 2, 31);

-- 9. 포켓몬 경험치 기록 샘플
INSERT INTO explog (expvalue, expmethod, mpno) VALUES
(10, '로그인', 1),
(10, '로그인', 2),
(10, '로그인', 3),
(10, '로그인', 4),
(10, '로그인', 5),
(5, '이상형 월드컵', 6),
(5, '댓글', 7),
(10, '로그인', 8),
(10, '로그인', 9),
(5, '댓글', 10),
(10, '로그인', 11),
(10, '로그인', 12),
(5, '이상형 월드컵', 13),
(10, '로그인', 14),
(10, '로그인', 15),
(10, '게시판 글쓰기', 16),
(10, '로그인', 17),
(10, '로그인', 18),
(10, '로그인', 19),
(5, '이상형 월드컵', 20),
(10, '로그인', 21),
(10, '게시판 글쓰기', 22),
(10, '로그인', 23),
(10, '로그인', 24),
(10, '로그인', 25),
(5, '이상형 월드컵', 26),
(10, '게시판 글쓰기', 27),
(10, '로그인', 28),
(10, '로그인', 29),
(10, '로그인', 30);


-- 포인트 로그 샘플
INSERT INTO pointlog (point_indecrease, free_paid, point_reason, uno) VALUES
(100, '무료', '댓글', 4),
(100000, '유료', '포인트충전', 1),
(-10000, '무료', '상품구매', 1),
(-20000, '무료', '상품구매', 1),
(-30000, '유료', '상품구매', 2),
(50, '무료', '회원가입 보너스', 1),
(-5000, '유료', '상품구매', 1),
(200, '무료', '리뷰 작성', 2),
(-150, '유료', '상품구매', 3),
(300, '무료', '이벤트 참여', 2),
(-1000, '유료', '상품구매', 4),
(400, '무료', '생일 보너스', 3),
(-100, '유료', '상품구매', 5),
(600, '무료', '추천인 포인트', 4),
(-7000, '유료', '상품구매', 1),
(250, '무료', '이벤트 참여', 5),
(-12000, '유료', '상품구매', 2),
(800, '무료', '댓글 작성', 3),
(-300, '유료', '상품구매', 4),
(900, '무료', '소셜미디어 공유', 1),
(-200, '유료', '상품구매', 5),
(100, '무료', '포인트 전환', 1),
(-500, '유료', '상품구매', 2),
(150, '무료', '포인트 적립', 3),
(-250, '유료', '상품구매', 4),
(300, '무료', '이벤트 참여', 2),
(-400, '유료', '상품구매', 3),
(500, '무료', '리뷰 작성', 5),
(-600, '유료', '상품구매', 1),
(700, '무료', '회원가입 보너스', 4),
(-800, '유료', '상품구매', 2),
(900, '무료', '리뷰 작성', 3),
(-1000, '유료', '상품구매', 5),
(1100, '무료', '이벤트 참여', 1),
(-1200, '유료', '상품구매', 4),
(1300, '무료', '추천인 포인트', 3),
(-1400, '유료', '상품구매', 2),
(1500, '무료', '생일 보너스', 5),
(-1600, '유료', '상품구매', 1),
(1700, '무료', '댓글 작성', 2),
(-1800, '유료', '상품구매', 3),
(1900, '무료', '포인트 전환', 4),
(-2000, '유료', '상품구매', 5),
(2100, '무료', '이벤트 참여', 1),
(-2200, '유료', '상품구매', 2),
(2300, '무료', '리뷰 작성', 3),
(-2400, '유료', '상품구매', 4),
(2500, '무료', '회원가입 보너스', 5),
(-2600, '유료', '상품구매', 1),
(2700, '무료', '추천인 포인트', 3),
(-2800, '유료', '상품구매', 2),
(2900, '무료', '생일 보너스', 4),
(-3000, '유료', '상품구매', 5),
(3100, '무료', '이벤트 참여', 1),
(-3200, '유료', '상품구매', 3),
(3300, '무료', '댓글 작성', 2),
(-3400, '유료', '상품구매', 4),
(3500, '무료', '포인트 적립', 5),
(-3600, '유료', '상품구매', 1),
(3700, '무료', '회원가입 보너스', 3),
(-3800, '유료', '상품구매', 2),
(3900, '무료', '리뷰 작성', 4),
(-4000, '유료', '상품구매', 5),
(4100, '무료', '이벤트 참여', 1),
(-4200, '유료', '상품구매', 3),
(4300, '무료', '추천인 포인트', 2),
(-4400, '유료', '상품구매', 4),
(4500, '무료', '생일 보너스', 5),
(-4600, '유료', '상품구매', 1);

-- 상품 카테고리 샘플
INSERT INTO pcategory (pcategory_no,pcategory_name)VALUES (1,'굿즈');
INSERT INTO pcategory (pcategory_no,pcategory_name)VALUES (2,'카드');
INSERT INTO pcategory (pcategory_no,pcategory_name)VALUES (3,'강화 아이템');

-- 상품 샘플
INSERT INTO product (product_name,price,product_image,product_description, pcategory_no)VALUES
('이브이 인형', 10000, 'doll_eevee.png','귀여운 이브이 인형', 1),
('피카츄 인형', 20000, 'doll_pikachu.png','언제나 귀여운 피카츄 인형', 1),
('포켓몬 카드게임 확장팩 「나이트원더러」',30000, 'card_deck_shrouded_fable.png','인기만점 나이트원더러', 2),
('꼬부기 카드', 2000, 'card_squirtle.png','희귀한 꼬부기 카드', 2),
('검은띠', 1000, 'reinforce_item_black_belt.png','강화 성공 확률 70%', 3),
('피카츄 인형', 15000, 'pikachu_plush.jpg', '귀여운 피카츄 인형', 1),
('이상해꽃 포스터', 8000, 'venusaur_poster.jpg', '이상해꽃 포스터', 1),
('리자몽 머그컵', 10000, 'charizard_mug.jpg', '리자몽 디자인 머그컵', 1),
('포켓몬 카드팩', 3000, 'pokemon_card_pack.jpg', '포켓몬 카드팩', 2),
('피카츄 카드', 2000, 'pikachu_card.jpg', '귀여운 피카츄 카드', 2),
('리자몽 카드', 2500, 'charizard_card.jpg', '리자몽 카드', 2),
('강화 물약', 5000, 'strength_potion.jpg', '포켓몬 강화 물약', 3),
('스피드 부스트', 7000, 'speed_boost.jpg', '포켓몬 스피드 부스트 아이템', 3),
('방어구 강화', 6000, 'defense_upgrade.jpg', '포켓몬 방어구 강화 아이템', 3),
('꼬부기 인형', 15000, 'squirtle_plush.jpg', '귀여운 꼬부기 인형', 1),
('뮤츠 카드', 2000, 'mewtwo_card.jpg', '전설의 뮤츠 카드', 2),
('고라파덕 인형', 15000, 'psyduck_plush.jpg', '고라파덕 인형', 1),
('포켓몬 스티커', 5000, 'pokemon_sticker.jpg', '포켓몬 스티커 세트', 1),
('이상해씨 카드', 2000, 'bulbasaur_card.jpg', '이상해씨 카드', 2),
('방어구 아이템', 6000, 'armor_item.jpg', '포켓몬 방어구 아이템', 3),
('리자몽 인형', 15000, 'charizard_plush.jpg', '리자몽 인형', 1),
('레쿠쟈 카드', 2500, 'rayquaza_card.jpg', '레쿠쟈 카드', 2),
('포켓몬 키링', 7000, 'pokemon_keyring.jpg', '포켓몬 키링', 1),
('파이리 카드', 2000, 'charmander_card.jpg', '파이리 카드', 2),
('강화 물약', 5000, 'strength_potion.jpg', '포켓몬 강화 물약', 3),
('미뇽 인형', 15000, 'dratini_plush.jpg', '미뇽 인형', 1),
('신뇽 카드', 2500, 'dragonite_card.jpg', '신뇽 카드', 2),
('물약 아이템', 4000, 'potion_item.jpg', '포켓몬 물약 아이템', 3),
('마그나카드 인형', 15000, 'magikarp_plush.jpg', '잉어킹 인형', 1),
('픽시 카드', 2000, 'jigglypuff_card.jpg', '픽시 카드', 2),
('강화 스톤', 6000, 'evolution_stone.jpg', '포켓몬 진화 스톤', 3),
('사이킥 카드', 2000, 'hypno_card.jpg', '사이킥 카드', 2),
('노곤한 인형', 15000, 'snorlax_plush.jpg', '노곤한 인형', 1),
('리자드 카드', 2500, 'charmeleon_card.jpg', '리자드 카드', 2),
('스피드 아이템', 5000, 'speed_item.jpg', '포켓몬 스피드 아이템', 3),
('거북왕 인형', 15000, 'blastoise_plush.jpg', '거북왕 인형', 1),
('타란튤라 카드', 2000, 'spinarak_card.jpg', '타란튤라 카드', 2),
('강화 부적', 6000, 'charm_item.jpg', '포켓몬 강화 부적', 3),
('다크라이 인형', 15000, 'darkrai_plush.jpg', '다크라이 인형', 1),
('에브이 카드', 2500, 'evee_card.jpg', '에브이 카드', 2),
('방어 스톤', 6000, 'defense_stone.jpg', '포켓몬 방어 스톤', 3),
('루기아 인형', 15000, 'lugia_plush.jpg', '루기아 인형', 1),
('한카리아스 카드', 2000, 'garchomp_card.jpg', '한카리아스 카드', 2),
('특훈 물약', 5000, 'training_potion.jpg', '포켓몬 특훈 물약', 3),
('갸라도스 인형', 15000, 'gyarados_plush.jpg', '갸라도스 인형', 1),
('리자몽 카드팩', 3000, 'charizard_card_pack.jpg', '리자몽 카드팩', 2),
('레벨업 아이템', 4000, 'level_up_item.jpg', '포켓몬 레벨업 아이템', 3),
('조로아크 인형', 15000, 'zoroark_plush.jpg', '조로아크 인형', 1),
('몽얏 카드', 2000, 'snivy_card.jpg', '몽얏 카드', 2),
('강화 방패', 6000, 'shield_item.jpg', '포켓몬 강화 방패', 3),
('신비한 포켓몬 인형', 15000, 'mew_plush.jpg', '신비한 포켓몬 인형', 1),
('피카츄 카드팩', 3000, 'pikachu_card_pack.jpg', '피카츄 카드팩', 2),
('힘의 물약', 5000, 'power_potion.jpg', '포켓몬 힘의 물약', 3),
('스라크 인형', 15000, 'slurpuff_plush.jpg', '스라크 인형', 1),
('에스퍼 카드', 2000, 'espurr_card.jpg', '에스퍼 카드', 2),
('방어 물약', 5000, 'defense_potion.jpg', '포켓몬 방어 물약', 3),
('베토베토 카드', 2000, 'burmy_card.jpg', '베토베토 카드', 2),
('가디 인형', 15000, 'growlithe_plush.jpg', '가디 인형', 1),
('포켓몬 배지', 7000, 'pokemon_badge.jpg', '포켓몬 배지', 1),
('자이로볼 카드', 2500, 'gyro_ball_card.jpg', '자이로볼 카드', 2),
('포켓몬 엽서', 3000, 'pokemon_postcard.jpg', '포켓몬 엽서', 1),
('로토무 카드', 2500, 'rotom_card.jpg', '로토무 카드', 2),
('신비한 구슬', 6000, 'mystic_orb.jpg', '신비한 구슬', 3),
('초능력 인형', 15000, 'psychic_plush.jpg', '초능력 인형', 1),
('포켓몬 카탈로그', 10000, 'pokemon_catalog.jpg', '포켓몬 카탈로그', 1),
('루리리 카드', 2000, 'spheal_card.jpg', '루리리 카드', 2),
('스킬 물약', 5000, 'skill_potion.jpg', '포켓몬 스킬 물약', 3),
('미우미우 인형', 15000, 'meowstic_plush.jpg', '미우미우 인형', 1),
('리자몽 피규어', 18000, 'charizard_figure.jpg', '멋진 리자몽 피규어', 1),
('부스터 카드', 2500, 'flareon_card.jpg', '부스터 카드', 2),
('푸린 인형', 15000, 'jigglypuff_plush.jpg', '귀여운 푸린 인형', 1),
('강화 포션', 5000, 'enhancement_potion.jpg', '포켓몬 강화 포션', 3),
('이상해꽃 피규어', 17000, 'venusaur_figure.jpg', '이상해꽃 피규어', 1),
('뮤츠 카드', 3000, 'mewtwo_card.jpg', '전설의 뮤츠 카드', 2),
('고라파덕 인형', 15000, 'psyduck_plush.jpg', '귀여운 고라파덕 인형', 1),
('드래피온 카드', 2500, 'drapion_card.jpg', '드래피온 카드', 2),
('강화 아이템', 6000, 'strength_item.jpg', '포켓몬 강화 아이템', 3),
('뽀뽀 카드', 2000, 'porygon_card.jpg', '뽀뽀 카드', 2),
('조로아크 피규어', 16000, 'zoroark_figure.jpg', '조로아크 피규어', 1),
('꼬부기 카드', 2000, 'squirtle_card.jpg', '꼬부기 카드', 2),
('리자드 후드티', 22000, 'charmeleon_hoodie.jpg', '리자드 디자인 후드티', 1),
('마임맨 카드', 2500, 'mr_mime_card.jpg', '마임맨 카드', 2),
('스톤 아이템', 5000, 'stone_item.jpg', '포켓몬 진화 스톤', 3),
('피카츄 카드', 2000, 'pikachu_card.jpg', '귀여운 피카츄 카드', 2),
('거북왕 인형', 18000, 'blastoise_plush.jpg', '거북왕 인형', 1),
('전룡 카드', 2500, 'raikou_card.jpg', '전룡 카드', 2),
('강화 주사위', 7000, 'enhancement_dice.jpg', '포켓몬 강화 주사위', 3),
('상디 피규어', 16000, 'sandslash_figure.jpg', '상디 피규어', 1),
('미뇽 카드', 2000, 'dratini_card.jpg', '미뇽 카드', 2),
('레벨업 포션', 6000, 'level_up_potion.jpg', '포켓몬 레벨업 포션', 3),
('마그마 인형', 15000, 'magmar_plush.jpg', '마그마 인형', 1),
('고오스 카드', 2000, 'gastly_card.jpg', '고오스 카드', 2),
('엉켜진 인형', 15000, 'snorlax_plush.jpg', '귀여운 엉켜진 인형', 1),
('파이리 카드', 2000, 'charmander_card.jpg', '파이리 카드', 2),
('강화 체력 물약', 5000, 'health_potion.jpg', '포켓몬 체력 강화 물약', 3),
('패러소드 인형', 15000, 'parasect_plush.jpg', '패러소드 인형', 1),
('레쿠쟈 카드', 2500, 'rayquaza_card.jpg', '레쿠쟈 카드', 2),
('신비한 물약', 6000, 'mystic_potion.jpg', '포켓몬 신비한 물약', 3),
('야도란 인형', 15000, 'slowpoke_plush.jpg', '귀여운 야도란 인형', 1),
('푸크린 카드', 2000, 'clefairy_card.jpg', '푸크린 카드', 2),
('강화 장비', 5000, 'gear_item.jpg', '포켓몬 강화 장비', 3),
('뮤 피규어', 16000, 'mew_plush.jpg', '신비로운 뮤 피규어', 1);

-- 재고 샘플
INSERT INTO inventory (inventory_indecrease, inventory_reason, product_no) VALUES
(50, '재고등록', 1),
(50, '재고등록', 2),
(-1, '상품구매', 1),
(-3, '상품구매', 2),
(30, '재고등록', 3),
(10, '재고등록', 1),
(20, '재고등록', 1),
(-5, '상품구매', 1),
(-2, '상품구매', 1),
(15, '재고등록', 2),
(25, '재고등록', 2),
(-4, '상품구매', 2),
(-1, '상품구매', 2),
(30, '재고등록', 3),
(10, '재고등록', 3),
(-2, '상품구매', 3),
(-5, '상품구매', 3),
(20, '재고등록', 4),
(10, '재고등록', 4),
(-3, '상품구매', 4),
(-2, '상품구매', 4),
(40, '재고등록', 5),
(15, '재고등록', 5),
(-8, '상품구매', 5),
(-5, '상품구매', 5),
(35, '재고등록', 6),
(5, '재고등록', 6),
(-6, '상품구매', 6),
(-2, '상품구매', 6),
(50, '재고등록', 7),
(30, '재고등록', 7),
(-1, '상품구매', 7),
(-4, '상품구매', 7),
(10, '재고등록', 8),
(15, '재고등록', 8),
(-3, '상품구매', 8),
(-7, '상품구매', 8),
(60, '재고등록', 9),
(25, '재고등록', 9),
(-2, '상품구매', 9),
(-1, '상품구매', 9),
(45, '재고등록', 10),
(20, '재고등록', 10),
(-4, '상품구매', 10),
(-3, '상품구매', 10),
(12, '재고등록', 11),
(15, '재고등록', 11),
(-5, '상품구매', 11),
(-1, '상품구매', 11),
(22, '재고등록', 12),
(18, '재고등록', 12),
(-3, '상품구매', 12),
(-4, '상품구매', 12),
(14, '재고등록', 13),
(8, '재고등록', 13),
(-2, '상품구매', 13),
(-5, '상품구매', 13),
(19, '재고등록', 14),
(13, '재고등록', 14),
(-1, '상품구매', 14),
(-3, '상품구매', 14),
(27, '재고등록', 15),
(22, '재고등록', 15),
(-6, '상품구매', 15),
(-2, '상품구매', 15),
(33, '재고등록', 16),
(11, '재고등록', 16),
(-4, '상품구매', 16),
(-3, '상품구매', 16),
(28, '재고등록', 17),
(19, '재고등록', 17),
(-2, '상품구매', 17),
(-5, '상품구매', 17),
(16, '재고등록', 18),
(12, '재고등록', 18),
(-7, '상품구매', 18),
(-3, '상품구매', 18),
(21, '재고등록', 19),
(15, '재고등록', 19),
(-4, '상품구매', 19),
(-6, '상품구매', 19),
(29, '재고등록', 20),
(23, '재고등록', 20),
(-2, '상품구매', 20),
(-3, '상품구매', 20);

-- 주문 샘플
insert into orders (order_no, order_date,uno) values
(1,'2024-07-15',1),
(2,'2024-08-23',1),
(3,'2024-08-30',2),
(4,'2024-09-02',3),
(5,'2024-10-10',4),
(6, '2024-10-12', 1),
(7, '2024-10-13', 2),
(8, '2024-10-14', 1),
(9, '2024-10-15', 3),
(10, '2024-10-16', 4),
(11, '2024-10-17', 2),
(12, '2024-10-18', 1),
(13, '2024-10-19', 3),
(14, '2024-10-20', 4),
(15, '2024-10-21', 1),
(16, '2024-10-22', 2),
(17, '2024-10-23', 3),
(18, '2024-10-24', 4),
(19, '2024-10-25', 1),
(20, '2024-10-26', 2),
(21, '2024-10-27', 3),
(22, '2024-10-28', 4),
(23, '2024-10-29', 1),
(24, '2024-10-30', 2),
(25, '2024-10-31', 3),
(26, '2024-11-01', 4),
(27, '2024-11-02', 1),
(28, '2024-11-03', 2),
(29, '2024-11-04', 3),
(30, '2024-11-05', 4),
(31, '2024-11-06', 1),
(32, '2024-11-07', 2),
(33, '2024-11-08', 3),
(34, '2024-11-09', 4),
(35, '2024-11-10', 1),
(36, '2024-11-11', 2),
(37, '2024-11-12', 3),
(38, '2024-11-13', 4),
(39, '2024-11-14', 1),
(40, '2024-11-15', 2),
(41, '2024-11-16', 3),
(42, '2024-11-17', 4),
(43, '2024-11-18', 1),
(44, '2024-11-19', 2),
(45, '2024-11-20', 3),
(46, '2024-11-21', 4),
(47, '2024-11-22', 1),
(48, '2024-11-23', 2),
(49, '2024-11-24', 3),
(50, '2024-11-25', 4),
(51, '2024-11-26', 1),
(52, '2024-11-27', 2),
(53, '2024-11-28', 3),
(54, '2024-11-29', 4),
(55, '2024-11-30', 1),
(56, '2024-12-01', 2),
(57, '2024-12-02', 3),
(58, '2024-12-03', 4),
(59, '2024-12-04', 1),
(60, '2024-12-05', 2),
(61, '2024-12-06', 3),
(62, '2024-12-07', 4),
(63, '2024-12-08', 1),
(64, '2024-12-09', 2),
(65, '2024-12-10', 3),
(66, '2024-12-11', 4),
(67, '2024-12-12', 1),
(68, '2024-12-13', 2),
(69, '2024-12-14', 3),
(70, '2024-12-15', 4),
(71, '2024-12-16', 1),
(72, '2024-12-17', 2),
(73, '2024-12-18', 3),
(74, '2024-12-19', 4),
(75, '2024-12-20', 1),
(76, '2024-12-21', 2),
(77, '2024-12-22', 3),
(78, '2024-12-23', 4),
(79, '2024-12-24', 1),
(80, '2024-12-25', 2),
(81, '2024-12-26', 3),
(82, '2024-12-27', 4),
(83, '2024-12-28', 1),
(84, '2024-12-29', 2),
(85, '2024-12-30', 3),
(86, '2024-12-31', 4),
(87, '2025-01-01', 1),
(88, '2025-01-02', 2),
(89, '2025-01-03', 3),
(90, '2025-01-04', 4),
(91, '2025-01-05', 1),
(92, '2025-01-06', 2),
(93, '2025-01-07', 3),
(94, '2025-01-08', 4),
(95, '2025-01-09', 1),
(96, '2025-01-10', 2),
(97, '2025-01-11', 3),
(98, '2025-01-12', 4),
(99, '2025-01-13', 1),
(100, '2025-01-14', 2);

-- 주문 상세 샘플
insert into odetails (order_status,product_no,order_no) values
(0,1,1),
(0,2,1),
(0,3,2),
(0,5,3),
(1,4,3),
(0, 1, 1),
(0, 2, 1),
(0, 3, 2),
(0, 4, 2),
(1, 5, 3),
(0, 1, 4),
(1, 2, 4),
(0, 3, 5),
(1, 4, 5),
(0, 5, 6),
(1, 1, 6),
(0, 2, 7),
(0, 3, 8),
(1, 4, 8),
(0, 5, 9),
(1, 1, 9),
(0, 2, 10),
(1, 3, 10),
(0, 4, 11),
(1, 5, 11),
(0, 1, 12),
(1, 2, 12),
(0, 3, 13),
(1, 4, 13),
(0, 5, 14),
(1, 1, 14),
(0, 2, 15),
(1, 3, 15),
(0, 4, 16),
(1, 5, 16),
(0, 1, 17),
(1, 2, 17),
(0, 3, 18),
(1, 4, 18),
(0, 5, 19),
(1, 1, 19),
(0, 2, 20),
(1, 3, 20),
(0, 4, 21),
(1, 5, 21),
(0, 1, 22),
(1, 2, 22),
(0, 3, 23),
(1, 4, 23),
(0, 5, 24),
(1, 1, 24),
(0, 2, 25),
(1, 3, 25),
(0, 4, 26),
(1, 5, 26),
(0, 1, 27),
(1, 2, 27),
(0, 3, 28),
(1, 4, 28),
(0, 5, 29),
(1, 1, 29),
(0, 2, 30),
(1, 3, 30),
(0, 4, 31),
(1, 5, 31),
(0, 1, 32),
(1, 2, 32),
(0, 3, 33),
(1, 4, 33),
(0, 5, 34),
(1, 1, 34),
(0, 2, 35),
(1, 3, 35),
(0, 4, 36),
(1, 5, 36),
(0, 1, 37),
(1, 2, 37),
(0, 3, 38),
(1, 4, 38),
(0, 5, 39),
(1, 1, 39),
(0, 2, 40),
(1, 3, 40),
(0, 4, 41),
(1, 5, 41),
(0, 1, 42),
(1, 2, 42),
(0, 3, 43),
(1, 4, 43),
(0, 5, 44),
(1, 1, 44),
(0, 2, 45),
(1, 3, 45),
(0, 4, 46),
(1, 5, 46),
(0, 1, 47),
(1, 2, 47),
(0, 3, 48),
(1, 4, 48),
(0, 5, 49),
(1, 1, 49),
(0, 2, 50);

-- 배송 샘플
insert into delivery (delivery_status,delivery_date,order_no) values
('배송완료','2024-07-17',1),
('배송준비중','2024-08-25',2),
('배송준비중','2024-09-01',3),
('배송완료','2024-09-04',4),
('배송완료','2024-10-12',5);
insert into delivery (delivery_status, delivery_date, order_no) values ('배송완료', '2024-07-01', 95);
insert into delivery (delivery_status, delivery_date, order_no) values ('배송준비중', '2023-08-17', 66);
insert into delivery (delivery_status, delivery_date, order_no) values ('배송완료', '2023-11-16', 55);
insert into delivery (delivery_status, delivery_date, order_no) values ('배송준비중', '2023-08-14', 74);
insert into delivery (delivery_status, delivery_date, order_no) values ('배송준비중', '2024-04-09', 80);
insert into delivery (delivery_status, delivery_date, order_no) values ('배송준비중', '2023-09-26', 65);
insert into delivery (delivery_status, delivery_date, order_no) values ('배송완료', '2024-03-14', 64);
insert into delivery (delivery_status, delivery_date, order_no) values ('배송완료', '2023-08-05', 25);
insert into delivery (delivery_status, delivery_date, order_no) values ('배송준비중', '2023-08-02', 80);
insert into delivery (delivery_status, delivery_date, order_no) values ('배송완료', '2023-07-07', 12);
insert into delivery (delivery_status, delivery_date, order_no) values ('배송완료', '2023-10-21', 53);
insert into delivery (delivery_status, delivery_date, order_no) values ('배송완료', '2023-12-04', 21);
insert into delivery (delivery_status, delivery_date, order_no) values ('배송준비중', '2024-07-26', 59);
insert into delivery (delivery_status, delivery_date, order_no) values ('배송완료', '2023-09-17', 62);
insert into delivery (delivery_status, delivery_date, order_no) values ('배송준비중', '2024-01-13', 24);
insert into delivery (delivery_status, delivery_date, order_no) values ('배송완료', '2024-09-30', 85);
insert into delivery (delivery_status, delivery_date, order_no) values ('배송완료', '2024-04-14', 87);
insert into delivery (delivery_status, delivery_date, order_no) values ('배송준비중', '2023-07-01', 99);
insert into delivery (delivery_status, delivery_date, order_no) values ('배송준비중', '2024-05-02', 61);
insert into delivery (delivery_status, delivery_date, order_no) values ('배송완료', '2023-08-05', 85);
insert into delivery (delivery_status, delivery_date, order_no) values ('배송준비중', '2023-09-26', 17);
insert into delivery (delivery_status, delivery_date, order_no) values ('배송준비중', '2024-07-08', 47);
insert into delivery (delivery_status, delivery_date, order_no) values ('배송완료', '2024-01-14', 27);
insert into delivery (delivery_status, delivery_date, order_no) values ('배송완료', '2023-09-02', 56);
insert into delivery (delivery_status, delivery_date, order_no) values ('배송준비중', '2024-07-14', 92);
insert into delivery (delivery_status, delivery_date, order_no) values ('배송준비중', '2024-04-21', 3);
insert into delivery (delivery_status, delivery_date, order_no) values ('배송준비중', '2024-10-02', 30);
insert into delivery (delivery_status, delivery_date, order_no) values ('배송준비중', '2023-08-19', 28);
insert into delivery (delivery_status, delivery_date, order_no) values ('배송준비중', '2024-06-27', 59);
insert into delivery (delivery_status, delivery_date, order_no) values ('배송완료', '2023-08-30', 4);
insert into delivery (delivery_status, delivery_date, order_no) values ('배송준비중', '2024-02-05', 13);
insert into delivery (delivery_status, delivery_date, order_no) values ('배송완료', '2023-07-27', 43);
insert into delivery (delivery_status, delivery_date, order_no) values ('배송완료', '2024-02-01', 57);
insert into delivery (delivery_status, delivery_date, order_no) values ('배송준비중', '2023-12-06', 95);
insert into delivery (delivery_status, delivery_date, order_no) values ('배송완료', '2024-05-02', 42);
insert into delivery (delivery_status, delivery_date, order_no) values ('배송완료', '2024-04-12', 5);
insert into delivery (delivery_status, delivery_date, order_no) values ('배송준비중', '2024-01-21', 22);
insert into delivery (delivery_status, delivery_date, order_no) values ('배송완료', '2024-05-01', 60);
insert into delivery (delivery_status, delivery_date, order_no) values ('배송준비중', '2023-12-14', 50);
insert into delivery (delivery_status, delivery_date, order_no) values ('배송준비중', '2023-07-28', 31);
insert into delivery (delivery_status, delivery_date, order_no) values ('배송준비중', '2023-10-28', 46);
insert into delivery (delivery_status, delivery_date, order_no) values ('배송준비중', '2024-01-13', 21);
insert into delivery (delivery_status, delivery_date, order_no) values ('배송완료', '2023-08-13', 79);
insert into delivery (delivery_status, delivery_date, order_no) values ('배송완료', '2024-09-09', 76);
insert into delivery (delivery_status, delivery_date, order_no) values ('배송준비중', '2024-05-06', 72);
insert into delivery (delivery_status, delivery_date, order_no) values ('배송준비중', '2024-07-26', 75);
insert into delivery (delivery_status, delivery_date, order_no) values ('배송준비중', '2024-04-18', 95);
insert into delivery (delivery_status, delivery_date, order_no) values ('배송완료', '2024-08-24', 87);
insert into delivery (delivery_status, delivery_date, order_no) values ('배송준비중', '2024-03-17', 61);
insert into delivery (delivery_status, delivery_date, order_no) values ('배송준비중', '2023-08-24', 5);
insert into delivery (delivery_status, delivery_date, order_no) values ('배송완료', '2024-01-25', 47);
insert into delivery (delivery_status, delivery_date, order_no) values ('배송완료', '2024-08-11', 23);
insert into delivery (delivery_status, delivery_date, order_no) values ('배송완료', '2024-07-03', 91);
insert into delivery (delivery_status, delivery_date, order_no) values ('배송준비중', '2024-03-19', 47);
insert into delivery (delivery_status, delivery_date, order_no) values ('배송완료', '2023-07-25', 78);
insert into delivery (delivery_status, delivery_date, order_no) values ('배송준비중', '2024-08-31', 64);
insert into delivery (delivery_status, delivery_date, order_no) values ('배송준비중', '2023-12-27', 11);
insert into delivery (delivery_status, delivery_date, order_no) values ('배송완료', '2024-08-01', 46);
insert into delivery (delivery_status, delivery_date, order_no) values ('배송준비중', '2024-06-25', 52);
insert into delivery (delivery_status, delivery_date, order_no) values ('배송준비중', '2024-10-11', 57);
insert into delivery (delivery_status, delivery_date, order_no) values ('배송준비중', '2024-08-09', 35);
insert into delivery (delivery_status, delivery_date, order_no) values ('배송완료', '2024-01-03', 78);
insert into delivery (delivery_status, delivery_date, order_no) values ('배송완료', '2024-05-07', 73);
insert into delivery (delivery_status, delivery_date, order_no) values ('배송준비중', '2024-06-14', 27);
insert into delivery (delivery_status, delivery_date, order_no) values ('배송준비중', '2024-07-19', 31);
insert into delivery (delivery_status, delivery_date, order_no) values ('배송준비중', '2024-08-10', 6);
insert into delivery (delivery_status, delivery_date, order_no) values ('배송완료', '2024-06-20', 48);
insert into delivery (delivery_status, delivery_date, order_no) values ('배송완료', '2024-07-27', 7);
insert into delivery (delivery_status, delivery_date, order_no) values ('배송준비중', '2024-07-09', 39);
insert into delivery (delivery_status, delivery_date, order_no) values ('배송준비중', '2024-06-30', 43);
insert into delivery (delivery_status, delivery_date, order_no) values ('배송완료', '2023-09-25', 80);
insert into delivery (delivery_status, delivery_date, order_no) values ('배송완료', '2024-07-19', 5);
insert into delivery (delivery_status, delivery_date, order_no) values ('배송준비중', '2023-08-29', 7);
insert into delivery (delivery_status, delivery_date, order_no) values ('배송준비중', '2024-07-17', 95);
insert into delivery (delivery_status, delivery_date, order_no) values ('배송준비중', '2024-05-26', 13);
insert into delivery (delivery_status, delivery_date, order_no) values ('배송완료', '2024-03-19', 47);
insert into delivery (delivery_status, delivery_date, order_no) values ('배송완료', '2024-03-14', 39);
insert into delivery (delivery_status, delivery_date, order_no) values ('배송준비중', '2024-02-14', 43);
insert into delivery (delivery_status, delivery_date, order_no) values ('배송준비중', '2024-04-20', 61);
insert into delivery (delivery_status, delivery_date, order_no) values ('배송준비중', '2023-09-11', 89);
insert into delivery (delivery_status, delivery_date, order_no) values ('배송준비중', '2024-02-28', 60);
insert into delivery (delivery_status, delivery_date, order_no) values ('배송완료', '2023-10-07', 50);
insert into delivery (delivery_status, delivery_date, order_no) values ('배송완료', '2024-07-15', 7);
insert into delivery (delivery_status, delivery_date, order_no) values ('배송준비중', '2023-08-09', 32);
insert into delivery (delivery_status, delivery_date, order_no) values ('배송완료', '2024-08-16', 31);
insert into delivery (delivery_status, delivery_date, order_no) values ('배송완료', '2024-02-28', 37);
insert into delivery (delivery_status, delivery_date, order_no) values ('배송준비중', '2024-07-13', 16);
insert into delivery (delivery_status, delivery_date, order_no) values ('배송완료', '2023-10-23', 83);
insert into delivery (delivery_status, delivery_date, order_no) values ('배송준비중', '2024-01-05', 25);
insert into delivery (delivery_status, delivery_date, order_no) values ('배송완료', '2024-06-13', 23);
insert into delivery (delivery_status, delivery_date, order_no) values ('배송완료', '2024-08-30', 55);
insert into delivery (delivery_status, delivery_date, order_no) values ('배송완료', '2024-02-04', 16);
insert into delivery (delivery_status, delivery_date, order_no) values ('배송준비중', '2023-09-14', 69);
insert into delivery (delivery_status, delivery_date, order_no) values ('배송완료', '2024-04-29', 4);
insert into delivery (delivery_status, delivery_date, order_no) values ('배송완료', '2024-06-22', 57);
insert into delivery (delivery_status, delivery_date, order_no) values ('배송준비중', '2024-04-25', 51);
insert into delivery (delivery_status, delivery_date, order_no) values ('배송준비중', '2023-12-25', 92);
insert into delivery (delivery_status, delivery_date, order_no) values ('배송완료', '2024-02-15', 33);
insert into delivery (delivery_status, delivery_date, order_no) values ('배송준비중', '2023-07-13', 28);
insert into delivery (delivery_status, delivery_date, order_no) values ('배송완료', '2024-06-18', 92);
insert into delivery (delivery_status, delivery_date, order_no) values ('배송준비중', '2024-02-24', 62);
insert into delivery (delivery_status, delivery_date, order_no) values ('배송준비중', '2024-01-29', 26);
insert into delivery (delivery_status, delivery_date, order_no) values ('배송완료', '2024-03-25', 72);
insert into delivery (delivery_status, delivery_date, order_no) values ('배송완료', '2024-07-16', 48);
insert into delivery (delivery_status, delivery_date, order_no) values ('배송준비중', '2023-11-15', 68);
insert into delivery (delivery_status, delivery_date, order_no) values ('배송완료', '2023-10-24', 6);
insert into delivery (delivery_status, delivery_date, order_no) values ('배송준비중', '2023-09-02', 15);
insert into delivery (delivery_status, delivery_date, order_no) values ('배송준비중', '2024-05-14', 82);
insert into delivery (delivery_status, delivery_date, order_no) values ('배송준비중', '2024-05-26', 80);
insert into delivery (delivery_status, delivery_date, order_no) values ('배송완료', '2023-08-05', 96);
insert into delivery (delivery_status, delivery_date, order_no) values ('배송준비중', '2023-09-30', 32);
insert into delivery (delivery_status, delivery_date, order_no) values ('배송완료', '2023-11-18', 34);
insert into delivery (delivery_status, delivery_date, order_no) values ('배송완료', '2023-10-05', 7);
insert into delivery (delivery_status, delivery_date, order_no) values ('배송준비중', '2023-08-09', 51);
insert into delivery (delivery_status, delivery_date, order_no) values ('배송완료', '2024-04-09', 24);
insert into delivery (delivery_status, delivery_date, order_no) values ('배송완료', '2023-07-05', 34);
insert into delivery (delivery_status, delivery_date, order_no) values ('배송준비중', '2024-03-21', 70);
insert into delivery (delivery_status, delivery_date, order_no) values ('배송완료', '2024-04-30', 64);
insert into delivery (delivery_status, delivery_date, order_no) values ('배송준비중', '2023-10-02', 33);
insert into delivery (delivery_status, delivery_date, order_no) values ('배송준비중', '2024-10-05', 31);
insert into delivery (delivery_status, delivery_date, order_no) values ('배송완료', '2024-05-08', 15);
insert into delivery (delivery_status, delivery_date, order_no) values ('배송완료', '2024-01-23', 67);
insert into delivery (delivery_status, delivery_date, order_no) values ('배송준비중', '2024-01-28', 45);
insert into delivery (delivery_status, delivery_date, order_no) values ('배송완료', '2024-03-19', 62);
insert into delivery (delivery_status, delivery_date, order_no) values ('배송준비중', '2023-10-14', 57);
insert into delivery (delivery_status, delivery_date, order_no) values ('배송완료', '2023-07-24', 83);
insert into delivery (delivery_status, delivery_date, order_no) values ('배송준비중', '2024-07-22', 87);
insert into delivery (delivery_status, delivery_date, order_no) values ('배송준비중', '2023-08-14', 10);
insert into delivery (delivery_status, delivery_date, order_no) values ('배송준비중', '2024-05-07', 49);
insert into delivery (delivery_status, delivery_date, order_no) values ('배송완료', '2023-11-06', 50);
insert into delivery (delivery_status, delivery_date, order_no) values ('배송준비중', '2023-11-04', 16);
insert into delivery (delivery_status, delivery_date, order_no) values ('배송준비중', '2024-05-01', 78);
insert into delivery (delivery_status, delivery_date, order_no) values ('배송준비중', '2024-07-21', 69);
insert into delivery (delivery_status, delivery_date, order_no) values ('배송준비중', '2023-09-01', 30);
insert into delivery (delivery_status, delivery_date, order_no) values ('배송완료', '2024-08-02', 99);
insert into delivery (delivery_status, delivery_date, order_no) values ('배송준비중', '2023-07-09', 62);
insert into delivery (delivery_status, delivery_date, order_no) values ('배송준비중', '2023-11-15', 66);
insert into delivery (delivery_status, delivery_date, order_no) values ('배송준비중', '2024-01-31', 49);
insert into delivery (delivery_status, delivery_date, order_no) values ('배송완료', '2024-06-17', 18);
insert into delivery (delivery_status, delivery_date, order_no) values ('배송준비중', '2024-06-25', 23);
insert into delivery (delivery_status, delivery_date, order_no) values ('배송완료', '2024-07-25', 100);
insert into delivery (delivery_status, delivery_date, order_no) values ('배송완료', '2023-11-26', 81);
insert into delivery (delivery_status, delivery_date, order_no) values ('배송준비중', '2023-09-04', 1);
insert into delivery (delivery_status, delivery_date, order_no) values ('배송완료', '2023-11-23', 94);
insert into delivery (delivery_status, delivery_date, order_no) values ('배송준비중', '2023-09-14', 88);
insert into delivery (delivery_status, delivery_date, order_no) values ('배송완료', '2024-09-02', 79);
insert into delivery (delivery_status, delivery_date, order_no) values ('배송완료', '2024-08-26', 3);
insert into delivery (delivery_status, delivery_date, order_no) values ('배송준비중', '2024-06-21', 60);
insert into delivery (delivery_status, delivery_date, order_no) values ('배송완료', '2023-07-13', 10);
insert into delivery (delivery_status, delivery_date, order_no) values ('배송완료', '2024-09-25', 37);
insert into delivery (delivery_status, delivery_date, order_no) values ('배송완료', '2024-08-10', 46);
insert into delivery (delivery_status, delivery_date, order_no) values ('배송완료', '2024-08-16', 80);
insert into delivery (delivery_status, delivery_date, order_no) values ('배송준비중', '2023-07-16', 60);
insert into delivery (delivery_status, delivery_date, order_no) values ('배송준비중', '2023-08-19', 49);
insert into delivery (delivery_status, delivery_date, order_no) values ('배송준비중', '2024-04-21', 56);
insert into delivery (delivery_status, delivery_date, order_no) values ('배송완료', '2023-11-26', 59);
insert into delivery (delivery_status, delivery_date, order_no) values ('배송완료', '2024-10-13', 32);
insert into delivery (delivery_status, delivery_date, order_no) values ('배송완료', '2023-08-14', 90);
insert into delivery (delivery_status, delivery_date, order_no) values ('배송준비중', '2023-08-18', 30);
insert into delivery (delivery_status, delivery_date, order_no) values ('배송준비중', '2024-04-30', 50);
insert into delivery (delivery_status, delivery_date, order_no) values ('배송준비중', '2024-01-22', 54);
insert into delivery (delivery_status, delivery_date, order_no) values ('배송완료', '2024-07-19', 6);
insert into delivery (delivery_status, delivery_date, order_no) values ('배송준비중', '2023-11-13', 51);
insert into delivery (delivery_status, delivery_date, order_no) values ('배송준비중', '2023-10-13', 36);
insert into delivery (delivery_status, delivery_date, order_no) values ('배송준비중', '2024-09-29', 68);
insert into delivery (delivery_status, delivery_date, order_no) values ('배송완료', '2024-07-20', 30);
insert into delivery (delivery_status, delivery_date, order_no) values ('배송완료', '2024-08-17', 77);
insert into delivery (delivery_status, delivery_date, order_no) values ('배송준비중', '2024-01-06', 97);
insert into delivery (delivery_status, delivery_date, order_no) values ('배송준비중', '2024-08-23', 15);
insert into delivery (delivery_status, delivery_date, order_no) values ('배송준비중', '2024-09-07', 24);
insert into delivery (delivery_status, delivery_date, order_no) values ('배송완료', '2024-05-02', 100);
insert into delivery (delivery_status, delivery_date, order_no) values ('배송완료', '2024-04-06', 32);
insert into delivery (delivery_status, delivery_date, order_no) values ('배송준비중', '2024-05-19', 36);
insert into delivery (delivery_status, delivery_date, order_no) values ('배송준비중', '2024-02-03', 56);
insert into delivery (delivery_status, delivery_date, order_no) values ('배송완료', '2024-09-27', 9);
insert into delivery (delivery_status, delivery_date, order_no) values ('배송준비중', '2024-02-21', 78);
insert into delivery (delivery_status, delivery_date, order_no) values ('배송준비중', '2023-08-07', 78);
insert into delivery (delivery_status, delivery_date, order_no) values ('배송준비중', '2023-11-01', 36);
insert into delivery (delivery_status, delivery_date, order_no) values ('배송완료', '2024-05-08', 55);
insert into delivery (delivery_status, delivery_date, order_no) values ('배송준비중', '2024-05-18', 25);
insert into delivery (delivery_status, delivery_date, order_no) values ('배송준비중', '2023-08-08', 47);
insert into delivery (delivery_status, delivery_date, order_no) values ('배송준비중', '2023-11-30', 15);
insert into delivery (delivery_status, delivery_date, order_no) values ('배송준비중', '2023-09-25', 2);
insert into delivery (delivery_status, delivery_date, order_no) values ('배송완료', '2024-02-14', 75);
insert into delivery (delivery_status, delivery_date, order_no) values ('배송준비중', '2024-07-13', 56);
insert into delivery (delivery_status, delivery_date, order_no) values ('배송완료', '2024-07-21', 60);
insert into delivery (delivery_status, delivery_date, order_no) values ('배송완료', '2024-06-27', 83);
insert into delivery (delivery_status, delivery_date, order_no) values ('배송완료', '2024-05-01', 31);
insert into delivery (delivery_status, delivery_date, order_no) values ('배송완료', '2024-04-07', 7);
insert into delivery (delivery_status, delivery_date, order_no) values ('배송준비중', '2024-08-30', 32);
insert into delivery (delivery_status, delivery_date, order_no) values ('배송완료', '2023-12-18', 56);
insert into delivery (delivery_status, delivery_date, order_no) values ('배송준비중', '2023-10-24', 20);
insert into delivery (delivery_status, delivery_date, order_no) values ('배송준비중', '2024-04-14', 62);
insert into delivery (delivery_status, delivery_date, order_no) values ('배송완료', '2024-03-01', 72);
insert into delivery (delivery_status, delivery_date, order_no) values ('배송완료', '2023-12-19', 29);
insert into delivery (delivery_status, delivery_date, order_no) values ('배송완료', '2024-09-08', 50);
insert into delivery (delivery_status, delivery_date, order_no) values ('배송준비중', '2024-01-09', 56);
insert into delivery (delivery_status, delivery_date, order_no) values ('배송완료', '2023-10-22', 95);
insert into delivery (delivery_status, delivery_date, order_no) values ('배송완료', '2024-05-25', 86);
insert into delivery (delivery_status, delivery_date, order_no) values ('배송완료', '2024-09-10', 7);
insert into delivery (delivery_status, delivery_date, order_no) values ('배송준비중', '2023-12-06', 87);
insert into delivery (delivery_status, delivery_date, order_no) values ('배송완료', '2024-09-24', 33);
insert into delivery (delivery_status, delivery_date, order_no) values ('배송준비중', '2023-11-10', 10);
insert into delivery (delivery_status, delivery_date, order_no) values ('배송준비중', '2024-01-12', 89);
insert into delivery (delivery_status, delivery_date, order_no) values ('배송준비중', '2024-06-30', 83);
insert into delivery (delivery_status, delivery_date, order_no) values ('배송준비중', '2024-09-13', 55);
insert into delivery (delivery_status, delivery_date, order_no) values ('배송완료', '2024-02-09', 46);
insert into delivery (delivery_status, delivery_date, order_no) values ('배송준비중', '2024-02-03', 66);
insert into delivery (delivery_status, delivery_date, order_no) values ('배송준비중', '2024-08-20', 46);
insert into delivery (delivery_status, delivery_date, order_no) values ('배송준비중', '2024-08-19', 95);
insert into delivery (delivery_status, delivery_date, order_no) values ('배송완료', '2024-08-18', 70);
insert into delivery (delivery_status, delivery_date, order_no) values ('배송완료', '2024-06-14', 63);
insert into delivery (delivery_status, delivery_date, order_no) values ('배송준비중', '2024-09-12', 36);
insert into delivery (delivery_status, delivery_date, order_no) values ('배송준비중', '2023-11-10', 92);
insert into delivery (delivery_status, delivery_date, order_no) values ('배송완료', '2024-08-26', 83);
insert into delivery (delivery_status, delivery_date, order_no) values ('배송완료', '2024-04-09', 29);
insert into delivery (delivery_status, delivery_date, order_no) values ('배송준비중', '2024-05-13', 14);
insert into delivery (delivery_status, delivery_date, order_no) values ('배송준비중', '2024-05-16', 100);
insert into delivery (delivery_status, delivery_date, order_no) values ('배송준비중', '2024-10-01', 84);
insert into delivery (delivery_status, delivery_date, order_no) values ('배송완료', '2023-09-22', 15);
insert into delivery (delivery_status, delivery_date, order_no) values ('배송완료', '2024-06-01', 70);
insert into delivery (delivery_status, delivery_date, order_no) values ('배송완료', '2023-08-02', 8);
insert into delivery (delivery_status, delivery_date, order_no) values ('배송준비중', '2023-12-14', 15);
insert into delivery (delivery_status, delivery_date, order_no) values ('배송준비중', '2024-10-08', 62);
insert into delivery (delivery_status, delivery_date, order_no) values ('배송완료', '2023-10-02', 63);
insert into delivery (delivery_status, delivery_date, order_no) values ('배송완료', '2024-05-18', 24);
insert into delivery (delivery_status, delivery_date, order_no) values ('배송완료', '2024-01-27', 46);
insert into delivery (delivery_status, delivery_date, order_no) values ('배송완료', '2023-08-01', 68);
insert into delivery (delivery_status, delivery_date, order_no) values ('배송준비중', '2024-01-27', 53);
insert into delivery (delivery_status, delivery_date, order_no) values ('배송완료', '2024-09-21', 68);
insert into delivery (delivery_status, delivery_date, order_no) values ('배송준비중', '2023-11-29', 16);
insert into delivery (delivery_status, delivery_date, order_no) values ('배송준비중', '2024-06-26', 38);
insert into delivery (delivery_status, delivery_date, order_no) values ('배송완료', '2024-03-25', 70);
insert into delivery (delivery_status, delivery_date, order_no) values ('배송준비중', '2024-02-20', 20);
insert into delivery (delivery_status, delivery_date, order_no) values ('배송준비중', '2024-09-19', 71);
insert into delivery (delivery_status, delivery_date, order_no) values ('배송준비중', '2024-07-24', 16);
insert into delivery (delivery_status, delivery_date, order_no) values ('배송완료', '2024-04-21', 82);
insert into delivery (delivery_status, delivery_date, order_no) values ('배송완료', '2024-08-16', 89);
insert into delivery (delivery_status, delivery_date, order_no) values ('배송준비중', '2023-08-13', 70);
insert into delivery (delivery_status, delivery_date, order_no) values ('배송완료', '2024-01-08', 43);
insert into delivery (delivery_status, delivery_date, order_no) values ('배송완료', '2024-07-12', 70);
insert into delivery (delivery_status, delivery_date, order_no) values ('배송준비중', '2024-03-07', 50);
insert into delivery (delivery_status, delivery_date, order_no) values ('배송준비중', '2024-04-23', 54);
insert into delivery (delivery_status, delivery_date, order_no) values ('배송준비중', '2024-01-08', 81);
insert into delivery (delivery_status, delivery_date, order_no) values ('배송준비중', '2024-03-11', 97);
insert into delivery (delivery_status, delivery_date, order_no) values ('배송준비중', '2024-08-23', 64);
insert into delivery (delivery_status, delivery_date, order_no) values ('배송준비중', '2023-09-09', 67);
insert into delivery (delivery_status, delivery_date, order_no) values ('배송완료', '2023-12-03', 100);
insert into delivery (delivery_status, delivery_date, order_no) values ('배송완료', '2023-08-28', 50);
insert into delivery (delivery_status, delivery_date, order_no) values ('배송준비중', '2024-02-07', 20);
insert into delivery (delivery_status, delivery_date, order_no) values ('배송준비중', '2023-11-02', 13);
insert into delivery (delivery_status, delivery_date, order_no) values ('배송준비중', '2023-11-22', 58);
insert into delivery (delivery_status, delivery_date, order_no) values ('배송완료', '2024-02-19', 2);
insert into delivery (delivery_status, delivery_date, order_no) values ('배송준비중', '2024-08-18', 58);
insert into delivery (delivery_status, delivery_date, order_no) values ('배송준비중', '2023-10-22', 46);
insert into delivery (delivery_status, delivery_date, order_no) values ('배송준비중', '2024-03-16', 100);
insert into delivery (delivery_status, delivery_date, order_no) values ('배송완료', '2024-01-17', 10);
insert into delivery (delivery_status, delivery_date, order_no) values ('배송완료', '2024-09-03', 23);
insert into delivery (delivery_status, delivery_date, order_no) values ('배송완료', '2024-02-08', 89);
insert into delivery (delivery_status, delivery_date, order_no) values ('배송완료', '2024-09-11', 93);
insert into delivery (delivery_status, delivery_date, order_no) values ('배송완료', '2024-07-04', 63);
insert into delivery (delivery_status, delivery_date, order_no) values ('배송준비중', '2023-10-30', 4);
insert into delivery (delivery_status, delivery_date, order_no) values ('배송완료', '2024-06-25', 61);
insert into delivery (delivery_status, delivery_date, order_no) values ('배송준비중', '2023-11-07', 46);
insert into delivery (delivery_status, delivery_date, order_no) values ('배송완료', '2024-01-15', 92);
insert into delivery (delivery_status, delivery_date, order_no) values ('배송완료', '2024-06-04', 30);
insert into delivery (delivery_status, delivery_date, order_no) values ('배송완료', '2024-10-10', 29);
insert into delivery (delivery_status, delivery_date, order_no) values ('배송준비중', '2024-03-22', 97);
insert into delivery (delivery_status, delivery_date, order_no) values ('배송준비중', '2024-05-09', 71);
insert into delivery (delivery_status, delivery_date, order_no) values ('배송완료', '2023-08-15', 92);
insert into delivery (delivery_status, delivery_date, order_no) values ('배송준비중', '2023-11-09', 29);
insert into delivery (delivery_status, delivery_date, order_no) values ('배송완료', '2023-07-20', 100);
insert into delivery (delivery_status, delivery_date, order_no) values ('배송준비중', '2024-08-10', 71);
insert into delivery (delivery_status, delivery_date, order_no) values ('배송준비중', '2023-07-05', 35);
insert into delivery (delivery_status, delivery_date, order_no) values ('배송준비중', '2024-08-30', 2);
insert into delivery (delivery_status, delivery_date, order_no) values ('배송완료', '2024-02-18', 25);
insert into delivery (delivery_status, delivery_date, order_no) values ('배송완료', '2023-12-24', 41);
insert into delivery (delivery_status, delivery_date, order_no) values ('배송완료', '2024-09-25', 98);
insert into delivery (delivery_status, delivery_date, order_no) values ('배송완료', '2024-08-29', 43);
insert into delivery (delivery_status, delivery_date, order_no) values ('배송완료', '2024-10-12', 97);
insert into delivery (delivery_status, delivery_date, order_no) values ('배송완료', '2023-11-05', 80);
insert into delivery (delivery_status, delivery_date, order_no) values ('배송준비중', '2024-03-14', 81);
insert into delivery (delivery_status, delivery_date, order_no) values ('배송완료', '2024-02-03', 45);
insert into delivery (delivery_status, delivery_date, order_no) values ('배송완료', '2024-06-24', 70);
insert into delivery (delivery_status, delivery_date, order_no) values ('배송완료', '2024-03-01', 9);
insert into delivery (delivery_status, delivery_date, order_no) values ('배송완료', '2023-10-06', 78);
insert into delivery (delivery_status, delivery_date, order_no) values ('배송완료', '2024-05-01', 50);
insert into delivery (delivery_status, delivery_date, order_no) values ('배송완료', '2024-03-05', 70);
insert into delivery (delivery_status, delivery_date, order_no) values ('배송준비중', '2024-08-28', 61);
insert into delivery (delivery_status, delivery_date, order_no) values ('배송준비중', '2024-06-11', 100);
insert into delivery (delivery_status, delivery_date, order_no) values ('배송준비중', '2023-12-13', 18);
insert into delivery (delivery_status, delivery_date, order_no) values ('배송완료', '2024-03-07', 35);
insert into delivery (delivery_status, delivery_date, order_no) values ('배송완료', '2024-07-11', 42);
insert into delivery (delivery_status, delivery_date, order_no) values ('배송준비중', '2024-02-25', 94);
insert into delivery (delivery_status, delivery_date, order_no) values ('배송준비중', '2023-07-14', 84);
insert into delivery (delivery_status, delivery_date, order_no) values ('배송준비중', '2023-10-29', 59);
insert into delivery (delivery_status, delivery_date, order_no) values ('배송완료', '2024-04-22', 88);
insert into delivery (delivery_status, delivery_date, order_no) values ('배송완료', '2024-05-21', 69);
insert into delivery (delivery_status, delivery_date, order_no) values ('배송완료', '2023-07-20', 9);
insert into delivery (delivery_status, delivery_date, order_no) values ('배송완료', '2023-10-04', 14);
insert into delivery (delivery_status, delivery_date, order_no) values ('배송완료', '2023-09-20', 85);
insert into delivery (delivery_status, delivery_date, order_no) values ('배송완료', '2024-08-20', 50);
insert into delivery (delivery_status, delivery_date, order_no) values ('배송완료', '2024-01-08', 46);
insert into delivery (delivery_status, delivery_date, order_no) values ('배송완료', '2023-07-27', 95);
insert into delivery (delivery_status, delivery_date, order_no) values ('배송완료', '2023-10-18', 52);
insert into delivery (delivery_status, delivery_date, order_no) values ('배송준비중', '2024-01-04', 44);
insert into delivery (delivery_status, delivery_date, order_no) values ('배송준비중', '2024-04-13', 48);
insert into delivery (delivery_status, delivery_date, order_no) values ('배송완료', '2023-07-06', 13);
insert into delivery (delivery_status, delivery_date, order_no) values ('배송준비중', '2023-08-22', 48);
insert into delivery (delivery_status, delivery_date, order_no) values ('배송완료', '2024-06-22', 89);
insert into delivery (delivery_status, delivery_date, order_no) values ('배송준비중', '2023-11-13', 73);
insert into delivery (delivery_status, delivery_date, order_no) values ('배송완료', '2024-07-20', 23);
insert into delivery (delivery_status, delivery_date, order_no) values ('배송준비중', '2023-09-30', 9);
insert into delivery (delivery_status, delivery_date, order_no) values ('배송준비중', '2024-10-02', 1);
insert into delivery (delivery_status, delivery_date, order_no) values ('배송준비중', '2023-12-10', 39);
insert into delivery (delivery_status, delivery_date, order_no) values ('배송완료', '2024-07-04', 20);
insert into delivery (delivery_status, delivery_date, order_no) values ('배송완료', '2024-03-25', 75);
insert into delivery (delivery_status, delivery_date, order_no) values ('배송준비중', '2024-04-13', 43);
insert into delivery (delivery_status, delivery_date, order_no) values ('배송준비중', '2024-06-17', 31);
insert into delivery (delivery_status, delivery_date, order_no) values ('배송준비중', '2024-04-13', 97);
insert into delivery (delivery_status, delivery_date, order_no) values ('배송완료', '2024-03-06', 79);
insert into delivery (delivery_status, delivery_date, order_no) values ('배송준비중', '2024-01-26', 65);
insert into delivery (delivery_status, delivery_date, order_no) values ('배송준비중', '2024-10-07', 45);
insert into delivery (delivery_status, delivery_date, order_no) values ('배송준비중', '2023-09-30', 77);
insert into delivery (delivery_status, delivery_date, order_no) values ('배송준비중', '2024-02-01', 63);
insert into delivery (delivery_status, delivery_date, order_no) values ('배송준비중', '2024-05-14', 10);
insert into delivery (delivery_status, delivery_date, order_no) values ('배송준비중', '2023-09-08', 7);
insert into delivery (delivery_status, delivery_date, order_no) values ('배송준비중', '2024-04-18', 35);
insert into delivery (delivery_status, delivery_date, order_no) values ('배송준비중', '2024-09-10', 1);
insert into delivery (delivery_status, delivery_date, order_no) values ('배송준비중', '2024-01-21', 36);
insert into delivery (delivery_status, delivery_date, order_no) values ('배송준비중', '2024-08-23', 97);
insert into delivery (delivery_status, delivery_date, order_no) values ('배송완료', '2023-08-06', 22);
insert into delivery (delivery_status, delivery_date, order_no) values ('배송준비중', '2024-02-13', 74);
insert into delivery (delivery_status, delivery_date, order_no) values ('배송완료', '2024-04-22', 53);
insert into delivery (delivery_status, delivery_date, order_no) values ('배송준비중', '2023-07-25', 20);
insert into delivery (delivery_status, delivery_date, order_no) values ('배송준비중', '2024-09-24', 41);
insert into delivery (delivery_status, delivery_date, order_no) values ('배송완료', '2024-01-27', 24);
insert into delivery (delivery_status, delivery_date, order_no) values ('배송준비중', '2024-01-18', 39);
insert into delivery (delivery_status, delivery_date, order_no) values ('배송완료', '2024-01-15', 42);
insert into delivery (delivery_status, delivery_date, order_no) values ('배송완료', '2024-09-12', 85);
insert into delivery (delivery_status, delivery_date, order_no) values ('배송완료', '2023-11-11', 22);
insert into delivery (delivery_status, delivery_date, order_no) values ('배송완료', '2024-06-11', 56);
insert into delivery (delivery_status, delivery_date, order_no) values ('배송준비중', '2023-12-24', 89);
insert into delivery (delivery_status, delivery_date, order_no) values ('배송준비중', '2023-09-28', 78);
insert into delivery (delivery_status, delivery_date, order_no) values ('배송준비중', '2023-12-19', 45);
insert into delivery (delivery_status, delivery_date, order_no) values ('배송완료', '2023-11-04', 71);
insert into delivery (delivery_status, delivery_date, order_no) values ('배송완료', '2024-02-08', 55);
insert into delivery (delivery_status, delivery_date, order_no) values ('배송완료', '2023-11-25', 39);
insert into delivery (delivery_status, delivery_date, order_no) values ('배송준비중', '2023-08-20', 74);
insert into delivery (delivery_status, delivery_date, order_no) values ('배송완료', '2024-03-08', 83);
insert into delivery (delivery_status, delivery_date, order_no) values ('배송준비중', '2024-05-03', 41);
insert into delivery (delivery_status, delivery_date, order_no) values ('배송완료', '2023-08-26', 7);
insert into delivery (delivery_status, delivery_date, order_no) values ('배송준비중', '2023-12-28', 9);
insert into delivery (delivery_status, delivery_date, order_no) values ('배송완료', '2024-01-27', 17);
insert into delivery (delivery_status, delivery_date, order_no) values ('배송준비중', '2024-04-19', 97);
insert into delivery (delivery_status, delivery_date, order_no) values ('배송완료', '2024-06-30', 43);
insert into delivery (delivery_status, delivery_date, order_no) values ('배송완료', '2024-01-13', 83);
insert into delivery (delivery_status, delivery_date, order_no) values ('배송준비중', '2023-09-26', 15);
insert into delivery (delivery_status, delivery_date, order_no) values ('배송준비중', '2024-10-10', 27);
insert into delivery (delivery_status, delivery_date, order_no) values ('배송완료', '2023-09-12', 86);
insert into delivery (delivery_status, delivery_date, order_no) values ('배송준비중', '2024-09-17', 82);
insert into delivery (delivery_status, delivery_date, order_no) values ('배송준비중', '2023-07-29', 93);
insert into delivery (delivery_status, delivery_date, order_no) values ('배송준비중', '2023-09-07', 81);
insert into delivery (delivery_status, delivery_date, order_no) values ('배송완료', '2024-01-15', 77);
insert into delivery (delivery_status, delivery_date, order_no) values ('배송준비중', '2023-07-17', 100);
insert into delivery (delivery_status, delivery_date, order_no) values ('배송준비중', '2024-06-18', 59);
insert into delivery (delivery_status, delivery_date, order_no) values ('배송준비중', '2024-09-10', 30);
insert into delivery (delivery_status, delivery_date, order_no) values ('배송준비중', '2024-03-05', 33);
insert into delivery (delivery_status, delivery_date, order_no) values ('배송완료', '2023-09-26', 10);
insert into delivery (delivery_status, delivery_date, order_no) values ('배송준비중', '2024-01-11', 12);
insert into delivery (delivery_status, delivery_date, order_no) values ('배송준비중', '2024-02-26', 30);
insert into delivery (delivery_status, delivery_date, order_no) values ('배송완료', '2023-09-02', 70);
insert into delivery (delivery_status, delivery_date, order_no) values ('배송완료', '2023-07-01', 14);
insert into delivery (delivery_status, delivery_date, order_no) values ('배송완료', '2023-10-02', 69);
insert into delivery (delivery_status, delivery_date, order_no) values ('배송완료', '2023-09-11', 96);
insert into delivery (delivery_status, delivery_date, order_no) values ('배송완료', '2024-07-12', 93);
insert into delivery (delivery_status, delivery_date, order_no) values ('배송준비중', '2024-08-23', 2);
insert into delivery (delivery_status, delivery_date, order_no) values ('배송준비중', '2024-06-21', 55);
insert into delivery (delivery_status, delivery_date, order_no) values ('배송완료', '2024-04-13', 62);
insert into delivery (delivery_status, delivery_date, order_no) values ('배송완료', '2024-02-04', 45);
insert into delivery (delivery_status, delivery_date, order_no) values ('배송완료', '2023-12-03', 27);
insert into delivery (delivery_status, delivery_date, order_no) values ('배송완료', '2023-08-24', 31);
insert into delivery (delivery_status, delivery_date, order_no) values ('배송준비중', '2024-05-18', 84);
insert into delivery (delivery_status, delivery_date, order_no) values ('배송준비중', '2023-11-14', 69);
insert into delivery (delivery_status, delivery_date, order_no) values ('배송준비중', '2024-08-25', 54);
insert into delivery (delivery_status, delivery_date, order_no) values ('배송준비중', '2023-08-04', 37);
insert into delivery (delivery_status, delivery_date, order_no) values ('배송완료', '2023-08-07', 21);
insert into delivery (delivery_status, delivery_date, order_no) values ('배송준비중', '2023-08-06', 98);
insert into delivery (delivery_status, delivery_date, order_no) values ('배송준비중', '2024-05-15', 91);
insert into delivery (delivery_status, delivery_date, order_no) values ('배송완료', '2024-03-01', 70);
insert into delivery (delivery_status, delivery_date, order_no) values ('배송완료', '2024-04-20', 31);
insert into delivery (delivery_status, delivery_date, order_no) values ('배송완료', '2024-07-16', 28);
insert into delivery (delivery_status, delivery_date, order_no) values ('배송완료', '2023-11-21', 75);
insert into delivery (delivery_status, delivery_date, order_no) values ('배송완료', '2023-11-10', 14);
insert into delivery (delivery_status, delivery_date, order_no) values ('배송준비중', '2024-08-30', 39);
insert into delivery (delivery_status, delivery_date, order_no) values ('배송완료', '2023-10-19', 48);
insert into delivery (delivery_status, delivery_date, order_no) values ('배송준비중', '2023-10-23', 29);
insert into delivery (delivery_status, delivery_date, order_no) values ('배송완료', '2023-07-09', 37);
insert into delivery (delivery_status, delivery_date, order_no) values ('배송준비중', '2023-12-11', 86);
insert into delivery (delivery_status, delivery_date, order_no) values ('배송완료', '2023-09-01', 1);
insert into delivery (delivery_status, delivery_date, order_no) values ('배송완료', '2023-11-29', 59);
insert into delivery (delivery_status, delivery_date, order_no) values ('배송준비중', '2024-04-05', 43);
insert into delivery (delivery_status, delivery_date, order_no) values ('배송완료', '2023-08-16', 97);
insert into delivery (delivery_status, delivery_date, order_no) values ('배송완료', '2024-06-15', 45);
insert into delivery (delivery_status, delivery_date, order_no) values ('배송완료', '2024-03-07', 14);
insert into delivery (delivery_status, delivery_date, order_no) values ('배송준비중', '2024-07-17', 10);
insert into delivery (delivery_status, delivery_date, order_no) values ('배송완료', '2023-12-31', 54);
insert into delivery (delivery_status, delivery_date, order_no) values ('배송완료', '2023-10-25', 73);
insert into delivery (delivery_status, delivery_date, order_no) values ('배송준비중', '2023-08-04', 51);
insert into delivery (delivery_status, delivery_date, order_no) values ('배송완료', '2023-09-20', 91);
insert into delivery (delivery_status, delivery_date, order_no) values ('배송완료', '2023-12-26', 65);
insert into delivery (delivery_status, delivery_date, order_no) values ('배송준비중', '2024-09-04', 68);
insert into delivery (delivery_status, delivery_date, order_no) values ('배송준비중', '2023-11-04', 22);
insert into delivery (delivery_status, delivery_date, order_no) values ('배송완료', '2023-07-09', 11);
insert into delivery (delivery_status, delivery_date, order_no) values ('배송준비중', '2024-06-19', 81);
insert into delivery (delivery_status, delivery_date, order_no) values ('배송완료', '2023-11-27', 71);
insert into delivery (delivery_status, delivery_date, order_no) values ('배송준비중', '2024-09-14', 19);
insert into delivery (delivery_status, delivery_date, order_no) values ('배송준비중', '2024-09-30', 58);
insert into delivery (delivery_status, delivery_date, order_no) values ('배송완료', '2023-09-26', 84);
insert into delivery (delivery_status, delivery_date, order_no) values ('배송완료', '2024-09-14', 30);
insert into delivery (delivery_status, delivery_date, order_no) values ('배송완료', '2023-10-30', 8);
insert into delivery (delivery_status, delivery_date, order_no) values ('배송완료', '2023-11-17', 4);
insert into delivery (delivery_status, delivery_date, order_no) values ('배송준비중', '2023-10-11', 65);
insert into delivery (delivery_status, delivery_date, order_no) values ('배송완료', '2024-01-16', 67);
insert into delivery (delivery_status, delivery_date, order_no) values ('배송완료', '2023-12-11', 62);
insert into delivery (delivery_status, delivery_date, order_no) values ('배송준비중', '2023-08-30', 84);
insert into delivery (delivery_status, delivery_date, order_no) values ('배송완료', '2024-05-18', 44);
insert into delivery (delivery_status, delivery_date, order_no) values ('배송완료', '2023-07-24', 71);
insert into delivery (delivery_status, delivery_date, order_no) values ('배송준비중', '2023-07-24', 16);
insert into delivery (delivery_status, delivery_date, order_no) values ('배송완료', '2023-07-28', 31);
insert into delivery (delivery_status, delivery_date, order_no) values ('배송완료', '2024-05-20', 43);
insert into delivery (delivery_status, delivery_date, order_no) values ('배송완료', '2024-02-04', 52);
insert into delivery (delivery_status, delivery_date, order_no) values ('배송준비중', '2024-01-11', 56);
insert into delivery (delivery_status, delivery_date, order_no) values ('배송준비중', '2024-03-17', 48);
insert into delivery (delivery_status, delivery_date, order_no) values ('배송완료', '2024-03-04', 28);
insert into delivery (delivery_status, delivery_date, order_no) values ('배송준비중', '2023-09-29', 9);
insert into delivery (delivery_status, delivery_date, order_no) values ('배송완료', '2024-09-18', 26);
insert into delivery (delivery_status, delivery_date, order_no) values ('배송준비중', '2023-08-24', 76);
insert into delivery (delivery_status, delivery_date, order_no) values ('배송준비중', '2023-07-16', 79);
insert into delivery (delivery_status, delivery_date, order_no) values ('배송완료', '2023-08-28', 67);
insert into delivery (delivery_status, delivery_date, order_no) values ('배송준비중', '2023-11-15', 97);
insert into delivery (delivery_status, delivery_date, order_no) values ('배송완료', '2024-03-03', 54);
insert into delivery (delivery_status, delivery_date, order_no) values ('배송준비중', '2023-08-12', 79);
insert into delivery (delivery_status, delivery_date, order_no) values ('배송완료', '2023-10-03', 86);
insert into delivery (delivery_status, delivery_date, order_no) values ('배송완료', '2023-08-05', 100);
insert into delivery (delivery_status, delivery_date, order_no) values ('배송완료', '2023-10-09', 96);
insert into delivery (delivery_status, delivery_date, order_no) values ('배송준비중', '2024-05-04', 62);
insert into delivery (delivery_status, delivery_date, order_no) values ('배송준비중', '2024-03-31', 99);
insert into delivery (delivery_status, delivery_date, order_no) values ('배송완료', '2023-10-18', 86);
insert into delivery (delivery_status, delivery_date, order_no) values ('배송준비중', '2023-07-23', 71);
insert into delivery (delivery_status, delivery_date, order_no) values ('배송준비중', '2023-10-14', 50);
insert into delivery (delivery_status, delivery_date, order_no) values ('배송준비중', '2023-10-26', 28);
insert into delivery (delivery_status, delivery_date, order_no) values ('배송완료', '2024-01-08', 74);
insert into delivery (delivery_status, delivery_date, order_no) values ('배송완료', '2023-12-20', 10);
insert into delivery (delivery_status, delivery_date, order_no) values ('배송준비중', '2023-09-18', 53);
insert into delivery (delivery_status, delivery_date, order_no) values ('배송준비중', '2023-12-24', 93);
insert into delivery (delivery_status, delivery_date, order_no) values ('배송완료', '2024-03-03', 49);
insert into delivery (delivery_status, delivery_date, order_no) values ('배송완료', '2024-02-24', 17);
insert into delivery (delivery_status, delivery_date, order_no) values ('배송완료', '2023-12-16', 12);
insert into delivery (delivery_status, delivery_date, order_no) values ('배송완료', '2024-01-03', 18);
insert into delivery (delivery_status, delivery_date, order_no) values ('배송준비중', '2024-01-31', 100);
insert into delivery (delivery_status, delivery_date, order_no) values ('배송완료', '2023-12-27', 78);
insert into delivery (delivery_status, delivery_date, order_no) values ('배송준비중', '2023-08-23', 27);
insert into delivery (delivery_status, delivery_date, order_no) values ('배송완료', '2024-10-11', 20);
insert into delivery (delivery_status, delivery_date, order_no) values ('배송완료', '2024-02-16', 49);
insert into delivery (delivery_status, delivery_date, order_no) values ('배송준비중', '2024-09-30', 84);
insert into delivery (delivery_status, delivery_date, order_no) values ('배송완료', '2024-08-27', 92);
insert into delivery (delivery_status, delivery_date, order_no) values ('배송완료', '2024-01-28', 13);
insert into delivery (delivery_status, delivery_date, order_no) values ('배송준비중', '2024-09-03', 63);
insert into delivery (delivery_status, delivery_date, order_no) values ('배송완료', '2023-10-27', 78);
insert into delivery (delivery_status, delivery_date, order_no) values ('배송완료', '2024-05-26', 25);
insert into delivery (delivery_status, delivery_date, order_no) values ('배송완료', '2024-01-02', 34);
insert into delivery (delivery_status, delivery_date, order_no) values ('배송완료', '2024-10-11', 76);
insert into delivery (delivery_status, delivery_date, order_no) values ('배송완료', '2024-07-20', 76);
insert into delivery (delivery_status, delivery_date, order_no) values ('배송완료', '2023-12-16', 64);
insert into delivery (delivery_status, delivery_date, order_no) values ('배송준비중', '2023-11-08', 29);
insert into delivery (delivery_status, delivery_date, order_no) values ('배송완료', '2024-02-26', 90);
insert into delivery (delivery_status, delivery_date, order_no) values ('배송완료', '2024-04-19', 5);
insert into delivery (delivery_status, delivery_date, order_no) values ('배송완료', '2023-12-10', 100);
insert into delivery (delivery_status, delivery_date, order_no) values ('배송준비중', '2024-07-17', 26);
insert into delivery (delivery_status, delivery_date, order_no) values ('배송준비중', '2023-09-06', 72);
insert into delivery (delivery_status, delivery_date, order_no) values ('배송준비중', '2024-06-09', 68);
insert into delivery (delivery_status, delivery_date, order_no) values ('배송준비중', '2024-03-04', 36);
insert into delivery (delivery_status, delivery_date, order_no) values ('배송완료', '2024-06-14', 87);
insert into delivery (delivery_status, delivery_date, order_no) values ('배송완료', '2023-11-28', 15);
insert into delivery (delivery_status, delivery_date, order_no) values ('배송완료', '2024-01-18', 69);
insert into delivery (delivery_status, delivery_date, order_no) values ('배송준비중', '2024-03-02', 47);
insert into delivery (delivery_status, delivery_date, order_no) values ('배송완료', '2023-07-04', 22);
insert into delivery (delivery_status, delivery_date, order_no) values ('배송준비중', '2023-08-08', 95);
insert into delivery (delivery_status, delivery_date, order_no) values ('배송준비중', '2023-11-26', 46);
insert into delivery (delivery_status, delivery_date, order_no) values ('배송완료', '2023-09-10', 3);
insert into delivery (delivery_status, delivery_date, order_no) values ('배송준비중', '2024-02-28', 90);
insert into delivery (delivery_status, delivery_date, order_no) values ('배송준비중', '2023-10-31', 49);
insert into delivery (delivery_status, delivery_date, order_no) values ('배송완료', '2023-09-05', 31);
insert into delivery (delivery_status, delivery_date, order_no) values ('배송완료', '2024-01-13', 92);
insert into delivery (delivery_status, delivery_date, order_no) values ('배송완료', '2024-01-15', 51);
insert into delivery (delivery_status, delivery_date, order_no) values ('배송준비중', '2024-09-06', 60);
insert into delivery (delivery_status, delivery_date, order_no) values ('배송완료', '2023-09-11', 92);
insert into delivery (delivery_status, delivery_date, order_no) values ('배송준비중', '2024-07-29', 68);
insert into delivery (delivery_status, delivery_date, order_no) values ('배송준비중', '2024-09-07', 86);
insert into delivery (delivery_status, delivery_date, order_no) values ('배송준비중', '2024-02-26', 53);
insert into delivery (delivery_status, delivery_date, order_no) values ('배송완료', '2024-08-08', 65);
insert into delivery (delivery_status, delivery_date, order_no) values ('배송완료', '2024-04-12', 13);
insert into delivery (delivery_status, delivery_date, order_no) values ('배송준비중', '2023-10-08', 69);
insert into delivery (delivery_status, delivery_date, order_no) values ('배송완료', '2023-09-09', 31);
insert into delivery (delivery_status, delivery_date, order_no) values ('배송완료', '2024-10-13', 23);
insert into delivery (delivery_status, delivery_date, order_no) values ('배송완료', '2023-10-10', 37);
insert into delivery (delivery_status, delivery_date, order_no) values ('배송완료', '2023-11-24', 26);
insert into delivery (delivery_status, delivery_date, order_no) values ('배송완료', '2023-07-19', 89);
insert into delivery (delivery_status, delivery_date, order_no) values ('배송완료', '2024-03-31', 9);
insert into delivery (delivery_status, delivery_date, order_no) values ('배송준비중', '2024-05-18', 20);
insert into delivery (delivery_status, delivery_date, order_no) values ('배송완료', '2024-06-17', 49);
insert into delivery (delivery_status, delivery_date, order_no) values ('배송준비중', '2024-09-05', 62);
insert into delivery (delivery_status, delivery_date, order_no) values ('배송완료', '2023-07-29', 49);
insert into delivery (delivery_status, delivery_date, order_no) values ('배송준비중', '2024-07-18', 27);
insert into delivery (delivery_status, delivery_date, order_no) values ('배송준비중', '2024-01-03', 18);
insert into delivery (delivery_status, delivery_date, order_no) values ('배송완료', '2024-02-04', 41);
insert into delivery (delivery_status, delivery_date, order_no) values ('배송준비중', '2023-10-03', 51);
insert into delivery (delivery_status, delivery_date, order_no) values ('배송완료', '2023-08-17', 17);
insert into delivery (delivery_status, delivery_date, order_no) values ('배송준비중', '2023-10-12', 4);
insert into delivery (delivery_status, delivery_date, order_no) values ('배송완료', '2024-03-31', 54);
insert into delivery (delivery_status, delivery_date, order_no) values ('배송준비중', '2023-08-19', 5);
insert into delivery (delivery_status, delivery_date, order_no) values ('배송완료', '2024-01-08', 8);
insert into delivery (delivery_status, delivery_date, order_no) values ('배송완료', '2024-04-28', 63);
insert into delivery (delivery_status, delivery_date, order_no) values ('배송준비중', '2024-07-27', 24);
insert into delivery (delivery_status, delivery_date, order_no) values ('배송준비중', '2023-08-31', 44);
insert into delivery (delivery_status, delivery_date, order_no) values ('배송완료', '2023-12-23', 100);
insert into delivery (delivery_status, delivery_date, order_no) values ('배송준비중', '2024-07-13', 95);
insert into delivery (delivery_status, delivery_date, order_no) values ('배송완료', '2023-12-08', 79);
insert into delivery (delivery_status, delivery_date, order_no) values ('배송준비중', '2023-08-01', 98);
insert into delivery (delivery_status, delivery_date, order_no) values ('배송준비중', '2023-08-18', 91);
insert into delivery (delivery_status, delivery_date, order_no) values ('배송준비중', '2024-10-06', 2);
insert into delivery (delivery_status, delivery_date, order_no) values ('배송준비중', '2024-02-23', 91);
insert into delivery (delivery_status, delivery_date, order_no) values ('배송완료', '2024-08-31', 42);
insert into delivery (delivery_status, delivery_date, order_no) values ('배송완료', '2024-04-26', 7);
insert into delivery (delivery_status, delivery_date, order_no) values ('배송준비중', '2023-07-20', 85);
insert into delivery (delivery_status, delivery_date, order_no) values ('배송완료', '2023-12-11', 94);
insert into delivery (delivery_status, delivery_date, order_no) values ('배송완료', '2024-02-03', 83);
insert into delivery (delivery_status, delivery_date, order_no) values ('배송준비중', '2024-07-10', 91);
insert into delivery (delivery_status, delivery_date, order_no) values ('배송완료', '2023-08-06', 2);
insert into delivery (delivery_status, delivery_date, order_no) values ('배송준비중', '2024-01-17', 57);
insert into delivery (delivery_status, delivery_date, order_no) values ('배송완료', '2024-09-01', 96);
insert into delivery (delivery_status, delivery_date, order_no) values ('배송준비중', '2024-04-02', 18);
insert into delivery (delivery_status, delivery_date, order_no) values ('배송준비중', '2023-07-05', 9);
insert into delivery (delivery_status, delivery_date, order_no) values ('배송준비중', '2023-10-31', 22);
insert into delivery (delivery_status, delivery_date, order_no) values ('배송준비중', '2024-05-29', 28);
insert into delivery (delivery_status, delivery_date, order_no) values ('배송완료', '2023-12-26', 63);
insert into delivery (delivery_status, delivery_date, order_no) values ('배송준비중', '2024-07-19', 67);
insert into delivery (delivery_status, delivery_date, order_no) values ('배송준비중', '2024-10-12', 13);
insert into delivery (delivery_status, delivery_date, order_no) values ('배송완료', '2023-08-01', 60);
insert into delivery (delivery_status, delivery_date, order_no) values ('배송준비중', '2024-01-16', 29);
insert into delivery (delivery_status, delivery_date, order_no) values ('배송완료', '2023-09-12', 38);
insert into delivery (delivery_status, delivery_date, order_no) values ('배송완료', '2024-06-04', 40);
insert into delivery (delivery_status, delivery_date, order_no) values ('배송완료', '2024-07-04', 59);
insert into delivery (delivery_status, delivery_date, order_no) values ('배송완료', '2024-03-30', 3);
insert into delivery (delivery_status, delivery_date, order_no) values ('배송완료', '2023-09-12', 36);
insert into delivery (delivery_status, delivery_date, order_no) values ('배송완료', '2023-10-19', 24);
insert into delivery (delivery_status, delivery_date, order_no) values ('배송준비중', '2024-06-26', 63);
insert into delivery (delivery_status, delivery_date, order_no) values ('배송완료', '2024-04-25', 18);
insert into delivery (delivery_status, delivery_date, order_no) values ('배송준비중', '2023-10-04', 34);
insert into delivery (delivery_status, delivery_date, order_no) values ('배송준비중', '2023-09-14', 29);
insert into delivery (delivery_status, delivery_date, order_no) values ('배송완료', '2024-01-16', 49);
insert into delivery (delivery_status, delivery_date, order_no) values ('배송완료', '2024-04-21', 63);
insert into delivery (delivery_status, delivery_date, order_no) values ('배송준비중', '2024-10-03', 85);
insert into delivery (delivery_status, delivery_date, order_no) values ('배송완료', '2024-01-15', 50);
insert into delivery (delivery_status, delivery_date, order_no) values ('배송완료', '2023-07-21', 31);
insert into delivery (delivery_status, delivery_date, order_no) values ('배송준비중', '2024-03-04', 10);
insert into delivery (delivery_status, delivery_date, order_no) values ('배송완료', '2023-12-18', 23);
insert into delivery (delivery_status, delivery_date, order_no) values ('배송준비중', '2023-11-19', 37);
insert into delivery (delivery_status, delivery_date, order_no) values ('배송준비중', '2024-03-26', 94);
insert into delivery (delivery_status, delivery_date, order_no) values ('배송준비중', '2024-09-17', 52);
insert into delivery (delivery_status, delivery_date, order_no) values ('배송준비중', '2024-01-25', 69);
insert into delivery (delivery_status, delivery_date, order_no) values ('배송준비중', '2024-04-30', 41);
insert into delivery (delivery_status, delivery_date, order_no) values ('배송완료', '2023-10-19', 10);
insert into delivery (delivery_status, delivery_date, order_no) values ('배송준비중', '2024-10-11', 75);
insert into delivery (delivery_status, delivery_date, order_no) values ('배송완료', '2024-03-07', 28);
insert into delivery (delivery_status, delivery_date, order_no) values ('배송준비중', '2023-07-12', 56);
insert into delivery (delivery_status, delivery_date, order_no) values ('배송완료', '2024-10-06', 80);
insert into delivery (delivery_status, delivery_date, order_no) values ('배송준비중', '2024-02-14', 62);
insert into delivery (delivery_status, delivery_date, order_no) values ('배송준비중', '2023-07-02', 91);
insert into delivery (delivery_status, delivery_date, order_no) values ('배송준비중', '2023-11-03', 28);
insert into delivery (delivery_status, delivery_date, order_no) values ('배송준비중', '2024-06-23', 10);
insert into delivery (delivery_status, delivery_date, order_no) values ('배송준비중', '2024-06-26', 50);
insert into delivery (delivery_status, delivery_date, order_no) values ('배송완료', '2024-06-25', 53);
insert into delivery (delivery_status, delivery_date, order_no) values ('배송완료', '2024-01-03', 41);
insert into delivery (delivery_status, delivery_date, order_no) values ('배송완료', '2024-08-30', 3);
insert into delivery (delivery_status, delivery_date, order_no) values ('배송준비중', '2024-02-04', 19);
insert into delivery (delivery_status, delivery_date, order_no) values ('배송완료', '2024-01-08', 2);
insert into delivery (delivery_status, delivery_date, order_no) values ('배송준비중', '2024-08-26', 85);
insert into delivery (delivery_status, delivery_date, order_no) values ('배송준비중', '2024-03-25', 21);
insert into delivery (delivery_status, delivery_date, order_no) values ('배송완료', '2023-09-10', 51);
insert into delivery (delivery_status, delivery_date, order_no) values ('배송완료', '2024-09-10', 50);
insert into delivery (delivery_status, delivery_date, order_no) values ('배송완료', '2023-10-29', 81);
insert into delivery (delivery_status, delivery_date, order_no) values ('배송완료', '2024-02-28', 56);
insert into delivery (delivery_status, delivery_date, order_no) values ('배송완료', '2023-10-07', 9);
insert into delivery (delivery_status, delivery_date, order_no) values ('배송완료', '2024-05-08', 72);
insert into delivery (delivery_status, delivery_date, order_no) values ('배송완료', '2023-11-30', 53);
insert into delivery (delivery_status, delivery_date, order_no) values ('배송완료', '2024-07-30', 16);
insert into delivery (delivery_status, delivery_date, order_no) values ('배송준비중', '2024-02-02', 30);
insert into delivery (delivery_status, delivery_date, order_no) values ('배송완료', '2024-04-01', 21);
insert into delivery (delivery_status, delivery_date, order_no) values ('배송완료', '2023-12-23', 55);
insert into delivery (delivery_status, delivery_date, order_no) values ('배송완료', '2024-03-22', 27);
insert into delivery (delivery_status, delivery_date, order_no) values ('배송완료', '2023-11-17', 93);
insert into delivery (delivery_status, delivery_date, order_no) values ('배송완료', '2024-03-30', 15);
insert into delivery (delivery_status, delivery_date, order_no) values ('배송준비중', '2023-07-08', 75);
insert into delivery (delivery_status, delivery_date, order_no) values ('배송완료', '2024-06-18', 1);
insert into delivery (delivery_status, delivery_date, order_no) values ('배송준비중', '2024-03-15', 61);
insert into delivery (delivery_status, delivery_date, order_no) values ('배송완료', '2024-01-10', 45);
insert into delivery (delivery_status, delivery_date, order_no) values ('배송준비중', '2024-06-28', 18);
insert into delivery (delivery_status, delivery_date, order_no) values ('배송완료', '2023-07-22', 95);
insert into delivery (delivery_status, delivery_date, order_no) values ('배송완료', '2023-08-07', 68);
insert into delivery (delivery_status, delivery_date, order_no) values ('배송준비중', '2023-09-08', 40);
insert into delivery (delivery_status, delivery_date, order_no) values ('배송준비중', '2024-03-10', 46);
insert into delivery (delivery_status, delivery_date, order_no) values ('배송준비중', '2024-01-22', 22);
insert into delivery (delivery_status, delivery_date, order_no) values ('배송완료', '2023-10-30', 26);
insert into delivery (delivery_status, delivery_date, order_no) values ('배송완료', '2024-05-29', 49);
insert into delivery (delivery_status, delivery_date, order_no) values ('배송완료', '2023-09-12', 1);
insert into delivery (delivery_status, delivery_date, order_no) values ('배송완료', '2024-06-18', 98);
insert into delivery (delivery_status, delivery_date, order_no) values ('배송준비중', '2024-03-17', 58);
insert into delivery (delivery_status, delivery_date, order_no) values ('배송완료', '2023-12-04', 73);
insert into delivery (delivery_status, delivery_date, order_no) values ('배송준비중', '2023-08-03', 31);
insert into delivery (delivery_status, delivery_date, order_no) values ('배송준비중', '2023-11-17', 12);
insert into delivery (delivery_status, delivery_date, order_no) values ('배송준비중', '2023-11-27', 44);
insert into delivery (delivery_status, delivery_date, order_no) values ('배송완료', '2024-06-07', 72);
insert into delivery (delivery_status, delivery_date, order_no) values ('배송준비중', '2023-07-04', 81);
insert into delivery (delivery_status, delivery_date, order_no) values ('배송완료', '2023-07-24', 73);
insert into delivery (delivery_status, delivery_date, order_no) values ('배송완료', '2024-07-04', 5);
insert into delivery (delivery_status, delivery_date, order_no) values ('배송준비중', '2023-12-09', 4);
insert into delivery (delivery_status, delivery_date, order_no) values ('배송완료', '2024-01-18', 52);
insert into delivery (delivery_status, delivery_date, order_no) values ('배송완료', '2024-01-11', 65);
insert into delivery (delivery_status, delivery_date, order_no) values ('배송준비중', '2024-06-20', 65);
insert into delivery (delivery_status, delivery_date, order_no) values ('배송완료', '2023-08-08', 35);
insert into delivery (delivery_status, delivery_date, order_no) values ('배송준비중', '2024-07-29', 61);
insert into delivery (delivery_status, delivery_date, order_no) values ('배송준비중', '2023-11-08', 92);
insert into delivery (delivery_status, delivery_date, order_no) values ('배송완료', '2024-03-09', 4);
insert into delivery (delivery_status, delivery_date, order_no) values ('배송완료', '2024-05-02', 49);
insert into delivery (delivery_status, delivery_date, order_no) values ('배송준비중', '2023-09-18', 77);
insert into delivery (delivery_status, delivery_date, order_no) values ('배송준비중', '2024-02-02', 38);
insert into delivery (delivery_status, delivery_date, order_no) values ('배송준비중', '2024-08-29', 21);
insert into delivery (delivery_status, delivery_date, order_no) values ('배송완료', '2023-07-24', 90);
insert into delivery (delivery_status, delivery_date, order_no) values ('배송준비중', '2024-05-16', 14);
insert into delivery (delivery_status, delivery_date, order_no) values ('배송완료', '2023-10-12', 78);
insert into delivery (delivery_status, delivery_date, order_no) values ('배송준비중', '2024-02-01', 79);
insert into delivery (delivery_status, delivery_date, order_no) values ('배송완료', '2023-10-10', 10);
insert into delivery (delivery_status, delivery_date, order_no) values ('배송완료', '2024-06-20', 7);
insert into delivery (delivery_status, delivery_date, order_no) values ('배송준비중', '2024-03-05', 6);
insert into delivery (delivery_status, delivery_date, order_no) values ('배송준비중', '2023-10-06', 64);
insert into delivery (delivery_status, delivery_date, order_no) values ('배송완료', '2024-09-16', 2);
insert into delivery (delivery_status, delivery_date, order_no) values ('배송준비중', '2024-06-22', 81);
insert into delivery (delivery_status, delivery_date, order_no) values ('배송준비중', '2024-04-06', 95);
insert into delivery (delivery_status, delivery_date, order_no) values ('배송완료', '2024-09-11', 95);
insert into delivery (delivery_status, delivery_date, order_no) values ('배송완료', '2024-04-26', 99);
insert into delivery (delivery_status, delivery_date, order_no) values ('배송준비중', '2023-07-26', 88);
insert into delivery (delivery_status, delivery_date, order_no) values ('배송준비중', '2024-01-19', 68);
insert into delivery (delivery_status, delivery_date, order_no) values ('배송준비중', '2024-07-05', 21);
insert into delivery (delivery_status, delivery_date, order_no) values ('배송준비중', '2024-04-02', 98);
insert into delivery (delivery_status, delivery_date, order_no) values ('배송준비중', '2024-04-08', 46);
insert into delivery (delivery_status, delivery_date, order_no) values ('배송완료', '2024-03-05', 68);
insert into delivery (delivery_status, delivery_date, order_no) values ('배송준비중', '2023-10-27', 30);

-- 장바구니 샘플
insert into cart (cart_no,cart_product_quantity,product_no,uno) values
(1,1,1,1),
(2,3,2,1),
(3,1,3,2),
(4,2,5,3),
(5,4,1,2);
insert into cart (cart_product_quantity, product_no, uno) values (24, 44, 100);
insert into cart (cart_product_quantity, product_no, uno) values (78, 51, 14);
insert into cart (cart_product_quantity, product_no, uno) values (3, 13, 21);
insert into cart (cart_product_quantity, product_no, uno) values (22, 31, 33);
insert into cart (cart_product_quantity, product_no, uno) values (100, 100, 19);
insert into cart (cart_product_quantity, product_no, uno) values (74, 84, 44);
insert into cart (cart_product_quantity, product_no, uno) values (25, 72, 53);
insert into cart (cart_product_quantity, product_no, uno) values (82, 32, 30);
insert into cart (cart_product_quantity, product_no, uno) values (23, 44, 19);
insert into cart (cart_product_quantity, product_no, uno) values (21, 82, 3);
insert into cart (cart_product_quantity, product_no, uno) values (10, 70, 81);
insert into cart (cart_product_quantity, product_no, uno) values (24, 80, 88);
insert into cart (cart_product_quantity, product_no, uno) values (3, 4, 30);
insert into cart (cart_product_quantity, product_no, uno) values (62, 88, 86);
insert into cart (cart_product_quantity, product_no, uno) values (77, 37, 68);
insert into cart (cart_product_quantity, product_no, uno) values (15, 12, 32);
insert into cart (cart_product_quantity, product_no, uno) values (61, 85, 88);
insert into cart (cart_product_quantity, product_no, uno) values (66, 98, 73);
insert into cart (cart_product_quantity, product_no, uno) values (66, 45, 93);
insert into cart (cart_product_quantity, product_no, uno) values (84, 15, 4);
insert into cart (cart_product_quantity, product_no, uno) values (65, 13, 29);
insert into cart (cart_product_quantity, product_no, uno) values (8, 55, 94);
insert into cart (cart_product_quantity, product_no, uno) values (69, 2, 62);
insert into cart (cart_product_quantity, product_no, uno) values (30, 72, 95);
insert into cart (cart_product_quantity, product_no, uno) values (20, 62, 69);
insert into cart (cart_product_quantity, product_no, uno) values (32, 41, 56);
insert into cart (cart_product_quantity, product_no, uno) values (60, 41, 94);
insert into cart (cart_product_quantity, product_no, uno) values (54, 67, 31);
insert into cart (cart_product_quantity, product_no, uno) values (81, 66, 64);
insert into cart (cart_product_quantity, product_no, uno) values (84, 73, 67);
insert into cart (cart_product_quantity, product_no, uno) values (55, 49, 19);
insert into cart (cart_product_quantity, product_no, uno) values (18, 100, 84);
insert into cart (cart_product_quantity, product_no, uno) values (11, 74, 8);
insert into cart (cart_product_quantity, product_no, uno) values (66, 99, 20);
insert into cart (cart_product_quantity, product_no, uno) values (40, 34, 67);
insert into cart (cart_product_quantity, product_no, uno) values (26, 92, 100);
insert into cart (cart_product_quantity, product_no, uno) values (34, 47, 19);
insert into cart (cart_product_quantity, product_no, uno) values (38, 85, 7);
insert into cart (cart_product_quantity, product_no, uno) values (88, 27, 96);
insert into cart (cart_product_quantity, product_no, uno) values (92, 38, 52);
insert into cart (cart_product_quantity, product_no, uno) values (13, 86, 21);
insert into cart (cart_product_quantity, product_no, uno) values (38, 14, 66);
insert into cart (cart_product_quantity, product_no, uno) values (75, 95, 59);
insert into cart (cart_product_quantity, product_no, uno) values (57, 64, 92);
insert into cart (cart_product_quantity, product_no, uno) values (92, 51, 51);
insert into cart (cart_product_quantity, product_no, uno) values (60, 25, 28);
insert into cart (cart_product_quantity, product_no, uno) values (10, 32, 32);
insert into cart (cart_product_quantity, product_no, uno) values (4, 72, 98);
insert into cart (cart_product_quantity, product_no, uno) values (91, 18, 34);
insert into cart (cart_product_quantity, product_no, uno) values (82, 8, 53);
insert into cart (cart_product_quantity, product_no, uno) values (59, 80, 30);
insert into cart (cart_product_quantity, product_no, uno) values (74, 75, 61);
insert into cart (cart_product_quantity, product_no, uno) values (17, 40, 3);
insert into cart (cart_product_quantity, product_no, uno) values (79, 27, 42);
insert into cart (cart_product_quantity, product_no, uno) values (32, 51, 94);
insert into cart (cart_product_quantity, product_no, uno) values (30, 52, 42);
insert into cart (cart_product_quantity, product_no, uno) values (100, 97, 71);
insert into cart (cart_product_quantity, product_no, uno) values (69, 12, 40);
insert into cart (cart_product_quantity, product_no, uno) values (81, 23, 30);
insert into cart (cart_product_quantity, product_no, uno) values (66, 78, 33);
insert into cart (cart_product_quantity, product_no, uno) values (77, 32, 3);
insert into cart (cart_product_quantity, product_no, uno) values (70, 84, 26);
insert into cart (cart_product_quantity, product_no, uno) values (84, 58, 81);
insert into cart (cart_product_quantity, product_no, uno) values (49, 71, 50);
insert into cart (cart_product_quantity, product_no, uno) values (47, 82, 70);
insert into cart (cart_product_quantity, product_no, uno) values (52, 58, 63);
insert into cart (cart_product_quantity, product_no, uno) values (59, 78, 56);
insert into cart (cart_product_quantity, product_no, uno) values (99, 83, 40);
insert into cart (cart_product_quantity, product_no, uno) values (98, 23, 74);
insert into cart (cart_product_quantity, product_no, uno) values (76, 75, 14);
insert into cart (cart_product_quantity, product_no, uno) values (55, 44, 61);
insert into cart (cart_product_quantity, product_no, uno) values (61, 20, 20);
insert into cart (cart_product_quantity, product_no, uno) values (50, 71, 69);
insert into cart (cart_product_quantity, product_no, uno) values (21, 94, 100);
insert into cart (cart_product_quantity, product_no, uno) values (78, 94, 76);
insert into cart (cart_product_quantity, product_no, uno) values (26, 35, 41);
insert into cart (cart_product_quantity, product_no, uno) values (47, 56, 56);
insert into cart (cart_product_quantity, product_no, uno) values (54, 89, 59);
insert into cart (cart_product_quantity, product_no, uno) values (44, 79, 16);
insert into cart (cart_product_quantity, product_no, uno) values (37, 65, 69);
insert into cart (cart_product_quantity, product_no, uno) values (57, 29, 53);
insert into cart (cart_product_quantity, product_no, uno) values (29, 79, 14);
insert into cart (cart_product_quantity, product_no, uno) values (56, 24, 70);
insert into cart (cart_product_quantity, product_no, uno) values (9, 93, 6);
insert into cart (cart_product_quantity, product_no, uno) values (91, 49, 74);
insert into cart (cart_product_quantity, product_no, uno) values (89, 13, 97);
insert into cart (cart_product_quantity, product_no, uno) values (41, 15, 43);
insert into cart (cart_product_quantity, product_no, uno) values (53, 27, 83);
insert into cart (cart_product_quantity, product_no, uno) values (16, 55, 50);
insert into cart (cart_product_quantity, product_no, uno) values (89, 8, 53);
insert into cart (cart_product_quantity, product_no, uno) values (72, 36, 43);
insert into cart (cart_product_quantity, product_no, uno) values (28, 29, 56);
insert into cart (cart_product_quantity, product_no, uno) values (88, 28, 31);
insert into cart (cart_product_quantity, product_no, uno) values (73, 43, 47);
insert into cart (cart_product_quantity, product_no, uno) values (42, 56, 15);
insert into cart (cart_product_quantity, product_no, uno) values (46, 5, 8);
insert into cart (cart_product_quantity, product_no, uno) values (44, 74, 82);
insert into cart (cart_product_quantity, product_no, uno) values (8, 31, 65);
insert into cart (cart_product_quantity, product_no, uno) values (86, 21, 89);
insert into cart (cart_product_quantity, product_no, uno) values (78, 73, 86);
insert into cart (cart_product_quantity, product_no, uno) values (29, 28, 22);
insert into cart (cart_product_quantity, product_no, uno) values (60, 90, 32);
insert into cart (cart_product_quantity, product_no, uno) values (32, 23, 13);
insert into cart (cart_product_quantity, product_no, uno) values (3, 64, 85);
insert into cart (cart_product_quantity, product_no, uno) values (61, 74, 70);
insert into cart (cart_product_quantity, product_no, uno) values (92, 81, 87);
insert into cart (cart_product_quantity, product_no, uno) values (43, 28, 76);
insert into cart (cart_product_quantity, product_no, uno) values (60, 21, 95);
insert into cart (cart_product_quantity, product_no, uno) values (34, 70, 85);
insert into cart (cart_product_quantity, product_no, uno) values (69, 83, 88);
insert into cart (cart_product_quantity, product_no, uno) values (93, 18, 21);
insert into cart (cart_product_quantity, product_no, uno) values (7, 80, 56);
insert into cart (cart_product_quantity, product_no, uno) values (33, 1, 95);
insert into cart (cart_product_quantity, product_no, uno) values (51, 51, 8);
insert into cart (cart_product_quantity, product_no, uno) values (96, 73, 48);
insert into cart (cart_product_quantity, product_no, uno) values (49, 67, 12);
insert into cart (cart_product_quantity, product_no, uno) values (75, 28, 96);
insert into cart (cart_product_quantity, product_no, uno) values (56, 77, 27);
insert into cart (cart_product_quantity, product_no, uno) values (57, 7, 5);
insert into cart (cart_product_quantity, product_no, uno) values (74, 51, 38);
insert into cart (cart_product_quantity, product_no, uno) values (25, 5, 64);
insert into cart (cart_product_quantity, product_no, uno) values (77, 46, 49);
insert into cart (cart_product_quantity, product_no, uno) values (54, 36, 10);
insert into cart (cart_product_quantity, product_no, uno) values (68, 66, 99);
insert into cart (cart_product_quantity, product_no, uno) values (63, 90, 63);
insert into cart (cart_product_quantity, product_no, uno) values (9, 62, 39);
insert into cart (cart_product_quantity, product_no, uno) values (91, 48, 66);
insert into cart (cart_product_quantity, product_no, uno) values (34, 69, 29);
insert into cart (cart_product_quantity, product_no, uno) values (50, 40, 43);
insert into cart (cart_product_quantity, product_no, uno) values (23, 2, 23);
insert into cart (cart_product_quantity, product_no, uno) values (39, 84, 50);
insert into cart (cart_product_quantity, product_no, uno) values (27, 12, 53);
insert into cart (cart_product_quantity, product_no, uno) values (51, 27, 62);
insert into cart (cart_product_quantity, product_no, uno) values (41, 83, 17);
insert into cart (cart_product_quantity, product_no, uno) values (83, 77, 28);
insert into cart (cart_product_quantity, product_no, uno) values (70, 57, 15);
insert into cart (cart_product_quantity, product_no, uno) values (64, 34, 73);
insert into cart (cart_product_quantity, product_no, uno) values (18, 32, 13);
insert into cart (cart_product_quantity, product_no, uno) values (44, 13, 85);
insert into cart (cart_product_quantity, product_no, uno) values (29, 68, 91);
insert into cart (cart_product_quantity, product_no, uno) values (48, 49, 77);
insert into cart (cart_product_quantity, product_no, uno) values (4, 26, 57);
insert into cart (cart_product_quantity, product_no, uno) values (22, 80, 6);
insert into cart (cart_product_quantity, product_no, uno) values (90, 37, 79);
insert into cart (cart_product_quantity, product_no, uno) values (77, 40, 79);
insert into cart (cart_product_quantity, product_no, uno) values (1, 13, 60);
insert into cart (cart_product_quantity, product_no, uno) values (23, 23, 36);
insert into cart (cart_product_quantity, product_no, uno) values (73, 67, 64);
insert into cart (cart_product_quantity, product_no, uno) values (47, 41, 46);
insert into cart (cart_product_quantity, product_no, uno) values (80, 28, 20);
insert into cart (cart_product_quantity, product_no, uno) values (21, 24, 68);
insert into cart (cart_product_quantity, product_no, uno) values (49, 9, 39);
insert into cart (cart_product_quantity, product_no, uno) values (61, 94, 78);
insert into cart (cart_product_quantity, product_no, uno) values (88, 75, 73);
insert into cart (cart_product_quantity, product_no, uno) values (3, 19, 40);
insert into cart (cart_product_quantity, product_no, uno) values (65, 21, 73);
insert into cart (cart_product_quantity, product_no, uno) values (55, 71, 39);
insert into cart (cart_product_quantity, product_no, uno) values (41, 56, 9);
insert into cart (cart_product_quantity, product_no, uno) values (67, 61, 2);
insert into cart (cart_product_quantity, product_no, uno) values (45, 34, 60);
insert into cart (cart_product_quantity, product_no, uno) values (65, 27, 53);
insert into cart (cart_product_quantity, product_no, uno) values (16, 34, 14);
insert into cart (cart_product_quantity, product_no, uno) values (10, 11, 10);
insert into cart (cart_product_quantity, product_no, uno) values (91, 22, 40);
insert into cart (cart_product_quantity, product_no, uno) values (94, 12, 88);
insert into cart (cart_product_quantity, product_no, uno) values (12, 11, 80);
insert into cart (cart_product_quantity, product_no, uno) values (53, 16, 25);
insert into cart (cart_product_quantity, product_no, uno) values (18, 52, 39);
insert into cart (cart_product_quantity, product_no, uno) values (51, 24, 75);
insert into cart (cart_product_quantity, product_no, uno) values (71, 20, 17);
insert into cart (cart_product_quantity, product_no, uno) values (11, 77, 42);
insert into cart (cart_product_quantity, product_no, uno) values (50, 85, 19);
insert into cart (cart_product_quantity, product_no, uno) values (74, 25, 32);
insert into cart (cart_product_quantity, product_no, uno) values (52, 91, 1);
insert into cart (cart_product_quantity, product_no, uno) values (32, 41, 85);
insert into cart (cart_product_quantity, product_no, uno) values (100, 74, 50);
insert into cart (cart_product_quantity, product_no, uno) values (2, 75, 82);
insert into cart (cart_product_quantity, product_no, uno) values (90, 37, 22);
insert into cart (cart_product_quantity, product_no, uno) values (51, 64, 65);
insert into cart (cart_product_quantity, product_no, uno) values (12, 61, 1);
insert into cart (cart_product_quantity, product_no, uno) values (10, 54, 56);
insert into cart (cart_product_quantity, product_no, uno) values (37, 76, 28);
insert into cart (cart_product_quantity, product_no, uno) values (92, 85, 99);
insert into cart (cart_product_quantity, product_no, uno) values (46, 16, 65);
insert into cart (cart_product_quantity, product_no, uno) values (24, 74, 65);
insert into cart (cart_product_quantity, product_no, uno) values (61, 51, 80);
insert into cart (cart_product_quantity, product_no, uno) values (42, 92, 18);
insert into cart (cart_product_quantity, product_no, uno) values (69, 37, 32);
insert into cart (cart_product_quantity, product_no, uno) values (45, 81, 25);
insert into cart (cart_product_quantity, product_no, uno) values (49, 35, 2);
insert into cart (cart_product_quantity, product_no, uno) values (11, 31, 48);
insert into cart (cart_product_quantity, product_no, uno) values (57, 79, 15);
insert into cart (cart_product_quantity, product_no, uno) values (42, 27, 59);
insert into cart (cart_product_quantity, product_no, uno) values (23, 23, 27);
insert into cart (cart_product_quantity, product_no, uno) values (22, 94, 65);
insert into cart (cart_product_quantity, product_no, uno) values (57, 51, 53);
insert into cart (cart_product_quantity, product_no, uno) values (8, 59, 80);
insert into cart (cart_product_quantity, product_no, uno) values (1, 9, 13);
insert into cart (cart_product_quantity, product_no, uno) values (50, 96, 34);
insert into cart (cart_product_quantity, product_no, uno) values (37, 1, 82);
insert into cart (cart_product_quantity, product_no, uno) values (70, 49, 6);
insert into cart (cart_product_quantity, product_no, uno) values (17, 12, 23);
insert into cart (cart_product_quantity, product_no, uno) values (70, 71, 9);
insert into cart (cart_product_quantity, product_no, uno) values (97, 95, 31);
insert into cart (cart_product_quantity, product_no, uno) values (63, 95, 22);
insert into cart (cart_product_quantity, product_no, uno) values (20, 51, 25);
insert into cart (cart_product_quantity, product_no, uno) values (83, 30, 30);
insert into cart (cart_product_quantity, product_no, uno) values (84, 74, 31);
insert into cart (cart_product_quantity, product_no, uno) values (36, 26, 12);
insert into cart (cart_product_quantity, product_no, uno) values (30, 19, 69);
insert into cart (cart_product_quantity, product_no, uno) values (43, 24, 73);
insert into cart (cart_product_quantity, product_no, uno) values (69, 49, 19);
insert into cart (cart_product_quantity, product_no, uno) values (77, 24, 45);
insert into cart (cart_product_quantity, product_no, uno) values (77, 25, 58);
insert into cart (cart_product_quantity, product_no, uno) values (56, 20, 96);
insert into cart (cart_product_quantity, product_no, uno) values (63, 4, 75);
insert into cart (cart_product_quantity, product_no, uno) values (31, 73, 41);
insert into cart (cart_product_quantity, product_no, uno) values (14, 30, 66);
insert into cart (cart_product_quantity, product_no, uno) values (87, 25, 56);
insert into cart (cart_product_quantity, product_no, uno) values (15, 2, 4);
insert into cart (cart_product_quantity, product_no, uno) values (90, 9, 18);
insert into cart (cart_product_quantity, product_no, uno) values (37, 70, 6);
insert into cart (cart_product_quantity, product_no, uno) values (77, 48, 92);
insert into cart (cart_product_quantity, product_no, uno) values (15, 24, 85);
insert into cart (cart_product_quantity, product_no, uno) values (71, 65, 100);
insert into cart (cart_product_quantity, product_no, uno) values (4, 94, 85);
insert into cart (cart_product_quantity, product_no, uno) values (29, 67, 36);
insert into cart (cart_product_quantity, product_no, uno) values (37, 53, 39);
insert into cart (cart_product_quantity, product_no, uno) values (58, 96, 53);
insert into cart (cart_product_quantity, product_no, uno) values (6, 17, 96);
insert into cart (cart_product_quantity, product_no, uno) values (44, 34, 36);
insert into cart (cart_product_quantity, product_no, uno) values (80, 67, 71);
insert into cart (cart_product_quantity, product_no, uno) values (44, 21, 95);
insert into cart (cart_product_quantity, product_no, uno) values (83, 62, 9);
insert into cart (cart_product_quantity, product_no, uno) values (69, 93, 73);
insert into cart (cart_product_quantity, product_no, uno) values (68, 40, 95);
insert into cart (cart_product_quantity, product_no, uno) values (73, 65, 49);
insert into cart (cart_product_quantity, product_no, uno) values (71, 50, 21);
insert into cart (cart_product_quantity, product_no, uno) values (95, 79, 25);
insert into cart (cart_product_quantity, product_no, uno) values (67, 26, 12);
insert into cart (cart_product_quantity, product_no, uno) values (67, 84, 55);
insert into cart (cart_product_quantity, product_no, uno) values (50, 76, 30);
insert into cart (cart_product_quantity, product_no, uno) values (74, 3, 89);
insert into cart (cart_product_quantity, product_no, uno) values (98, 24, 53);
insert into cart (cart_product_quantity, product_no, uno) values (89, 74, 70);
insert into cart (cart_product_quantity, product_no, uno) values (17, 52, 23);
insert into cart (cart_product_quantity, product_no, uno) values (65, 22, 34);
insert into cart (cart_product_quantity, product_no, uno) values (34, 15, 36);
insert into cart (cart_product_quantity, product_no, uno) values (10, 32, 15);
insert into cart (cart_product_quantity, product_no, uno) values (69, 40, 9);
insert into cart (cart_product_quantity, product_no, uno) values (51, 48, 64);
insert into cart (cart_product_quantity, product_no, uno) values (59, 74, 71);
insert into cart (cart_product_quantity, product_no, uno) values (20, 45, 75);
insert into cart (cart_product_quantity, product_no, uno) values (48, 82, 58);
insert into cart (cart_product_quantity, product_no, uno) values (98, 9, 20);
insert into cart (cart_product_quantity, product_no, uno) values (94, 60, 39);
insert into cart (cart_product_quantity, product_no, uno) values (1, 6, 99);
insert into cart (cart_product_quantity, product_no, uno) values (64, 86, 92);
insert into cart (cart_product_quantity, product_no, uno) values (18, 98, 60);
insert into cart (cart_product_quantity, product_no, uno) values (11, 44, 78);
insert into cart (cart_product_quantity, product_no, uno) values (64, 40, 96);
insert into cart (cart_product_quantity, product_no, uno) values (92, 82, 11);
insert into cart (cart_product_quantity, product_no, uno) values (49, 74, 46);
insert into cart (cart_product_quantity, product_no, uno) values (66, 76, 86);
insert into cart (cart_product_quantity, product_no, uno) values (80, 50, 56);
insert into cart (cart_product_quantity, product_no, uno) values (48, 56, 39);
insert into cart (cart_product_quantity, product_no, uno) values (6, 72, 99);
insert into cart (cart_product_quantity, product_no, uno) values (28, 88, 82);
insert into cart (cart_product_quantity, product_no, uno) values (98, 3, 7);
insert into cart (cart_product_quantity, product_no, uno) values (68, 25, 12);
insert into cart (cart_product_quantity, product_no, uno) values (23, 55, 82);
insert into cart (cart_product_quantity, product_no, uno) values (93, 40, 24);
insert into cart (cart_product_quantity, product_no, uno) values (79, 66, 13);
insert into cart (cart_product_quantity, product_no, uno) values (8, 49, 48);
insert into cart (cart_product_quantity, product_no, uno) values (77, 55, 10);
insert into cart (cart_product_quantity, product_no, uno) values (81, 6, 21);
insert into cart (cart_product_quantity, product_no, uno) values (92, 30, 56);
insert into cart (cart_product_quantity, product_no, uno) values (53, 40, 9);
insert into cart (cart_product_quantity, product_no, uno) values (32, 71, 22);
insert into cart (cart_product_quantity, product_no, uno) values (20, 37, 63);
insert into cart (cart_product_quantity, product_no, uno) values (16, 8, 81);
insert into cart (cart_product_quantity, product_no, uno) values (68, 43, 58);
insert into cart (cart_product_quantity, product_no, uno) values (55, 17, 74);
insert into cart (cart_product_quantity, product_no, uno) values (63, 37, 12);
insert into cart (cart_product_quantity, product_no, uno) values (17, 83, 75);
insert into cart (cart_product_quantity, product_no, uno) values (48, 54, 85);
insert into cart (cart_product_quantity, product_no, uno) values (48, 15, 42);
insert into cart (cart_product_quantity, product_no, uno) values (49, 93, 20);
insert into cart (cart_product_quantity, product_no, uno) values (70, 64, 10);
insert into cart (cart_product_quantity, product_no, uno) values (89, 52, 79);
insert into cart (cart_product_quantity, product_no, uno) values (27, 82, 36);
insert into cart (cart_product_quantity, product_no, uno) values (98, 4, 10);
insert into cart (cart_product_quantity, product_no, uno) values (58, 29, 15);
insert into cart (cart_product_quantity, product_no, uno) values (8, 43, 84);
insert into cart (cart_product_quantity, product_no, uno) values (90, 87, 6);
insert into cart (cart_product_quantity, product_no, uno) values (6, 93, 62);
insert into cart (cart_product_quantity, product_no, uno) values (72, 94, 76);
insert into cart (cart_product_quantity, product_no, uno) values (85, 57, 6);
insert into cart (cart_product_quantity, product_no, uno) values (49, 67, 4);
insert into cart (cart_product_quantity, product_no, uno) values (81, 69, 87);
insert into cart (cart_product_quantity, product_no, uno) values (32, 41, 41);
insert into cart (cart_product_quantity, product_no, uno) values (27, 52, 6);
insert into cart (cart_product_quantity, product_no, uno) values (39, 57, 82);
insert into cart (cart_product_quantity, product_no, uno) values (73, 92, 90);
insert into cart (cart_product_quantity, product_no, uno) values (6, 99, 9);
insert into cart (cart_product_quantity, product_no, uno) values (42, 54, 89);
insert into cart (cart_product_quantity, product_no, uno) values (64, 16, 54);
insert into cart (cart_product_quantity, product_no, uno) values (69, 92, 80);
insert into cart (cart_product_quantity, product_no, uno) values (34, 20, 77);
insert into cart (cart_product_quantity, product_no, uno) values (78, 36, 15);
insert into cart (cart_product_quantity, product_no, uno) values (71, 66, 13);
insert into cart (cart_product_quantity, product_no, uno) values (95, 26, 77);
insert into cart (cart_product_quantity, product_no, uno) values (13, 57, 12);
insert into cart (cart_product_quantity, product_no, uno) values (24, 99, 7);
insert into cart (cart_product_quantity, product_no, uno) values (3, 28, 11);
insert into cart (cart_product_quantity, product_no, uno) values (86, 55, 33);
insert into cart (cart_product_quantity, product_no, uno) values (49, 3, 24);
insert into cart (cart_product_quantity, product_no, uno) values (52, 87, 77);
insert into cart (cart_product_quantity, product_no, uno) values (70, 36, 21);
insert into cart (cart_product_quantity, product_no, uno) values (76, 36, 54);
insert into cart (cart_product_quantity, product_no, uno) values (25, 99, 6);
insert into cart (cart_product_quantity, product_no, uno) values (17, 23, 5);
insert into cart (cart_product_quantity, product_no, uno) values (62, 52, 89);
insert into cart (cart_product_quantity, product_no, uno) values (57, 87, 7);
insert into cart (cart_product_quantity, product_no, uno) values (2, 47, 69);
insert into cart (cart_product_quantity, product_no, uno) values (52, 88, 54);
insert into cart (cart_product_quantity, product_no, uno) values (20, 72, 99);
insert into cart (cart_product_quantity, product_no, uno) values (82, 22, 49);
insert into cart (cart_product_quantity, product_no, uno) values (19, 92, 49);
insert into cart (cart_product_quantity, product_no, uno) values (57, 3, 61);
insert into cart (cart_product_quantity, product_no, uno) values (42, 32, 70);
insert into cart (cart_product_quantity, product_no, uno) values (96, 44, 83);
insert into cart (cart_product_quantity, product_no, uno) values (62, 95, 84);
insert into cart (cart_product_quantity, product_no, uno) values (47, 42, 16);
insert into cart (cart_product_quantity, product_no, uno) values (33, 40, 48);
insert into cart (cart_product_quantity, product_no, uno) values (58, 38, 73);
insert into cart (cart_product_quantity, product_no, uno) values (67, 75, 20);
insert into cart (cart_product_quantity, product_no, uno) values (72, 33, 38);
insert into cart (cart_product_quantity, product_no, uno) values (5, 29, 64);
insert into cart (cart_product_quantity, product_no, uno) values (46, 76, 9);
insert into cart (cart_product_quantity, product_no, uno) values (76, 23, 92);
insert into cart (cart_product_quantity, product_no, uno) values (39, 57, 28);
insert into cart (cart_product_quantity, product_no, uno) values (92, 80, 91);
insert into cart (cart_product_quantity, product_no, uno) values (80, 86, 29);
insert into cart (cart_product_quantity, product_no, uno) values (27, 90, 23);
insert into cart (cart_product_quantity, product_no, uno) values (1, 22, 8);
insert into cart (cart_product_quantity, product_no, uno) values (88, 40, 43);
insert into cart (cart_product_quantity, product_no, uno) values (38, 48, 63);
insert into cart (cart_product_quantity, product_no, uno) values (27, 93, 15);
insert into cart (cart_product_quantity, product_no, uno) values (7, 32, 47);
insert into cart (cart_product_quantity, product_no, uno) values (60, 66, 54);
insert into cart (cart_product_quantity, product_no, uno) values (14, 97, 52);
insert into cart (cart_product_quantity, product_no, uno) values (52, 25, 51);
insert into cart (cart_product_quantity, product_no, uno) values (44, 99, 91);
insert into cart (cart_product_quantity, product_no, uno) values (97, 59, 67);
insert into cart (cart_product_quantity, product_no, uno) values (55, 73, 55);
insert into cart (cart_product_quantity, product_no, uno) values (73, 38, 24);
insert into cart (cart_product_quantity, product_no, uno) values (1, 55, 21);
insert into cart (cart_product_quantity, product_no, uno) values (70, 30, 2);
insert into cart (cart_product_quantity, product_no, uno) values (62, 8, 56);
insert into cart (cart_product_quantity, product_no, uno) values (22, 70, 6);
insert into cart (cart_product_quantity, product_no, uno) values (58, 59, 84);
insert into cart (cart_product_quantity, product_no, uno) values (96, 62, 88);
insert into cart (cart_product_quantity, product_no, uno) values (18, 72, 80);
insert into cart (cart_product_quantity, product_no, uno) values (86, 3, 83);
insert into cart (cart_product_quantity, product_no, uno) values (42, 50, 52);
insert into cart (cart_product_quantity, product_no, uno) values (67, 49, 63);
insert into cart (cart_product_quantity, product_no, uno) values (60, 43, 82);
insert into cart (cart_product_quantity, product_no, uno) values (32, 26, 44);
insert into cart (cart_product_quantity, product_no, uno) values (91, 40, 49);
insert into cart (cart_product_quantity, product_no, uno) values (74, 6, 72);
insert into cart (cart_product_quantity, product_no, uno) values (77, 55, 75);
insert into cart (cart_product_quantity, product_no, uno) values (85, 80, 86);
insert into cart (cart_product_quantity, product_no, uno) values (30, 26, 78);
insert into cart (cart_product_quantity, product_no, uno) values (52, 84, 39);
insert into cart (cart_product_quantity, product_no, uno) values (41, 63, 79);
insert into cart (cart_product_quantity, product_no, uno) values (5, 35, 48);
insert into cart (cart_product_quantity, product_no, uno) values (89, 85, 75);
insert into cart (cart_product_quantity, product_no, uno) values (63, 4, 4);
insert into cart (cart_product_quantity, product_no, uno) values (83, 39, 43);
insert into cart (cart_product_quantity, product_no, uno) values (97, 61, 85);
insert into cart (cart_product_quantity, product_no, uno) values (99, 49, 63);
insert into cart (cart_product_quantity, product_no, uno) values (9, 92, 82);
insert into cart (cart_product_quantity, product_no, uno) values (67, 15, 92);
insert into cart (cart_product_quantity, product_no, uno) values (1, 59, 9);
insert into cart (cart_product_quantity, product_no, uno) values (55, 63, 6);
insert into cart (cart_product_quantity, product_no, uno) values (27, 21, 58);
insert into cart (cart_product_quantity, product_no, uno) values (39, 72, 1);
insert into cart (cart_product_quantity, product_no, uno) values (69, 14, 7);
insert into cart (cart_product_quantity, product_no, uno) values (27, 92, 86);
insert into cart (cart_product_quantity, product_no, uno) values (45, 7, 82);
insert into cart (cart_product_quantity, product_no, uno) values (70, 2, 96);
insert into cart (cart_product_quantity, product_no, uno) values (27, 94, 11);
insert into cart (cart_product_quantity, product_no, uno) values (57, 21, 16);
insert into cart (cart_product_quantity, product_no, uno) values (34, 49, 8);
insert into cart (cart_product_quantity, product_no, uno) values (84, 82, 67);
insert into cart (cart_product_quantity, product_no, uno) values (79, 8, 36);
insert into cart (cart_product_quantity, product_no, uno) values (40, 31, 94);
insert into cart (cart_product_quantity, product_no, uno) values (88, 26, 17);
insert into cart (cart_product_quantity, product_no, uno) values (18, 99, 64);
insert into cart (cart_product_quantity, product_no, uno) values (46, 68, 2);
insert into cart (cart_product_quantity, product_no, uno) values (2, 20, 41);
insert into cart (cart_product_quantity, product_no, uno) values (23, 65, 73);
insert into cart (cart_product_quantity, product_no, uno) values (5, 58, 90);
insert into cart (cart_product_quantity, product_no, uno) values (11, 89, 83);
insert into cart (cart_product_quantity, product_no, uno) values (41, 39, 35);
insert into cart (cart_product_quantity, product_no, uno) values (22, 6, 93);
insert into cart (cart_product_quantity, product_no, uno) values (50, 27, 43);
insert into cart (cart_product_quantity, product_no, uno) values (93, 12, 75);
insert into cart (cart_product_quantity, product_no, uno) values (2, 3, 79);
insert into cart (cart_product_quantity, product_no, uno) values (38, 4, 45);
insert into cart (cart_product_quantity, product_no, uno) values (60, 97, 42);
insert into cart (cart_product_quantity, product_no, uno) values (1, 33, 19);
insert into cart (cart_product_quantity, product_no, uno) values (63, 90, 4);
insert into cart (cart_product_quantity, product_no, uno) values (63, 96, 65);
insert into cart (cart_product_quantity, product_no, uno) values (27, 22, 54);
insert into cart (cart_product_quantity, product_no, uno) values (94, 79, 27);
insert into cart (cart_product_quantity, product_no, uno) values (45, 46, 24);
insert into cart (cart_product_quantity, product_no, uno) values (77, 57, 66);
insert into cart (cart_product_quantity, product_no, uno) values (88, 54, 18);
insert into cart (cart_product_quantity, product_no, uno) values (67, 6, 84);
insert into cart (cart_product_quantity, product_no, uno) values (96, 58, 8);
insert into cart (cart_product_quantity, product_no, uno) values (11, 52, 5);
insert into cart (cart_product_quantity, product_no, uno) values (55, 28, 78);
insert into cart (cart_product_quantity, product_no, uno) values (94, 70, 40);
insert into cart (cart_product_quantity, product_no, uno) values (14, 55, 13);
insert into cart (cart_product_quantity, product_no, uno) values (42, 83, 96);
insert into cart (cart_product_quantity, product_no, uno) values (86, 2, 20);
insert into cart (cart_product_quantity, product_no, uno) values (66, 19, 37);
insert into cart (cart_product_quantity, product_no, uno) values (50, 67, 71);
insert into cart (cart_product_quantity, product_no, uno) values (41, 26, 88);
insert into cart (cart_product_quantity, product_no, uno) values (65, 38, 23);
insert into cart (cart_product_quantity, product_no, uno) values (50, 79, 34);
insert into cart (cart_product_quantity, product_no, uno) values (94, 48, 5);
insert into cart (cart_product_quantity, product_no, uno) values (98, 84, 33);
insert into cart (cart_product_quantity, product_no, uno) values (53, 46, 57);
insert into cart (cart_product_quantity, product_no, uno) values (43, 13, 69);
insert into cart (cart_product_quantity, product_no, uno) values (43, 44, 44);
insert into cart (cart_product_quantity, product_no, uno) values (1, 6, 92);
insert into cart (cart_product_quantity, product_no, uno) values (34, 73, 30);
insert into cart (cart_product_quantity, product_no, uno) values (27, 31, 45);
insert into cart (cart_product_quantity, product_no, uno) values (10, 69, 45);
insert into cart (cart_product_quantity, product_no, uno) values (54, 5, 23);
insert into cart (cart_product_quantity, product_no, uno) values (62, 87, 83);
insert into cart (cart_product_quantity, product_no, uno) values (94, 74, 10);
insert into cart (cart_product_quantity, product_no, uno) values (88, 27, 24);
insert into cart (cart_product_quantity, product_no, uno) values (2, 21, 28);
insert into cart (cart_product_quantity, product_no, uno) values (58, 80, 79);
insert into cart (cart_product_quantity, product_no, uno) values (15, 27, 56);
insert into cart (cart_product_quantity, product_no, uno) values (24, 49, 34);
insert into cart (cart_product_quantity, product_no, uno) values (51, 25, 57);
insert into cart (cart_product_quantity, product_no, uno) values (50, 68, 48);
insert into cart (cart_product_quantity, product_no, uno) values (25, 31, 52);
insert into cart (cart_product_quantity, product_no, uno) values (52, 95, 38);
insert into cart (cart_product_quantity, product_no, uno) values (16, 33, 63);
insert into cart (cart_product_quantity, product_no, uno) values (30, 67, 90);
insert into cart (cart_product_quantity, product_no, uno) values (7, 85, 51);
insert into cart (cart_product_quantity, product_no, uno) values (58, 87, 19);
insert into cart (cart_product_quantity, product_no, uno) values (46, 30, 35);
insert into cart (cart_product_quantity, product_no, uno) values (71, 17, 49);
insert into cart (cart_product_quantity, product_no, uno) values (78, 79, 45);
insert into cart (cart_product_quantity, product_no, uno) values (87, 26, 70);
insert into cart (cart_product_quantity, product_no, uno) values (66, 30, 51);
insert into cart (cart_product_quantity, product_no, uno) values (7, 71, 22);
insert into cart (cart_product_quantity, product_no, uno) values (4, 48, 95);
insert into cart (cart_product_quantity, product_no, uno) values (66, 79, 50);
insert into cart (cart_product_quantity, product_no, uno) values (89, 53, 29);
insert into cart (cart_product_quantity, product_no, uno) values (11, 41, 83);
insert into cart (cart_product_quantity, product_no, uno) values (51, 97, 100);
insert into cart (cart_product_quantity, product_no, uno) values (88, 28, 15);
insert into cart (cart_product_quantity, product_no, uno) values (73, 79, 5);
insert into cart (cart_product_quantity, product_no, uno) values (11, 90, 94);
insert into cart (cart_product_quantity, product_no, uno) values (61, 4, 18);
insert into cart (cart_product_quantity, product_no, uno) values (31, 46, 53);
insert into cart (cart_product_quantity, product_no, uno) values (50, 57, 43);
insert into cart (cart_product_quantity, product_no, uno) values (22, 97, 68);
insert into cart (cart_product_quantity, product_no, uno) values (50, 68, 6);
insert into cart (cart_product_quantity, product_no, uno) values (45, 42, 13);
insert into cart (cart_product_quantity, product_no, uno) values (87, 67, 37);
insert into cart (cart_product_quantity, product_no, uno) values (6, 54, 99);
insert into cart (cart_product_quantity, product_no, uno) values (25, 95, 34);
insert into cart (cart_product_quantity, product_no, uno) values (53, 76, 62);
insert into cart (cart_product_quantity, product_no, uno) values (67, 61, 4);
insert into cart (cart_product_quantity, product_no, uno) values (65, 37, 79);
insert into cart (cart_product_quantity, product_no, uno) values (59, 70, 75);
insert into cart (cart_product_quantity, product_no, uno) values (77, 24, 37);
insert into cart (cart_product_quantity, product_no, uno) values (9, 74, 79);
insert into cart (cart_product_quantity, product_no, uno) values (37, 64, 53);
insert into cart (cart_product_quantity, product_no, uno) values (84, 98, 54);
insert into cart (cart_product_quantity, product_no, uno) values (63, 95, 64);
insert into cart (cart_product_quantity, product_no, uno) values (63, 31, 85);
insert into cart (cart_product_quantity, product_no, uno) values (40, 44, 25);
insert into cart (cart_product_quantity, product_no, uno) values (95, 48, 68);
insert into cart (cart_product_quantity, product_no, uno) values (59, 68, 74);
insert into cart (cart_product_quantity, product_no, uno) values (42, 49, 25);
insert into cart (cart_product_quantity, product_no, uno) values (95, 18, 57);
insert into cart (cart_product_quantity, product_no, uno) values (49, 11, 34);
insert into cart (cart_product_quantity, product_no, uno) values (43, 52, 80);
insert into cart (cart_product_quantity, product_no, uno) values (30, 36, 93);
insert into cart (cart_product_quantity, product_no, uno) values (94, 46, 46);
insert into cart (cart_product_quantity, product_no, uno) values (9, 10, 50);
insert into cart (cart_product_quantity, product_no, uno) values (26, 66, 92);
insert into cart (cart_product_quantity, product_no, uno) values (29, 85, 58);
insert into cart (cart_product_quantity, product_no, uno) values (92, 10, 14);
insert into cart (cart_product_quantity, product_no, uno) values (53, 73, 86);
insert into cart (cart_product_quantity, product_no, uno) values (74, 52, 77);
insert into cart (cart_product_quantity, product_no, uno) values (74, 44, 69);
insert into cart (cart_product_quantity, product_no, uno) values (70, 57, 9);
insert into cart (cart_product_quantity, product_no, uno) values (80, 97, 42);
insert into cart (cart_product_quantity, product_no, uno) values (14, 37, 1);
insert into cart (cart_product_quantity, product_no, uno) values (27, 67, 36);
insert into cart (cart_product_quantity, product_no, uno) values (60, 22, 97);
insert into cart (cart_product_quantity, product_no, uno) values (18, 84, 77);
insert into cart (cart_product_quantity, product_no, uno) values (96, 10, 35);
insert into cart (cart_product_quantity, product_no, uno) values (17, 88, 80);
insert into cart (cart_product_quantity, product_no, uno) values (9, 97, 43);
insert into cart (cart_product_quantity, product_no, uno) values (91, 22, 29);
insert into cart (cart_product_quantity, product_no, uno) values (81, 20, 14);
insert into cart (cart_product_quantity, product_no, uno) values (55, 94, 9);
insert into cart (cart_product_quantity, product_no, uno) values (69, 52, 73);
insert into cart (cart_product_quantity, product_no, uno) values (79, 70, 41);
insert into cart (cart_product_quantity, product_no, uno) values (24, 92, 13);
insert into cart (cart_product_quantity, product_no, uno) values (39, 63, 27);
insert into cart (cart_product_quantity, product_no, uno) values (53, 51, 69);
insert into cart (cart_product_quantity, product_no, uno) values (74, 80, 94);
insert into cart (cart_product_quantity, product_no, uno) values (92, 10, 28);
insert into cart (cart_product_quantity, product_no, uno) values (29, 9, 46);
insert into cart (cart_product_quantity, product_no, uno) values (29, 2, 44);
insert into cart (cart_product_quantity, product_no, uno) values (12, 30, 10);
insert into cart (cart_product_quantity, product_no, uno) values (48, 99, 18);
insert into cart (cart_product_quantity, product_no, uno) values (1, 41, 54);
insert into cart (cart_product_quantity, product_no, uno) values (88, 1, 74);
insert into cart (cart_product_quantity, product_no, uno) values (32, 17, 96);
insert into cart (cart_product_quantity, product_no, uno) values (6, 71, 98);
insert into cart (cart_product_quantity, product_no, uno) values (75, 67, 75);
insert into cart (cart_product_quantity, product_no, uno) values (84, 81, 10);
insert into cart (cart_product_quantity, product_no, uno) values (79, 51, 44);
insert into cart (cart_product_quantity, product_no, uno) values (30, 94, 25);
insert into cart (cart_product_quantity, product_no, uno) values (20, 70, 100);
insert into cart (cart_product_quantity, product_no, uno) values (22, 47, 49);
insert into cart (cart_product_quantity, product_no, uno) values (37, 94, 83);
insert into cart (cart_product_quantity, product_no, uno) values (41, 29, 44);
insert into cart (cart_product_quantity, product_no, uno) values (6, 15, 67);
insert into cart (cart_product_quantity, product_no, uno) values (18, 32, 83);
insert into cart (cart_product_quantity, product_no, uno) values (89, 81, 99);
insert into cart (cart_product_quantity, product_no, uno) values (40, 79, 58);
insert into cart (cart_product_quantity, product_no, uno) values (73, 81, 9);
insert into cart (cart_product_quantity, product_no, uno) values (72, 1, 83);
insert into cart (cart_product_quantity, product_no, uno) values (70, 48, 92);
insert into cart (cart_product_quantity, product_no, uno) values (59, 24, 87);
insert into cart (cart_product_quantity, product_no, uno) values (54, 2, 13);
insert into cart (cart_product_quantity, product_no, uno) values (83, 5, 7);
insert into cart (cart_product_quantity, product_no, uno) values (64, 1, 4);
insert into cart (cart_product_quantity, product_no, uno) values (22, 38, 49);
insert into cart (cart_product_quantity, product_no, uno) values (71, 14, 76);
insert into cart (cart_product_quantity, product_no, uno) values (26, 83, 30);
insert into cart (cart_product_quantity, product_no, uno) values (2, 8, 23);
insert into cart (cart_product_quantity, product_no, uno) values (27, 70, 70);
insert into cart (cart_product_quantity, product_no, uno) values (62, 26, 55);
insert into cart (cart_product_quantity, product_no, uno) values (27, 39, 84);
insert into cart (cart_product_quantity, product_no, uno) values (20, 10, 58);
insert into cart (cart_product_quantity, product_no, uno) values (42, 19, 54);
insert into cart (cart_product_quantity, product_no, uno) values (85, 64, 19);
insert into cart (cart_product_quantity, product_no, uno) values (10, 75, 55);
insert into cart (cart_product_quantity, product_no, uno) values (35, 5, 5);
insert into cart (cart_product_quantity, product_no, uno) values (88, 100, 68);
insert into cart (cart_product_quantity, product_no, uno) values (99, 59, 51);
insert into cart (cart_product_quantity, product_no, uno) values (8, 93, 47);
insert into cart (cart_product_quantity, product_no, uno) values (84, 4, 94);
insert into cart (cart_product_quantity, product_no, uno) values (90, 33, 67);
insert into cart (cart_product_quantity, product_no, uno) values (74, 71, 78);
insert into cart (cart_product_quantity, product_no, uno) values (33, 18, 91);
insert into cart (cart_product_quantity, product_no, uno) values (61, 13, 64);
insert into cart (cart_product_quantity, product_no, uno) values (77, 13, 98);
insert into cart (cart_product_quantity, product_no, uno) values (27, 25, 64);
insert into cart (cart_product_quantity, product_no, uno) values (52, 78, 38);
insert into cart (cart_product_quantity, product_no, uno) values (44, 96, 98);
insert into cart (cart_product_quantity, product_no, uno) values (51, 5, 38);
insert into cart (cart_product_quantity, product_no, uno) values (79, 36, 100);
insert into cart (cart_product_quantity, product_no, uno) values (67, 43, 90);
insert into cart (cart_product_quantity, product_no, uno) values (7, 45, 42);
insert into cart (cart_product_quantity, product_no, uno) values (40, 1, 16);
insert into cart (cart_product_quantity, product_no, uno) values (44, 58, 77);
insert into cart (cart_product_quantity, product_no, uno) values (22, 24, 48);
insert into cart (cart_product_quantity, product_no, uno) values (12, 68, 42);
insert into cart (cart_product_quantity, product_no, uno) values (34, 87, 80);
insert into cart (cart_product_quantity, product_no, uno) values (41, 37, 66);
insert into cart (cart_product_quantity, product_no, uno) values (56, 55, 19);
insert into cart (cart_product_quantity, product_no, uno) values (1, 35, 67);
insert into cart (cart_product_quantity, product_no, uno) values (11, 100, 55);
insert into cart (cart_product_quantity, product_no, uno) values (39, 8, 52);
insert into cart (cart_product_quantity, product_no, uno) values (58, 57, 58);
insert into cart (cart_product_quantity, product_no, uno) values (26, 96, 52);
insert into cart (cart_product_quantity, product_no, uno) values (45, 100, 6);
insert into cart (cart_product_quantity, product_no, uno) values (38, 41, 94);
insert into cart (cart_product_quantity, product_no, uno) values (4, 44, 44);
insert into cart (cart_product_quantity, product_no, uno) values (98, 28, 94);
insert into cart (cart_product_quantity, product_no, uno) values (73, 37, 37);
insert into cart (cart_product_quantity, product_no, uno) values (55, 59, 23);
insert into cart (cart_product_quantity, product_no, uno) values (14, 13, 5);
insert into cart (cart_product_quantity, product_no, uno) values (55, 64, 87);
insert into cart (cart_product_quantity, product_no, uno) values (49, 50, 84);
insert into cart (cart_product_quantity, product_no, uno) values (66, 49, 26);
insert into cart (cart_product_quantity, product_no, uno) values (56, 80, 59);
insert into cart (cart_product_quantity, product_no, uno) values (19, 34, 19);
insert into cart (cart_product_quantity, product_no, uno) values (44, 4, 52);
insert into cart (cart_product_quantity, product_no, uno) values (33, 82, 6);
insert into cart (cart_product_quantity, product_no, uno) values (22, 34, 24);
insert into cart (cart_product_quantity, product_no, uno) values (44, 98, 36);
insert into cart (cart_product_quantity, product_no, uno) values (41, 2, 41);
insert into cart (cart_product_quantity, product_no, uno) values (95, 61, 24);
insert into cart (cart_product_quantity, product_no, uno) values (100, 17, 59);
insert into cart (cart_product_quantity, product_no, uno) values (55, 8, 71);
insert into cart (cart_product_quantity, product_no, uno) values (82, 61, 42);
insert into cart (cart_product_quantity, product_no, uno) values (43, 18, 50);
insert into cart (cart_product_quantity, product_no, uno) values (84, 92, 52);
insert into cart (cart_product_quantity, product_no, uno) values (2, 100, 64);
insert into cart (cart_product_quantity, product_no, uno) values (84, 56, 39);
insert into cart (cart_product_quantity, product_no, uno) values (70, 37, 46);
insert into cart (cart_product_quantity, product_no, uno) values (32, 62, 40);
insert into cart (cart_product_quantity, product_no, uno) values (93, 11, 52);
insert into cart (cart_product_quantity, product_no, uno) values (69, 63, 35);
insert into cart (cart_product_quantity, product_no, uno) values (52, 30, 30);
insert into cart (cart_product_quantity, product_no, uno) values (91, 75, 15);
insert into cart (cart_product_quantity, product_no, uno) values (46, 78, 3);
insert into cart (cart_product_quantity, product_no, uno) values (29, 33, 52);
insert into cart (cart_product_quantity, product_no, uno) values (93, 29, 19);
insert into cart (cart_product_quantity, product_no, uno) values (8, 92, 61);
insert into cart (cart_product_quantity, product_no, uno) values (67, 74, 11);
insert into cart (cart_product_quantity, product_no, uno) values (51, 34, 50);
insert into cart (cart_product_quantity, product_no, uno) values (50, 73, 79);
insert into cart (cart_product_quantity, product_no, uno) values (2, 92, 98);
insert into cart (cart_product_quantity, product_no, uno) values (69, 57, 49);
insert into cart (cart_product_quantity, product_no, uno) values (46, 44, 68);
insert into cart (cart_product_quantity, product_no, uno) values (87, 56, 16);
insert into cart (cart_product_quantity, product_no, uno) values (28, 54, 89);
insert into cart (cart_product_quantity, product_no, uno) values (20, 58, 74);
insert into cart (cart_product_quantity, product_no, uno) values (12, 63, 94);
insert into cart (cart_product_quantity, product_no, uno) values (79, 26, 6);
insert into cart (cart_product_quantity, product_no, uno) values (22, 1, 68);
insert into cart (cart_product_quantity, product_no, uno) values (82, 30, 35);
insert into cart (cart_product_quantity, product_no, uno) values (54, 77, 64);
insert into cart (cart_product_quantity, product_no, uno) values (6, 36, 36);
insert into cart (cart_product_quantity, product_no, uno) values (53, 24, 72);
insert into cart (cart_product_quantity, product_no, uno) values (75, 83, 95);
insert into cart (cart_product_quantity, product_no, uno) values (84, 67, 70);
insert into cart (cart_product_quantity, product_no, uno) values (91, 60, 36);
insert into cart (cart_product_quantity, product_no, uno) values (20, 23, 99);
insert into cart (cart_product_quantity, product_no, uno) values (10, 55, 7);
insert into cart (cart_product_quantity, product_no, uno) values (14, 10, 42);
insert into cart (cart_product_quantity, product_no, uno) values (41, 58, 74);
insert into cart (cart_product_quantity, product_no, uno) values (71, 8, 52);
insert into cart (cart_product_quantity, product_no, uno) values (42, 5, 88);
insert into cart (cart_product_quantity, product_no, uno) values (30, 22, 67);
insert into cart (cart_product_quantity, product_no, uno) values (22, 62, 12);
insert into cart (cart_product_quantity, product_no, uno) values (55, 17, 61);
insert into cart (cart_product_quantity, product_no, uno) values (27, 61, 39);
insert into cart (cart_product_quantity, product_no, uno) values (97, 45, 67);
insert into cart (cart_product_quantity, product_no, uno) values (40, 15, 14);
insert into cart (cart_product_quantity, product_no, uno) values (66, 55, 36);
insert into cart (cart_product_quantity, product_no, uno) values (1, 8, 32);
insert into cart (cart_product_quantity, product_no, uno) values (64, 64, 42);
insert into cart (cart_product_quantity, product_no, uno) values (46, 69, 8);
insert into cart (cart_product_quantity, product_no, uno) values (26, 10, 88);
insert into cart (cart_product_quantity, product_no, uno) values (37, 90, 44);
insert into cart (cart_product_quantity, product_no, uno) values (75, 90, 75);
insert into cart (cart_product_quantity, product_no, uno) values (1, 31, 51);
insert into cart (cart_product_quantity, product_no, uno) values (31, 62, 73);
insert into cart (cart_product_quantity, product_no, uno) values (83, 92, 15);
insert into cart (cart_product_quantity, product_no, uno) values (83, 65, 57);
insert into cart (cart_product_quantity, product_no, uno) values (66, 38, 25);
insert into cart (cart_product_quantity, product_no, uno) values (27, 41, 12);
insert into cart (cart_product_quantity, product_no, uno) values (19, 3, 55);
insert into cart (cart_product_quantity, product_no, uno) values (54, 47, 36);
insert into cart (cart_product_quantity, product_no, uno) values (47, 86, 35);
insert into cart (cart_product_quantity, product_no, uno) values (57, 100, 34);
insert into cart (cart_product_quantity, product_no, uno) values (15, 44, 14);
insert into cart (cart_product_quantity, product_no, uno) values (16, 22, 87);
insert into cart (cart_product_quantity, product_no, uno) values (20, 87, 42);
insert into cart (cart_product_quantity, product_no, uno) values (91, 95, 25);
insert into cart (cart_product_quantity, product_no, uno) values (95, 64, 3);
insert into cart (cart_product_quantity, product_no, uno) values (71, 84, 89);
insert into cart (cart_product_quantity, product_no, uno) values (64, 28, 85);
insert into cart (cart_product_quantity, product_no, uno) values (80, 28, 65);
insert into cart (cart_product_quantity, product_no, uno) values (43, 1, 90);
insert into cart (cart_product_quantity, product_no, uno) values (46, 74, 58);
insert into cart (cart_product_quantity, product_no, uno) values (19, 13, 94);
insert into cart (cart_product_quantity, product_no, uno) values (7, 7, 76);
insert into cart (cart_product_quantity, product_no, uno) values (71, 44, 16);
insert into cart (cart_product_quantity, product_no, uno) values (16, 34, 31);
insert into cart (cart_product_quantity, product_no, uno) values (17, 53, 46);
insert into cart (cart_product_quantity, product_no, uno) values (7, 24, 66);
insert into cart (cart_product_quantity, product_no, uno) values (17, 67, 58);
insert into cart (cart_product_quantity, product_no, uno) values (40, 70, 58);
insert into cart (cart_product_quantity, product_no, uno) values (35, 75, 35);
insert into cart (cart_product_quantity, product_no, uno) values (87, 68, 22);
insert into cart (cart_product_quantity, product_no, uno) values (15, 5, 37);
insert into cart (cart_product_quantity, product_no, uno) values (2, 67, 35);
insert into cart (cart_product_quantity, product_no, uno) values (45, 29, 93);
insert into cart (cart_product_quantity, product_no, uno) values (31, 59, 24);
insert into cart (cart_product_quantity, product_no, uno) values (100, 57, 10);
insert into cart (cart_product_quantity, product_no, uno) values (42, 21, 99);
insert into cart (cart_product_quantity, product_no, uno) values (80, 44, 33);
insert into cart (cart_product_quantity, product_no, uno) values (20, 40, 90);
insert into cart (cart_product_quantity, product_no, uno) values (55, 25, 76);
insert into cart (cart_product_quantity, product_no, uno) values (48, 81, 58);
insert into cart (cart_product_quantity, product_no, uno) values (18, 79, 63);
insert into cart (cart_product_quantity, product_no, uno) values (30, 93, 89);
insert into cart (cart_product_quantity, product_no, uno) values (25, 58, 35);
insert into cart (cart_product_quantity, product_no, uno) values (25, 23, 26);
insert into cart (cart_product_quantity, product_no, uno) values (26, 50, 18);
insert into cart (cart_product_quantity, product_no, uno) values (55, 78, 100);
insert into cart (cart_product_quantity, product_no, uno) values (2, 71, 44);
insert into cart (cart_product_quantity, product_no, uno) values (11, 61, 96);
insert into cart (cart_product_quantity, product_no, uno) values (91, 68, 5);
insert into cart (cart_product_quantity, product_no, uno) values (21, 5, 10);
insert into cart (cart_product_quantity, product_no, uno) values (46, 47, 60);
insert into cart (cart_product_quantity, product_no, uno) values (77, 16, 49);
insert into cart (cart_product_quantity, product_no, uno) values (49, 41, 58);
insert into cart (cart_product_quantity, product_no, uno) values (38, 54, 46);
insert into cart (cart_product_quantity, product_no, uno) values (58, 69, 68);
insert into cart (cart_product_quantity, product_no, uno) values (91, 80, 100);
insert into cart (cart_product_quantity, product_no, uno) values (22, 34, 60);
insert into cart (cart_product_quantity, product_no, uno) values (26, 55, 1);
insert into cart (cart_product_quantity, product_no, uno) values (77, 14, 63);
insert into cart (cart_product_quantity, product_no, uno) values (98, 98, 70);
insert into cart (cart_product_quantity, product_no, uno) values (38, 70, 79);
insert into cart (cart_product_quantity, product_no, uno) values (65, 96, 59);
insert into cart (cart_product_quantity, product_no, uno) values (84, 98, 27);
insert into cart (cart_product_quantity, product_no, uno) values (87, 27, 63);
insert into cart (cart_product_quantity, product_no, uno) values (17, 47, 60);
insert into cart (cart_product_quantity, product_no, uno) values (23, 17, 1);
insert into cart (cart_product_quantity, product_no, uno) values (67, 34, 55);
insert into cart (cart_product_quantity, product_no, uno) values (36, 30, 80);
insert into cart (cart_product_quantity, product_no, uno) values (24, 54, 59);
insert into cart (cart_product_quantity, product_no, uno) values (24, 52, 50);
insert into cart (cart_product_quantity, product_no, uno) values (43, 30, 44);
insert into cart (cart_product_quantity, product_no, uno) values (95, 24, 68);
insert into cart (cart_product_quantity, product_no, uno) values (58, 76, 28);
insert into cart (cart_product_quantity, product_no, uno) values (88, 67, 52);
insert into cart (cart_product_quantity, product_no, uno) values (60, 23, 98);
insert into cart (cart_product_quantity, product_no, uno) values (55, 76, 43);
insert into cart (cart_product_quantity, product_no, uno) values (7, 57, 34);
insert into cart (cart_product_quantity, product_no, uno) values (43, 60, 31);
insert into cart (cart_product_quantity, product_no, uno) values (94, 37, 74);
insert into cart (cart_product_quantity, product_no, uno) values (98, 31, 63);
insert into cart (cart_product_quantity, product_no, uno) values (51, 89, 84);
insert into cart (cart_product_quantity, product_no, uno) values (1, 54, 2);
insert into cart (cart_product_quantity, product_no, uno) values (65, 9, 24);
insert into cart (cart_product_quantity, product_no, uno) values (1, 1, 13);
insert into cart (cart_product_quantity, product_no, uno) values (66, 78, 87);
insert into cart (cart_product_quantity, product_no, uno) values (9, 6, 61);
insert into cart (cart_product_quantity, product_no, uno) values (29, 77, 18);
insert into cart (cart_product_quantity, product_no, uno) values (8, 48, 37);
insert into cart (cart_product_quantity, product_no, uno) values (93, 15, 27);
insert into cart (cart_product_quantity, product_no, uno) values (99, 33, 94);
insert into cart (cart_product_quantity, product_no, uno) values (86, 62, 23);
insert into cart (cart_product_quantity, product_no, uno) values (50, 32, 16);
insert into cart (cart_product_quantity, product_no, uno) values (2, 57, 1);
insert into cart (cart_product_quantity, product_no, uno) values (64, 20, 3);
insert into cart (cart_product_quantity, product_no, uno) values (79, 1, 47);
insert into cart (cart_product_quantity, product_no, uno) values (86, 19, 46);
insert into cart (cart_product_quantity, product_no, uno) values (94, 86, 54);
insert into cart (cart_product_quantity, product_no, uno) values (56, 67, 67);
insert into cart (cart_product_quantity, product_no, uno) values (93, 85, 93);
insert into cart (cart_product_quantity, product_no, uno) values (44, 29, 94);
insert into cart (cart_product_quantity, product_no, uno) values (94, 88, 26);
insert into cart (cart_product_quantity, product_no, uno) values (35, 23, 96);
insert into cart (cart_product_quantity, product_no, uno) values (53, 68, 90);
insert into cart (cart_product_quantity, product_no, uno) values (51, 5, 84);
insert into cart (cart_product_quantity, product_no, uno) values (45, 95, 35);
insert into cart (cart_product_quantity, product_no, uno) values (18, 62, 93);
insert into cart (cart_product_quantity, product_no, uno) values (40, 66, 30);
insert into cart (cart_product_quantity, product_no, uno) values (14, 43, 41);
insert into cart (cart_product_quantity, product_no, uno) values (35, 88, 63);
insert into cart (cart_product_quantity, product_no, uno) values (37, 89, 69);
insert into cart (cart_product_quantity, product_no, uno) values (17, 50, 38);
insert into cart (cart_product_quantity, product_no, uno) values (66, 41, 62);
insert into cart (cart_product_quantity, product_no, uno) values (38, 72, 72);
insert into cart (cart_product_quantity, product_no, uno) values (72, 22, 1);
insert into cart (cart_product_quantity, product_no, uno) values (59, 53, 20);
insert into cart (cart_product_quantity, product_no, uno) values (85, 42, 99);
insert into cart (cart_product_quantity, product_no, uno) values (19, 8, 19);
insert into cart (cart_product_quantity, product_no, uno) values (42, 11, 91);
insert into cart (cart_product_quantity, product_no, uno) values (94, 7, 76);
insert into cart (cart_product_quantity, product_no, uno) values (81, 88, 48);
insert into cart (cart_product_quantity, product_no, uno) values (28, 25, 79);
insert into cart (cart_product_quantity, product_no, uno) values (15, 6, 78);
insert into cart (cart_product_quantity, product_no, uno) values (71, 37, 22);
insert into cart (cart_product_quantity, product_no, uno) values (49, 55, 13);
insert into cart (cart_product_quantity, product_no, uno) values (57, 81, 78);
insert into cart (cart_product_quantity, product_no, uno) values (25, 35, 43);
insert into cart (cart_product_quantity, product_no, uno) values (2, 100, 6);
insert into cart (cart_product_quantity, product_no, uno) values (28, 63, 57);
insert into cart (cart_product_quantity, product_no, uno) values (31, 22, 65);
insert into cart (cart_product_quantity, product_no, uno) values (7, 70, 69);
insert into cart (cart_product_quantity, product_no, uno) values (32, 49, 96);
insert into cart (cart_product_quantity, product_no, uno) values (77, 65, 52);
insert into cart (cart_product_quantity, product_no, uno) values (36, 85, 36);
insert into cart (cart_product_quantity, product_no, uno) values (73, 58, 83);
insert into cart (cart_product_quantity, product_no, uno) values (13, 39, 17);
insert into cart (cart_product_quantity, product_no, uno) values (66, 44, 57);
insert into cart (cart_product_quantity, product_no, uno) values (32, 90, 74);
insert into cart (cart_product_quantity, product_no, uno) values (95, 67, 15);
insert into cart (cart_product_quantity, product_no, uno) values (17, 64, 26);
insert into cart (cart_product_quantity, product_no, uno) values (25, 89, 92);
insert into cart (cart_product_quantity, product_no, uno) values (3, 70, 59);
insert into cart (cart_product_quantity, product_no, uno) values (56, 70, 78);
insert into cart (cart_product_quantity, product_no, uno) values (49, 15, 31);
insert into cart (cart_product_quantity, product_no, uno) values (73, 20, 93);
insert into cart (cart_product_quantity, product_no, uno) values (72, 16, 55);
insert into cart (cart_product_quantity, product_no, uno) values (10, 96, 75);
insert into cart (cart_product_quantity, product_no, uno) values (34, 64, 23);
insert into cart (cart_product_quantity, product_no, uno) values (96, 5, 65);
insert into cart (cart_product_quantity, product_no, uno) values (65, 30, 2);
insert into cart (cart_product_quantity, product_no, uno) values (44, 35, 99);
insert into cart (cart_product_quantity, product_no, uno) values (32, 49, 97);
insert into cart (cart_product_quantity, product_no, uno) values (88, 79, 22);
insert into cart (cart_product_quantity, product_no, uno) values (50, 4, 14);
insert into cart (cart_product_quantity, product_no, uno) values (13, 14, 43);
insert into cart (cart_product_quantity, product_no, uno) values (53, 84, 77);
insert into cart (cart_product_quantity, product_no, uno) values (19, 58, 69);
insert into cart (cart_product_quantity, product_no, uno) values (12, 6, 62);
insert into cart (cart_product_quantity, product_no, uno) values (5, 44, 75);
insert into cart (cart_product_quantity, product_no, uno) values (93, 49, 60);
insert into cart (cart_product_quantity, product_no, uno) values (58, 45, 57);
insert into cart (cart_product_quantity, product_no, uno) values (4, 1, 91);
insert into cart (cart_product_quantity, product_no, uno) values (33, 86, 96);
insert into cart (cart_product_quantity, product_no, uno) values (82, 80, 11);
insert into cart (cart_product_quantity, product_no, uno) values (44, 97, 83);
insert into cart (cart_product_quantity, product_no, uno) values (65, 13, 96);
insert into cart (cart_product_quantity, product_no, uno) values (86, 57, 26);